crop,region,week_start,price,price_lag_1,price_lag_2,price_lag_3,price_lag_4,change_1w,change_2w,pct_change_1w,month,week_of_year,year,rolling_mean_4,rolling_std_4,target_price
beans,Arusha,2025-01-06,2700.0,2700.0,2700.0,2700.0,2600.0,0.0,0.0,0.0,1,2,2025,2675.0,50.000000000000036,2800.0
beans,Arusha,2025-01-13,2800.0,2700.0,2700.0,2700.0,2700.0,0.0,0.0,0.0,1,3,2025,2700.0,0.0,2700.0
beans,Arusha,2025-01-20,2700.0,2800.0,2700.0,2700.0,2700.0,100.0,0.0,3.7037037037037033,1,4,2025,2725.0,50.0,2800.0
beans,Arusha,2025-01-27,2800.0,2700.0,2800.0,2700.0,2700.0,-100.0,100.0,-3.571428571428571,1,5,2025,2725.0,50.0,2700.0
beans,Arusha,2025-02-03,2700.0,2800.0,2700.0,2800.0,2700.0,100.0,-100.0,3.7037037037037033,2,6,2025,2750.0,57.73502691896255,2700.0
beans,Arusha,2025-02-10,2700.0,2700.0,2800.0,2700.0,2800.0,-100.0,100.0,-3.571428571428571,2,7,2025,2750.0,57.73502691896255,2700.0
beans,Arusha,2025-02-17,2700.0,2700.0,2700.0,2800.0,2700.0,0.0,-100.0,0.0,2,8,2025,2725.0,50.0,2700.0
beans,Arusha,2025-02-24,2700.0,2700.0,2700.0,2700.0,2800.0,0.0,0.0,0.0,2,9,2025,2725.0,50.0,3200.0
beans,Arusha,2025-03-03,3200.0,2700.0,2700.0,2700.0,2700.0,0.0,0.0,0.0,3,10,2025,2700.0,0.0,2500.0
beans,Arusha,2025-03-17,,2500.0,3200.0,2700.0,2700.0,-700.0,500.0,-21.875,3,12,2025,2775.0,298.607881119482,2600.0
beans,Arusha,2025-04-21,2700.0,2700.0,2700.0,2800.0,2600.0,0.0,-100.0,0.0,4,17,2025,2700.0,81.64965809277223,2700.0
beans,Arusha,2025-04-28,2700.0,2700.0,2700.0,2700.0,2800.0,0.0,0.0,0.0,4,18,2025,2725.0,49.999999999999346,2800.0
beans,Arusha,2025-05-05,2800.0,2700.0,2700.0,2700.0,2700.0,0.0,0.0,0.0,5,19,2025,2700.0,0.0,2800.0
beans,Arusha,2025-05-12,2800.0,2800.0,2700.0,2700.0,2700.0,100.0,0.0,3.7037037037037033,5,20,2025,2725.0,50.0,2800.0
beans,Arusha,2025-05-19,2800.0,2800.0,2800.0,2700.0,2700.0,0.0,100.0,0.0,5,21,2025,2750.0,57.73502691896255,2800.0
beans,Arusha,2025-05-26,2800.0,2800.0,2800.0,2800.0,2700.0,0.0,0.0,0.0,5,22,2025,2775.0,50.0,2700.0
beans,Arusha,2025-06-02,2700.0,2800.0,2800.0,2800.0,2800.0,0.0,0.0,0.0,6,23,2025,2800.0,0.0,2600.0
beans,Arusha,2025-06-09,2600.0,2700.0,2800.0,2800.0,2800.0,-100.0,0.0,-3.571428571428571,6,24,2025,2775.0,50.0,2400.0
beans,Arusha,2025-06-16,2400.0,2600.0,2700.0,2800.0,2800.0,-100.0,-100.0,-3.7037037037037033,6,25,2025,2725.0,95.74271077563377,2300.0
beans,Arusha,2025-06-30,,2300.0,2400.0,2600.0,2700.0,-100.0,-200.0,-4.166666666666666,6,27,2025,2500.0,182.5741858350553,2100.0
beans,Arusha,2025-08-04,2100.0,2100.0,2100.0,2100.0,2100.0,0.0,0.0,0.0,8,32,2025,2100.0,0.0,2100.0
beans,Arusha,2025-08-11,2100.0,2100.0,2100.0,2100.0,2100.0,0.0,0.0,0.0,8,33,2025,2100.0,0.0,2200.0
beans,Arusha,2025-08-18,2200.0,2100.0,2100.0,2100.0,2100.0,0.0,0.0,0.0,8,34,2025,2100.0,0.0,2200.0
beans,Arusha,2025-08-25,2200.0,2200.0,2100.0,2100.0,2100.0,100.0,0.0,4.761904761904762,8,35,2025,2125.0,50.0,2100.0
beans,Arusha,2025-09-01,2100.0,2200.0,2200.0,2100.0,2100.0,0.0,100.0,0.0,9,36,2025,2150.0,57.73502691896255,2200.0
beans,Arusha,2025-09-08,2200.0,2100.0,2200.0,2200.0,2100.0,-100.0,0.0,-4.545454545454546,9,37,2025,2150.0,57.73502691896255,2100.0
beans,Arusha,2025-09-15,2100.0,2200.0,2100.0,2200.0,2200.0,100.0,-100.0,4.761904761904762,9,38,2025,2175.0,50.0,2100.0
beans,Arusha,2025-09-22,2100.0,2100.0,2200.0,2100.0,2200.0,-100.0,100.0,-4.545454545454546,9,39,2025,2150.0,57.73502691896255,2200.0
beans,Arusha,2025-09-29,2200.0,2100.0,2100.0,2200.0,2100.0,0.0,-100.0,0.0,9,40,2025,2125.0,50.0,2100.0
beans,Arusha,2025-10-06,2100.0,2200.0,2100.0,2100.0,2200.0,100.0,0.0,4.761904761904762,10,41,2025,2150.0,57.73502691896255,2100.0
beans,Arusha,2025-10-13,2100.0,2100.0,2200.0,2100.0,2100.0,-100.0,100.0,-4.545454545454546,10,42,2025,2125.0,50.0,2100.0
beans,Arusha,2025-10-27,,2100.0,2100.0,2100.0,2200.0,0.0,0.0,0.0,10,44,2025,2125.0,50.0,2100.0
beans,Arusha,2025-12-01,2100.0,2100.0,2000.0,2100.0,2100.0,100.0,-100.0,5.0,12,49,2025,2075.0,49.999999999999964,2200.0
beans,Arusha,2025-12-08,2200.0,2100.0,2100.0,2000.0,2100.0,0.0,100.0,0.0,12,50,2025,2075.0,49.999999999999964,2200.0
beans,Arusha,2025-12-22,,2200.0,2200.0,2100.0,2100.0,0.0,100.0,0.0,12,52,2025,2150.0,57.73502691896252,2300.0
beans,Arusha,2026-02-16,2100.0,2100.0,2100.0,2100.0,2100.0,0.0,0.0,0.0,2,8,2026,2100.0,0.0,2100.0
beans,Arusha,2026-02-23,2100.0,2100.0,2100.0,2100.0,2100.0,0.0,0.0,0.0,2,9,2026,2100.0,0.0,1600.0
beans,Arusha,2026-03-02,1600.0,2100.0,2100.0,2100.0,2100.0,0.0,0.0,0.0,3,10,2026,2100.0,0.0,1700.0
beans,Arusha,2026-03-09,1700.0,1600.0,2100.0,2100.0,2100.0,-500.0,0.0,-23.809523809523807,3,11,2026,1975.0,250.0,2500.0
beans,Arusha,2026-03-16,2500.0,1700.0,1600.0,2100.0,2100.0,100.0,-500.0,6.25,3,12,2026,1875.0,262.9955639676583,2000.0
beans,Arusha,2026-03-23,2000.0,2500.0,1700.0,1600.0,2100.0,800.0,100.0,47.05882352941176,3,13,2026,1975.0,411.2987559751022,2100.0
beans,Arusha,2026-03-30,2100.0,2000.0,2500.0,1700.0,1600.0,-500.0,800.0,-20.0,3,14,2026,1950.0,404.145188432738,2100.0
beans,Arusha,2026-04-06,2100.0,2100.0,2000.0,2500.0,1700.0,100.0,-500.0,5.0,4,15,2026,2075.0,330.40379335998347,2100.0
beans,Arusha,2026-04-13,2100.0,2100.0,2100.0,2000.0,2500.0,0.0,100.0,0.0,4,16,2026,2175.0,221.73557826083447,2100.0
beans,Arusha,2026-04-20,2100.0,2100.0,2100.0,2100.0,2000.0,0.0,0.0,0.0,4,17,2026,2075.0,49.99999999999969,2100.0
beans,Arusha,2026-04-27,2100.0,2100.0,2100.0,2100.0,2100.0,0.0,0.0,0.0,4,18,2026,2100.0,0.0,2100.0
beans,Arusha,2026-05-04,2100.0,2100.0,2100.0,2100.0,2100.0,0.0,0.0,0.0,5,19,2026,2100.0,0.0,2100.0
beans,Arusha,2026-05-11,2100.0,2100.0,2100.0,2100.0,2100.0,0.0,0.0,0.0,5,20,2026,2100.0,0.0,2100.0
beans,Arusha,2026-05-18,2100.0,2100.0,2100.0,2100.0,2100.0,0.0,0.0,0.0,5,21,2026,2100.0,0.0,2100.0
beans,Arusha,2026-05-25,2100.0,2100.0,2100.0,2100.0,2100.0,0.0,0.0,0.0,5,22,2026,2100.0,0.0,1900.0
beans,Arusha,2026-06-01,1900.0,2100.0,2100.0,2100.0,2100.0,0.0,0.0,0.0,6,23,2026,2100.0,0.0,1900.0
beans,Arusha,2026-06-08,1900.0,1900.0,2100.0,2100.0,2100.0,-200.0,0.0,-9.523809523809524,6,24,2026,2050.0,100.0,1900.0
beans,Arusha,2026-06-15,1900.0,1900.0,1900.0,2100.0,2100.0,0.0,-200.0,0.0,6,25,2026,2000.0,115.47005383792514,1900.0
beans,Dar es Salaam,2025-04-21,3500.0,3600.0,3300.0,3300.0,3400.0,300.0,0.0,9.090909090909092,4,17,2025,3400.0,141.42135623730945,3300.0
beans,Dar es Salaam,2025-04-28,3300.0,3500.0,3600.0,3300.0,3300.0,-100.0,300.0,-2.7777777777777777,4,18,2025,3425.0,149.99999999999994,3300.0
beans,Dar es Salaam,2025-05-05,3300.0,3300.0,3500.0,3600.0,3300.0,-200.0,-100.0,-5.714285714285714,5,19,2025,3425.0,149.99999999999994,3300.0
beans,Dar es Salaam,2025-05-12,3300.0,3300.0,3300.0,3500.0,3600.0,0.0,-200.0,0.0,5,20,2025,3425.0,149.99999999999994,3300.0
beans,Dar es Salaam,2025-05-19,3300.0,3300.0,3300.0,3300.0,3500.0,0.0,0.0,0.0,5,21,2025,3350.0,99.99999999999984,3300.0
beans,Dar es Salaam,2025-05-26,3300.0,3300.0,3300.0,3300.0,3300.0,0.0,0.0,0.0,5,22,2025,3300.0,0.0,3300.0
beans,Dar es Salaam,2025-06-02,3300.0,3300.0,3300.0,3300.0,3300.0,0.0,0.0,0.0,6,23,2025,3300.0,0.0,3300.0
beans,Dar es Salaam,2025-06-09,3300.0,3300.0,3300.0,3300.0,3300.0,0.0,0.0,0.0,6,24,2025,3300.0,0.0,3500.0
beans,Dar es Salaam,2025-06-16,3500.0,3300.0,3300.0,3300.0,3300.0,0.0,0.0,0.0,6,25,2025,3300.0,0.0,3400.0
beans,Dar es Salaam,2025-06-30,,3400.0,3500.0,3300.0,3300.0,-100.0,200.0,-2.857142857142857,6,27,2025,3375.0,95.74271077563382,3000.0
beans,Dar es Salaam,2025-09-08,2800.0,2800.0,3000.0,2900.0,2900.0,-200.0,100.0,-6.666666666666667,9,37,2025,2900.0,81.64965809277261,2500.0
beans,Dar es Salaam,2025-09-15,2500.0,2800.0,2800.0,3000.0,2900.0,0.0,-200.0,0.0,9,38,2025,2875.0,95.74271077563381,2600.0
beans,Dar es Salaam,2025-09-22,2600.0,2500.0,2800.0,2800.0,3000.0,-300.0,0.0,-10.714285714285714,9,39,2025,2775.0,206.15528128088297,2600.0
beans,Dar es Salaam,2025-09-29,2600.0,2600.0,2500.0,2800.0,2800.0,100.0,-300.0,4.0,9,40,2025,2675.0,149.99999999999994,2700.0
beans,Dar es Salaam,2025-10-13,,2700.0,2600.0,2600.0,2500.0,100.0,0.0,3.8461538461538463,10,42,2025,2600.0,81.64965809277251,2500.0
beans,Dar es Salaam,2025-12-01,,2900.0,2900.0,3000.0,3100.0,0.0,-100.0,0.0,12,49,2025,2975.0,95.74271077563402,3000.0
beans,Dar es Salaam,2026-02-16,2700.0,3200.0,2900.0,2800.0,2800.0,300.0,100.0,10.344827586206897,2,8,2026,2925.0,189.29694486000906,2700.0
beans,Dar es Salaam,2026-02-23,2700.0,2700.0,3200.0,2900.0,2800.0,-500.0,300.0,-15.625,2,9,2026,2900.0,216.02468994692865,2800.0
beans,Dar es Salaam,2026-03-02,2800.0,2700.0,2700.0,3200.0,2900.0,0.0,-500.0,0.0,3,10,2026,2875.0,236.29078131263037,2900.0
beans,Dar es Salaam,2026-03-09,2900.0,2800.0,2700.0,2700.0,3200.0,100.0,0.0,3.7037037037037033,3,11,2026,2850.0,238.0476142847616,2900.0
beans,Dar es Salaam,2026-03-16,2900.0,2900.0,2800.0,2700.0,2700.0,100.0,100.0,3.571428571428571,3,12,2026,2775.0,95.74271077563371,2900.0
beans,Dar es Salaam,2026-03-23,2900.0,2900.0,2900.0,2800.0,2700.0,0.0,100.0,0.0,3,13,2026,2825.0,95.74271077563371,2900.0
beans,Dar es Salaam,2026-03-30,2900.0,2900.0,2900.0,2900.0,2800.0,0.0,0.0,0.0,3,14,2026,2875.0,49.999999999999886,2800.0
beans,Dar es Salaam,2026-04-06,2800.0,2900.0,2900.0,2900.0,2900.0,0.0,0.0,0.0,4,15,2026,2900.0,0.0,2800.0
beans,Dar es Salaam,2026-04-13,2800.0,2800.0,2900.0,2900.0,2900.0,-100.0,0.0,-3.4482758620689653,4,16,2026,2875.0,50.0,2800.0
beans,Dar es Salaam,2026-04-20,2800.0,2800.0,2800.0,2900.0,2900.0,0.0,-100.0,0.0,4,17,2026,2850.0,57.73502691896255,2800.0
beans,Dar es Salaam,2026-04-27,2800.0,2800.0,2800.0,2800.0,2900.0,0.0,0.0,0.0,4,18,2026,2825.0,50.0,2900.0
beans,Dar es Salaam,2026-05-04,2900.0,2800.0,2800.0,2800.0,2800.0,0.0,0.0,0.0,5,19,2026,2800.0,0.0,2800.0
beans,Dar es Salaam,2026-05-18,,2800.0,2900.0,2800.0,2800.0,-100.0,100.0,-3.4482758620689653,5,21,2026,2825.0,50.0,2900.0
beans,Dodoma,2025-06-30,,2900.0,2800.0,2900.0,2900.0,100.0,-100.0,3.571428571428571,6,27,2025,2875.0,49.999999999999964,2600.0
beans,Dodoma,2025-09-08,,2300.0,2300.0,2600.0,2000.0,0.0,-300.0,0.0,9,37,2025,2300.0,244.94897427831782,2500.0
beans,Dodoma,2025-10-13,2400.0,2400.0,2400.0,2500.0,2500.0,0.0,-100.0,0.0,10,42,2025,2450.0,57.73502691896252,2400.0
beans,Dodoma,2025-10-27,,2400.0,2400.0,2400.0,2400.0,0.0,0.0,0.0,10,44,2025,2400.0,0.0,2600.0
beans,Dodoma,2025-12-22,,2500.0,2500.0,2700.0,2600.0,0.0,-200.0,0.0,12,52,2025,2575.0,95.74271077563381,2800.0
beans,Dodoma,2026-02-16,2000.0,2100.0,2100.0,2200.0,2200.0,0.0,-100.0,0.0,2,8,2026,2150.0,57.73502691896252,2100.0
beans,Dodoma,2026-02-23,2100.0,2000.0,2100.0,2100.0,2200.0,-100.0,0.0,-4.761904761904762,2,9,2026,2100.0,81.64965809277261,2000.0
beans,Dodoma,2026-03-02,2000.0,2100.0,2000.0,2100.0,2100.0,100.0,-100.0,5.0,3,10,2026,2075.0,49.999999999999964,2000.0
beans,Dodoma,2026-03-09,2000.0,2000.0,2100.0,2000.0,2100.0,-100.0,100.0,-4.761904761904762,3,11,2026,2050.0,57.73502691896252,2500.0
beans,Dodoma,2026-03-16,2500.0,2000.0,2000.0,2100.0,2000.0,0.0,-100.0,0.0,3,12,2026,2025.0,49.99999999999991,2000.0
beans,Dodoma,2026-03-23,2000.0,2500.0,2000.0,2000.0,2100.0,500.0,0.0,25.0,3,13,2026,2150.0,238.04761428476166,2100.0
beans,Dodoma,2026-03-30,2100.0,2000.0,2500.0,2000.0,2000.0,-500.0,500.0,-20.0,3,14,2026,2125.0,250.0,2100.0
beans,Dodoma,2026-04-06,2100.0,2100.0,2000.0,2500.0,2000.0,100.0,-500.0,5.0,4,15,2026,2150.0,238.04761428476166,2100.0
beans,Dodoma,2026-04-13,2100.0,2100.0,2100.0,2000.0,2500.0,0.0,100.0,0.0,4,16,2026,2175.0,221.7355782608345,2100.0
beans,Dodoma,2026-04-20,2100.0,2100.0,2100.0,2100.0,2000.0,0.0,0.0,0.0,4,17,2026,2075.0,49.999999999999886,2300.0
beans,Dodoma,2026-04-27,2300.0,2100.0,2100.0,2100.0,2100.0,0.0,0.0,0.0,4,18,2026,2100.0,0.0,2100.0
beans,Dodoma,2026-05-04,2100.0,2300.0,2100.0,2100.0,2100.0,200.0,0.0,9.523809523809524,5,19,2026,2150.0,100.0,2000.0
beans,Dodoma,2026-05-11,2000.0,2100.0,2300.0,2100.0,2100.0,-200.0,200.0,-8.695652173913043,5,20,2026,2150.0,100.0,2000.0
beans,Dodoma,2026-05-18,2000.0,2000.0,2100.0,2300.0,2100.0,-100.0,-200.0,-4.761904761904762,5,21,2026,2125.0,125.83057392117914,2100.0
beans,Dodoma,2026-05-25,2100.0,2000.0,2000.0,2100.0,2300.0,0.0,-100.0,0.0,5,22,2026,2100.0,141.4213562373095,2300.0
beans,Dodoma,2026-06-01,2300.0,2100.0,2000.0,2000.0,2100.0,100.0,0.0,5.0,6,23,2026,2050.0,57.73502691896254,2300.0
beans,Dodoma,2026-06-08,2300.0,2300.0,2100.0,2000.0,2000.0,200.0,100.0,9.523809523809524,6,24,2026,2100.0,141.4213562373095,2300.0
beans,Dodoma,2026-06-15,2300.0,2300.0,2300.0,2100.0,2000.0,0.0,200.0,0.0,6,25,2026,2175.0,149.99999999999997,2300.0
beans,Geita,2025-05-12,3100.0,3000.0,3100.0,2800.0,3100.0,-100.0,300.0,-3.225806451612903,5,20,2025,3000.0,141.42135623730942,3100.0
beans,Geita,2025-05-19,3100.0,3100.0,3000.0,3100.0,2800.0,100.0,-100.0,3.3333333333333335,5,21,2025,3000.0,141.42135623730942,3000.0
beans,Geita,2025-05-26,3000.0,3100.0,3100.0,3000.0,3100.0,0.0,100.0,0.0,5,22,2025,3075.0,49.99999999999991,2800.0
beans,Geita,2025-06-02,2800.0,3000.0,3100.0,3100.0,3000.0,-100.0,0.0,-3.225806451612903,6,23,2025,3050.0,57.73502691896246,2800.0
beans,Geita,2025-06-09,2800.0,2800.0,3000.0,3100.0,3100.0,-200.0,-100.0,-6.666666666666667,6,24,2025,3000.0,141.42135623730942,2800.0
beans,Geita,2025-06-16,2800.0,2800.0,2800.0,3000.0,3100.0,0.0,-200.0,0.0,6,25,2025,2925.0,149.9999999999999,3100.0
beans,Geita,2025-06-30,,3100.0,2800.0,2800.0,2800.0,300.0,0.0,10.714285714285714,6,27,2025,2875.0,150.0,3200.0
beans,Geita,2025-09-15,2400.0,3300.0,3300.0,3200.0,3300.0,0.0,100.0,0.0,9,38,2025,3275.0,49.999999999999844,3200.0
beans,Geita,2025-09-22,3200.0,2400.0,3300.0,3300.0,3200.0,-900.0,0.0,-27.27272727272727,9,39,2025,3050.0,435.88989435406734,3300.0
beans,Geita,2025-10-06,,3300.0,3200.0,2400.0,3300.0,100.0,800.0,3.125,10,41,2025,3050.0,435.88989435406734,3200.0
beans,Geita,2026-02-16,2200.0,2200.0,2200.0,2200.0,2200.0,0.0,0.0,0.0,2,8,2026,2200.0,0.0,2300.0
beans,Geita,2026-02-23,2300.0,2200.0,2200.0,2200.0,2200.0,0.0,0.0,0.0,2,9,2026,2200.0,0.0,2200.0
beans,Geita,2026-03-02,2200.0,2300.0,2200.0,2200.0,2200.0,100.0,0.0,4.545454545454546,3,10,2026,2225.0,50.0,2200.0
beans,Geita,2026-03-09,2200.0,2200.0,2300.0,2200.0,2200.0,-100.0,100.0,-4.3478260869565215,3,11,2026,2225.0,50.0,2200.0
beans,Geita,2026-03-16,2200.0,2200.0,2200.0,2300.0,2200.0,0.0,-100.0,0.0,3,12,2026,2225.0,50.0,2200.0
beans,Geita,2026-03-23,2200.0,2200.0,2200.0,2200.0,2300.0,0.0,0.0,0.0,3,13,2026,2225.0,50.0,2200.0
beans,Geita,2026-03-30,2200.0,2200.0,2200.0,2200.0,2200.0,0.0,0.0,0.0,3,14,2026,2200.0,0.0,2200.0
beans,Geita,2026-04-06,2200.0,2200.0,2200.0,2200.0,2200.0,0.0,0.0,0.0,4,15,2026,2200.0,0.0,2200.0
beans,Geita,2026-04-13,2200.0,2200.0,2200.0,2200.0,2200.0,0.0,0.0,0.0,4,16,2026,2200.0,0.0,2200.0
beans,Geita,2026-04-20,2200.0,2200.0,2200.0,2200.0,2200.0,0.0,0.0,0.0,4,17,2026,2200.0,0.0,2200.0
beans,Geita,2026-04-27,2200.0,2200.0,2200.0,2200.0,2200.0,0.0,0.0,0.0,4,18,2026,2200.0,0.0,2200.0
beans,Geita,2026-05-04,2200.0,2200.0,2200.0,2200.0,2200.0,0.0,0.0,0.0,5,19,2026,2200.0,0.0,2200.0
beans,Geita,2026-05-11,2200.0,2200.0,2200.0,2200.0,2200.0,0.0,0.0,0.0,5,20,2026,2200.0,0.0,2200.0
beans,Geita,2026-05-18,2200.0,2200.0,2200.0,2200.0,2200.0,0.0,0.0,0.0,5,21,2026,2200.0,0.0,2200.0
beans,Geita,2026-05-25,2200.0,2200.0,2200.0,2200.0,2200.0,0.0,0.0,0.0,5,22,2026,2200.0,0.0,2200.0
beans,Geita,2026-06-01,2200.0,2200.0,2200.0,2200.0,2200.0,0.0,0.0,0.0,6,23,2026,2200.0,0.0,2200.0
beans,Geita,2026-06-08,2200.0,2200.0,2200.0,2200.0,2200.0,0.0,0.0,0.0,6,24,2026,2200.0,0.0,2200.0
beans,Geita,2026-06-15,2200.0,2200.0,2200.0,2200.0,2200.0,0.0,0.0,0.0,6,25,2026,2200.0,0.0,2200.0
beans,Iringa,2024-12-30,3000.0,2900.0,2900.0,2900.0,2800.0,0.0,0.0,0.0,12,1,2024,2875.0,50.000000000000036,3000.0
beans,Iringa,2025-01-06,3000.0,3000.0,2900.0,2900.0,2900.0,100.0,0.0,3.4482758620689653,1,2,2025,2925.0,50.0,3000.0
beans,Iringa,2025-01-13,3000.0,3000.0,3000.0,2900.0,2900.0,0.0,100.0,0.0,1,3,2025,2950.0,57.73502691896255,2900.0
beans,Iringa,2025-01-20,2900.0,3000.0,3000.0,3000.0,2900.0,0.0,0.0,0.0,1,4,2025,2975.0,50.0,2900.0
beans,Iringa,2025-01-27,2900.0,2900.0,3000.0,3000.0,3000.0,-100.0,0.0,-3.3333333333333335,1,5,2025,2975.0,50.0,3000.0
beans,Iringa,2025-02-03,3000.0,2900.0,2900.0,3000.0,3000.0,0.0,-100.0,0.0,2,6,2025,2950.0,57.73502691896255,2900.0
beans,Iringa,2025-02-10,2900.0,3000.0,2900.0,2900.0,3000.0,100.0,0.0,3.4482758620689653,2,7,2025,2950.0,57.73502691896255,2900.0
beans,Iringa,2025-02-17,2900.0,2900.0,3000.0,2900.0,2900.0,-100.0,100.0,-3.3333333333333335,2,8,2025,2925.0,50.0,2900.0
beans,Iringa,2025-02-24,2900.0,2900.0,2900.0,3000.0,2900.0,0.0,-100.0,0.0,2,9,2025,2925.0,50.0,2900.0
beans,Iringa,2025-03-03,2900.0,2900.0,2900.0,2900.0,3000.0,0.0,0.0,0.0,3,10,2025,2925.0,50.0,2900.0
beans,Iringa,2025-03-17,,2900.0,2900.0,2900.0,2900.0,0.0,0.0,0.0,3,12,2025,2900.0,0.0,2800.0
beans,Iringa,2025-04-21,2900.0,2800.0,2800.0,2800.0,2800.0,0.0,0.0,0.0,4,17,2025,2800.0,0.0,2800.0
beans,Iringa,2025-04-28,2800.0,2900.0,2800.0,2800.0,2800.0,100.0,0.0,3.571428571428571,4,18,2025,2825.0,50.0,2700.0
beans,Iringa,2025-05-05,2700.0,2800.0,2900.0,2800.0,2800.0,-100.0,100.0,-3.4482758620689653,5,19,2025,2825.0,50.0,2800.0
beans,Iringa,2025-05-12,2800.0,2700.0,2800.0,2900.0,2800.0,-100.0,-100.0,-3.571428571428571,5,20,2025,2800.0,81.64965809277263,2700.0
beans,Iringa,2025-05-19,2700.0,2800.0,2700.0,2800.0,2900.0,100.0,-100.0,3.7037037037037033,5,21,2025,2800.0,81.64965809277263,2500.0
beans,Iringa,2025-05-26,2500.0,2700.0,2800.0,2700.0,2800.0,-100.0,100.0,-3.571428571428571,5,22,2025,2750.0,57.73502691896255,2800.0
beans,Iringa,2025-06-02,2800.0,2500.0,2700.0,2800.0,2700.0,-200.0,-100.0,-7.4074074074074066,6,23,2025,2675.0,125.8305739211792,2700.0
beans,Iringa,2025-06-09,2700.0,2800.0,2500.0,2700.0,2800.0,300.0,-200.0,12.0,6,24,2025,2700.0,141.42135623730954,2800.0
beans,Iringa,2025-06-16,2800.0,2700.0,2800.0,2500.0,2700.0,-100.0,300.0,-3.571428571428571,6,25,2025,2675.0,125.8305739211792,2700.0
beans,Iringa,2025-06-30,,2700.0,2800.0,2700.0,2800.0,-100.0,100.0,-3.571428571428571,6,27,2025,2750.0,57.73502691896275,2500.0
beans,Iringa,2025-09-01,2500.0,2500.0,2500.0,2500.0,2500.0,0.0,0.0,0.0,9,36,2025,2500.0,0.0,2400.0
beans,Iringa,2025-09-08,2400.0,2500.0,2500.0,2500.0,2500.0,0.0,0.0,0.0,9,37,2025,2500.0,0.0,2400.0
beans,Iringa,2025-09-15,2400.0,2400.0,2500.0,2500.0,2500.0,-100.0,0.0,-4.0,9,38,2025,2475.0,50.0,2400.0
beans,Iringa,2025-09-22,2400.0,2400.0,2400.0,2500.0,2500.0,0.0,-100.0,0.0,9,39,2025,2450.0,57.73502691896255,2400.0
beans,Iringa,2025-09-29,2400.0,2400.0,2400.0,2400.0,2500.0,0.0,0.0,0.0,9,40,2025,2425.0,50.0,2400.0
beans,Iringa,2025-10-13,,2400.0,2400.0,2400.0,2400.0,0.0,0.0,0.0,10,42,2025,2400.0,0.0,2400.0
beans,Iringa,2026-02-16,2400.0,2400.0,2400.0,2400.0,2400.0,0.0,0.0,0.0,2,8,2026,2400.0,0.0,2400.0
beans,Iringa,2026-02-23,2400.0,2400.0,2400.0,2400.0,2400.0,0.0,0.0,0.0,2,9,2026,2400.0,0.0,2400.0
beans,Iringa,2026-03-02,2400.0,2400.0,2400.0,2400.0,2400.0,0.0,0.0,0.0,3,10,2026,2400.0,0.0,2200.0
beans,Iringa,2026-03-09,2200.0,2400.0,2400.0,2400.0,2400.0,0.0,0.0,0.0,3,11,2026,2400.0,0.0,2300.0
beans,Iringa,2026-03-16,2300.0,2200.0,2400.0,2400.0,2400.0,-200.0,0.0,-8.333333333333332,3,12,2026,2350.0,100.0,2400.0
beans,Iringa,2026-03-23,2400.0,2300.0,2200.0,2400.0,2400.0,100.0,-200.0,4.545454545454546,3,13,2026,2325.0,95.74271077563382,2400.0
beans,Iringa,2026-03-30,2400.0,2400.0,2300.0,2200.0,2400.0,100.0,100.0,4.3478260869565215,3,14,2026,2325.0,95.74271077563382,2400.0
beans,Iringa,2026-04-06,2400.0,2400.0,2400.0,2300.0,2200.0,0.0,100.0,0.0,4,15,2026,2325.0,95.74271077563382,2300.0
beans,Iringa,2026-04-13,2300.0,2400.0,2400.0,2400.0,2300.0,0.0,0.0,0.0,4,16,2026,2375.0,50.000000000000114,2200.0
beans,Iringa,2026-04-20,2200.0,2300.0,2400.0,2400.0,2400.0,-100.0,0.0,-4.166666666666666,4,17,2026,2375.0,50.0,2300.0
beans,Iringa,2026-04-27,2300.0,2200.0,2300.0,2400.0,2400.0,-100.0,-100.0,-4.3478260869565215,4,18,2026,2325.0,95.74271077563377,2400.0
beans,Iringa,2026-05-04,2400.0,2300.0,2200.0,2300.0,2400.0,100.0,-100.0,4.545454545454546,5,19,2026,2300.0,81.64965809277255,2400.0
beans,Iringa,2026-05-11,2400.0,2400.0,2300.0,2200.0,2300.0,100.0,100.0,4.3478260869565215,5,20,2026,2300.0,81.64965809277255,2400.0
beans,Iringa,2026-05-18,2400.0,2400.0,2400.0,2300.0,2200.0,0.0,100.0,0.0,5,21,2026,2325.0,95.74271077563377,2400.0
beans,Iringa,2026-05-25,2400.0,2400.0,2400.0,2400.0,2300.0,0.0,0.0,0.0,5,22,2026,2375.0,50.00000000000001,2200.0
beans,Iringa,2026-06-01,2200.0,2400.0,2400.0,2400.0,2400.0,0.0,0.0,0.0,6,23,2026,2400.0,0.0,2200.0
beans,Iringa,2026-06-08,2200.0,2200.0,2400.0,2400.0,2400.0,-200.0,0.0,-8.333333333333332,6,24,2026,2350.0,100.0,2200.0
beans,Iringa,2026-06-15,2200.0,2200.0,2200.0,2400.0,2400.0,0.0,-200.0,0.0,6,25,2026,2300.0,115.47005383792519,2200.0
beans,Kagera,2024-12-30,2300.0,2200.0,2200.0,2100.0,2100.0,0.0,100.0,0.0,12,1,2024,2150.0,57.73502691896252,2500.0
beans,Kagera,2025-01-06,2500.0,2300.0,2200.0,2200.0,2100.0,100.0,0.0,4.545454545454546,1,2,2025,2200.0,81.64965809277261,2800.0
beans,Kagera,2025-01-13,2800.0,2500.0,2300.0,2200.0,2200.0,200.0,100.0,8.695652173913043,1,3,2025,2300.0,141.42135623730945,2600.0
beans,Kagera,2025-01-20,2600.0,2800.0,2500.0,2300.0,2200.0,300.0,200.0,12.0,1,4,2025,2450.0,264.57513110645897,2300.0
beans,Kagera,2025-01-27,2300.0,2600.0,2800.0,2500.0,2300.0,-200.0,300.0,-7.142857142857142,1,5,2025,2550.0,208.16659994661313,2200.0
beans,Kagera,2025-02-03,2200.0,2300.0,2600.0,2800.0,2500.0,-300.0,-200.0,-11.538461538461538,2,6,2025,2550.0,208.16659994661313,2200.0
beans,Kagera,2025-02-10,2200.0,2200.0,2300.0,2600.0,2800.0,-100.0,-300.0,-4.3478260869565215,2,7,2025,2475.0,275.378527364305,2500.0
beans,Kagera,2025-02-24,,2500.0,2200.0,2200.0,2300.0,300.0,0.0,13.636363636363635,2,9,2025,2300.0,141.4213562373092,2200.0
beans,Kagera,2025-04-21,2300.0,2300.0,2300.0,2300.0,2200.0,0.0,0.0,0.0,4,17,2025,2275.0,49.99999999999936,2300.0
beans,Kagera,2025-04-28,2300.0,2300.0,2300.0,2300.0,2300.0,0.0,0.0,0.0,4,18,2025,2300.0,0.0,2400.0
beans,Kagera,2025-05-05,2400.0,2300.0,2300.0,2300.0,2300.0,0.0,0.0,0.0,5,19,2025,2300.0,0.0,2300.0
beans,Kagera,2025-05-12,2300.0,2400.0,2300.0,2300.0,2300.0,100.0,0.0,4.3478260869565215,5,20,2025,2325.0,50.0,2500.0
beans,Kagera,2025-05-19,2500.0,2300.0,2400.0,2300.0,2300.0,-100.0,100.0,-4.166666666666666,5,21,2025,2325.0,50.0,2400.0
beans,Kagera,2025-05-26,2400.0,2500.0,2300.0,2400.0,2300.0,200.0,-100.0,8.695652173913043,5,22,2025,2375.0,95.74271077563377,2300.0
beans,Kagera,2025-06-02,2300.0,2400.0,2500.0,2300.0,2400.0,-100.0,200.0,-4.0,6,23,2025,2400.0,81.64965809277255,2300.0
beans,Kagera,2025-06-09,2300.0,2300.0,2400.0,2500.0,2300.0,-100.0,-100.0,-4.166666666666666,6,24,2025,2375.0,95.74271077563377,2300.0
beans,Kagera,2025-06-16,2300.0,2300.0,2300.0,2400.0,2500.0,0.0,-100.0,0.0,6,25,2025,2375.0,95.74271077563377,2200.0
beans,Kagera,2025-06-30,,2200.0,2300.0,2300.0,2300.0,-100.0,0.0,-4.3478260869565215,6,27,2025,2275.0,50.0,2200.0
beans,Kagera,2025-08-25,2200.0,2200.0,1900.0,2100.0,2100.0,300.0,-200.0,15.789473684210526,8,35,2025,2075.0,125.83057392117915,2200.0
beans,Kagera,2025-09-01,2200.0,2200.0,2200.0,1900.0,2100.0,0.0,300.0,0.0,9,36,2025,2100.0,141.4213562373095,2200.0
beans,Kagera,2025-09-08,2200.0,2200.0,2200.0,2200.0,1900.0,0.0,0.0,0.0,9,37,2025,2125.0,150.0,2200.0
beans,Kagera,2025-09-15,2200.0,2200.0,2200.0,2200.0,2200.0,0.0,0.0,0.0,9,38,2025,2200.0,0.0,2200.0
beans,Kagera,2025-09-22,2200.0,2200.0,2200.0,2200.0,2200.0,0.0,0.0,0.0,9,39,2025,2200.0,0.0,2100.0
beans,Kagera,2025-09-29,2100.0,2200.0,2200.0,2200.0,2200.0,0.0,0.0,0.0,9,40,2025,2200.0,0.0,2200.0
beans,Kagera,2025-10-06,2200.0,2100.0,2200.0,2200.0,2200.0,-100.0,0.0,-4.545454545454546,10,41,2025,2175.0,50.0,1900.0
beans,Kagera,2025-10-13,1900.0,2200.0,2100.0,2200.0,2200.0,100.0,-100.0,4.761904761904762,10,42,2025,2175.0,50.0,2200.0
beans,Kagera,2025-10-27,,2200.0,1900.0,2200.0,2100.0,300.0,-300.0,15.789473684210526,10,44,2025,2100.0,141.42135623730945,2200.0
beans,Kagera,2025-12-01,2200.0,2200.0,2200.0,2200.0,2200.0,0.0,0.0,0.0,12,49,2025,2200.0,0.0,2200.0
beans,Kagera,2025-12-08,2200.0,2200.0,2200.0,2200.0,2200.0,0.0,0.0,0.0,12,50,2025,2200.0,0.0,2200.0
beans,Kagera,2025-12-22,,2200.0,2200.0,2200.0,2200.0,0.0,0.0,0.0,12,52,2025,2200.0,0.0,2200.0
beans,Kagera,2026-02-16,1900.0,2000.0,2000.0,2000.0,2000.0,0.0,0.0,0.0,2,8,2026,2000.0,0.0,1900.0
beans,Kagera,2026-02-23,1900.0,1900.0,2000.0,2000.0,2000.0,-100.0,0.0,-5.0,2,9,2026,1975.0,50.0,1900.0
beans,Kagera,2026-03-02,1900.0,1900.0,1900.0,2000.0,2000.0,0.0,-100.0,0.0,3,10,2026,1950.0,57.735026918962596,1900.0
beans,Kagera,2026-03-09,1900.0,1900.0,1900.0,1900.0,2000.0,0.0,0.0,0.0,3,11,2026,1925.0,49.99999999999999,2000.0
beans,Kagera,2026-03-16,2000.0,1900.0,1900.0,1900.0,1900.0,0.0,0.0,0.0,3,12,2026,1900.0,0.0,2000.0
beans,Kagera,2026-03-23,2000.0,2000.0,1900.0,1900.0,1900.0,100.0,0.0,5.263157894736842,3,13,2026,1925.0,50.0,1900.0
beans,Kagera,2026-03-30,1900.0,2000.0,2000.0,1900.0,1900.0,0.0,100.0,0.0,3,14,2026,1950.0,57.735026918962596,2000.0
beans,Kagera,2026-04-06,2000.0,1900.0,2000.0,2000.0,1900.0,-100.0,0.0,-5.0,4,15,2026,1950.0,57.735026918962596,2100.0
beans,Kagera,2026-04-13,2100.0,2000.0,1900.0,2000.0,2000.0,100.0,-100.0,5.263157894736842,4,16,2026,1975.0,49.99999999999999,2000.0
beans,Kagera,2026-04-20,2000.0,2100.0,2000.0,1900.0,2000.0,100.0,100.0,5.0,4,17,2026,2000.0,81.64965809277258,2100.0
beans,Kagera,2026-04-27,2100.0,2000.0,2100.0,2000.0,1900.0,-100.0,100.0,-4.761904761904762,4,18,2026,2000.0,81.64965809277258,2000.0
beans,Kagera,2026-05-04,2000.0,2100.0,2000.0,2100.0,2000.0,100.0,-100.0,5.0,5,19,2026,2050.0,57.735026918962596,1900.0
beans,Kagera,2026-05-11,1900.0,2000.0,2100.0,2000.0,2100.0,-100.0,100.0,-4.761904761904762,5,20,2026,2050.0,57.735026918962596,1900.0
beans,Kagera,2026-05-18,1900.0,1900.0,2000.0,2100.0,2000.0,-100.0,-100.0,-5.0,5,21,2026,2000.0,81.64965809277258,1900.0
beans,Kagera,2026-05-25,1900.0,1900.0,1900.0,2000.0,2100.0,0.0,-100.0,0.0,5,22,2026,1975.0,95.7427107756338,1900.0
beans,Kagera,2026-06-01,1900.0,1900.0,1900.0,1900.0,2000.0,0.0,0.0,0.0,6,23,2026,1925.0,49.999999999999936,1800.0
beans,Kagera,2026-06-08,1800.0,1900.0,1900.0,1900.0,1900.0,0.0,0.0,0.0,6,24,2026,1900.0,0.0,2000.0
beans,Kagera,2026-06-15,2000.0,1800.0,1900.0,1900.0,1900.0,-100.0,0.0,-5.263157894736842,6,25,2026,1875.0,50.0,1800.0
beans,Katavi,2025-04-21,2700.0,2600.0,2500.0,3100.0,2600.0,100.0,-600.0,4.0,4,17,2025,2700.0,270.80128015453204,2600.0
beans,Katavi,2025-09-15,2200.0,2600.0,2600.0,2500.0,2700.0,0.0,100.0,0.0,9,38,2025,2600.0,81.64965809277261,2300.0
beans,Kigoma,2025-04-21,2600.0,2600.0,2500.0,2700.0,2700.0,100.0,-200.0,4.0,4,17,2025,2625.0,95.74271077563387,2700.0
beans,Kigoma,2025-04-28,2700.0,2600.0,2600.0,2500.0,2700.0,0.0,100.0,0.0,4,18,2025,2600.0,81.64965809277267,2800.0
beans,Kigoma,2025-05-05,2800.0,2700.0,2600.0,2600.0,2500.0,100.0,0.0,3.8461538461538463,5,19,2025,2600.0,81.64965809277267,2800.0
beans,Kigoma,2025-09-22,1900.0,1800.0,2000.0,2000.0,1900.0,-200.0,0.0,-10.0,9,39,2025,1925.0,95.74271077563382,1700.0
beans,Kigoma,2025-09-29,1700.0,1900.0,1800.0,2000.0,2000.0,100.0,-200.0,5.555555555555555,9,40,2025,1925.0,95.74271077563382,2400.0
beans,Kigoma,2025-10-06,2400.0,1700.0,1900.0,1800.0,2000.0,-200.0,100.0,-10.526315789473683,10,41,2025,1850.0,129.09944487358058,1700.0
beans,Kigoma,2025-10-13,1700.0,2400.0,1700.0,1900.0,1800.0,700.0,-200.0,41.17647058823529,10,42,2025,1950.0,310.9126351029605,1800.0
beans,Kigoma,2025-12-08,2200.0,2200.0,1900.0,2100.0,1900.0,300.0,-200.0,15.789473684210526,12,50,2025,2025.0,150.0,2000.0
beans,Kigoma,2025-12-22,,2000.0,2200.0,2200.0,1900.0,-200.0,0.0,-9.090909090909092,12,52,2025,2075.0,150.00000000000003,1700.0
beans,Kigoma,2026-03-02,1600.0,1700.0,1700.0,1700.0,1700.0,0.0,0.0,0.0,3,10,2026,1700.0,0.0,1500.0
beans,Kigoma,2026-03-09,1500.0,1600.0,1700.0,1700.0,1700.0,-100.0,0.0,-5.88235294117647,3,11,2026,1675.0,50.0,1600.0
beans,Kigoma,2026-03-16,1600.0,1500.0,1600.0,1700.0,1700.0,-100.0,-100.0,-6.25,3,12,2026,1625.0,95.74271077563382,1400.0
beans,Kigoma,2026-03-23,1400.0,1600.0,1500.0,1600.0,1700.0,100.0,-100.0,6.666666666666667,3,13,2026,1600.0,81.64965809277263,1700.0
beans,Kigoma,2026-03-30,1700.0,1400.0,1600.0,1500.0,1600.0,-200.0,100.0,-12.5,3,14,2026,1525.0,95.74271077563387,1700.0
beans,Kigoma,2026-04-06,1700.0,1700.0,1400.0,1600.0,1500.0,300.0,-200.0,21.428571428571427,4,15,2026,1550.0,129.0994448735806,1700.0
beans,Kigoma,2026-04-13,1700.0,1700.0,1700.0,1400.0,1600.0,0.0,300.0,0.0,4,16,2026,1600.0,141.4213562373095,1800.0
beans,Kigoma,2026-04-20,1800.0,1700.0,1700.0,1700.0,1400.0,0.0,0.0,0.0,4,17,2026,1625.0,150.0,1700.0
beans,Kigoma,2026-04-27,1700.0,1800.0,1700.0,1700.0,1700.0,100.0,0.0,5.88235294117647,4,18,2026,1725.0,50.0,1900.0
beans,Kigoma,2026-05-04,1900.0,1700.0,1800.0,1700.0,1700.0,-100.0,100.0,-5.555555555555555,5,19,2026,1725.0,50.0,2100.0
beans,Kigoma,2026-05-11,2100.0,1900.0,1700.0,1800.0,1700.0,200.0,-100.0,11.76470588235294,5,20,2026,1775.0,95.74271077563382,2200.0
beans,Kigoma,2026-05-18,2200.0,2100.0,1900.0,1700.0,1800.0,200.0,200.0,10.526315789473683,5,21,2026,1875.0,170.78251276599332,1300.0
beans,Lindi,2025-04-21,3100.0,3100.0,3100.0,3000.0,3100.0,0.0,100.0,0.0,4,17,2025,3075.0,50.000000000000036,3100.0
beans,Lindi,2025-04-28,3100.0,3100.0,3100.0,3100.0,3000.0,0.0,0.0,0.0,4,18,2025,3075.0,50.000000000000036,3000.0
beans,Lindi,2025-05-05,3000.0,3100.0,3100.0,3100.0,3100.0,0.0,0.0,0.0,5,19,2025,3100.0,0.0,3000.0
beans,Lindi,2025-05-12,3000.0,3000.0,3100.0,3100.0,3100.0,-100.0,0.0,-3.225806451612903,5,20,2025,3075.0,50.0,3000.0
beans,Lindi,2025-05-19,3000.0,3000.0,3000.0,3100.0,3100.0,0.0,-100.0,0.0,5,21,2025,3050.0,57.73502691896255,3100.0
beans,Lindi,2025-06-02,,3100.0,3000.0,3000.0,3000.0,100.0,0.0,3.3333333333333335,6,23,2025,3025.0,50.0,2900.0
beans,Lindi,2025-09-01,3100.0,3100.0,3000.0,2900.0,2700.0,100.0,100.0,3.3333333333333335,9,36,2025,2925.0,170.78251276599337,2900.0
beans,Lindi,2025-09-08,2900.0,3100.0,3100.0,3000.0,2900.0,0.0,100.0,0.0,9,37,2025,3025.0,95.74271077563391,2900.0
beans,Lindi,2025-09-15,2900.0,2900.0,3100.0,3100.0,3000.0,-200.0,0.0,-6.451612903225806,9,38,2025,3025.0,95.74271077563391,2900.0
beans,Lindi,2025-09-29,,2900.0,2900.0,2900.0,3100.0,0.0,0.0,0.0,9,40,2025,2950.0,100.00000000000009,3000.0
beans,Lindi,2025-12-01,3100.0,3300.0,3200.0,3100.0,3000.0,100.0,100.0,3.125,12,49,2025,3150.0,129.09944487358058,3000.0
beans,Lindi,2026-02-16,2900.0,3300.0,3200.0,3200.0,3200.0,100.0,0.0,3.125,2,8,2026,3225.0,50.0,2900.0
beans,Lindi,2026-02-23,2900.0,2900.0,3300.0,3200.0,3200.0,-400.0,100.0,-12.121212121212121,2,9,2026,3150.0,173.20508075688775,2900.0
beans,Lindi,2026-03-02,2900.0,2900.0,2900.0,3300.0,3200.0,0.0,-400.0,0.0,3,10,2026,3075.0,206.1552812808831,2800.0
beans,Lindi,2026-03-16,,2800.0,2900.0,2900.0,2900.0,-100.0,0.0,-3.4482758620689653,3,12,2026,2875.0,50.0,2700.0
beans,Lindi,2026-05-04,2500.0,2500.0,2700.0,2900.0,2900.0,-200.0,-200.0,-7.4074074074074066,5,19,2026,2750.0,191.4854215512677,2400.0
beans,Lindi,2026-05-11,2400.0,2500.0,2500.0,2700.0,2900.0,0.0,-200.0,0.0,5,20,2026,2650.0,191.4854215512677,2400.0
beans,Lindi,2026-05-18,2400.0,2400.0,2500.0,2500.0,2700.0,-100.0,0.0,-4.0,5,21,2026,2525.0,125.83057392117918,2500.0
beans,Lindi,2026-05-25,2500.0,2400.0,2400.0,2500.0,2500.0,0.0,-100.0,0.0,5,22,2026,2450.0,57.735026918962525,2400.0
beans,Lindi,2026-06-01,2400.0,2500.0,2400.0,2400.0,2500.0,100.0,0.0,4.166666666666666,6,23,2026,2450.0,57.735026918962525,2300.0
beans,Lindi,2026-06-15,,2300.0,2400.0,2500.0,2400.0,-100.0,-100.0,-4.166666666666666,6,25,2026,2400.0,81.64965809277261,2300.0
beans,Manyara,2026-03-30,2200.0,2400.0,2500.0,2500.0,2500.0,-100.0,0.0,-4.0,3,14,2026,2475.0,50.0,2200.0
beans,Manyara,2026-04-06,2200.0,2200.0,2400.0,2500.0,2500.0,-200.0,-100.0,-8.333333333333332,4,15,2026,2400.0,141.42135623730945,2200.0
beans,Manyara,2026-04-13,2200.0,2200.0,2200.0,2400.0,2500.0,0.0,-200.0,0.0,4,16,2026,2325.0,149.99999999999991,2200.0
beans,Manyara,2026-04-20,2200.0,2200.0,2200.0,2200.0,2400.0,0.0,0.0,0.0,4,17,2026,2250.0,99.99999999999983,2200.0
beans,Manyara,2026-04-27,2200.0,2200.0,2200.0,2200.0,2200.0,0.0,0.0,0.0,4,18,2026,2200.0,0.0,2300.0
beans,Manyara,2026-05-04,2300.0,2200.0,2200.0,2200.0,2200.0,0.0,0.0,0.0,5,19,2026,2200.0,0.0,2200.0
beans,Manyara,2026-05-11,2200.0,2300.0,2200.0,2200.0,2200.0,100.0,0.0,4.545454545454546,5,20,2026,2225.0,50.0,2300.0
beans,Manyara,2026-05-18,2300.0,2200.0,2300.0,2200.0,2200.0,-100.0,100.0,-4.3478260869565215,5,21,2026,2225.0,50.0,2200.0
beans,Manyara,2026-05-25,2200.0,2300.0,2200.0,2300.0,2200.0,100.0,-100.0,4.545454545454546,5,22,2026,2250.0,57.73502691896255,2300.0
beans,Manyara,2026-06-01,2300.0,2200.0,2300.0,2200.0,2300.0,-100.0,100.0,-4.3478260869565215,6,23,2026,2250.0,57.73502691896255,2400.0
beans,Manyara,2026-06-08,2400.0,2300.0,2200.0,2300.0,2200.0,100.0,-100.0,4.545454545454546,6,24,2026,2250.0,57.73502691896255,2700.0
beans,Manyara,2026-06-15,2700.0,2400.0,2300.0,2200.0,2300.0,100.0,100.0,4.3478260869565215,6,25,2026,2300.0,81.64965809277263,2300.0
beans,Mara,2025-05-26,2500.0,2500.0,2500.0,2500.0,2700.0,0.0,0.0,0.0,5,22,2025,2550.0,99.99999999999991,2500.0
beans,Mara,2025-06-02,2500.0,2500.0,2500.0,2500.0,2500.0,0.0,0.0,0.0,6,23,2025,2500.0,0.0,2200.0
beans,Mara,2025-06-09,2200.0,2500.0,2500.0,2500.0,2500.0,0.0,0.0,0.0,6,24,2025,2500.0,0.0,2200.0
beans,Mara,2025-08-11,,2000.0,2300.0,2200.0,2200.0,-300.0,100.0,-13.043478260869565,8,33,2025,2175.0,125.83057392117917,1800.0
beans,Mara,2025-12-08,,2400.0,2200.0,2200.0,2500.0,200.0,0.0,9.090909090909092,12,50,2025,2325.0,150.0,2400.0
beans,Mara,2026-02-16,2000.0,2200.0,2300.0,2300.0,2200.0,-100.0,0.0,-4.3478260869565215,2,8,2026,2250.0,57.735026918962575,2200.0
beans,Mara,2026-03-02,,2200.0,2000.0,2200.0,2300.0,200.0,-200.0,10.0,3,10,2026,2175.0,125.83057392117911,2100.0
beans,Mbeya,2024-12-30,2900.0,3000.0,2900.0,2900.0,2800.0,100.0,0.0,3.4482758620689653,12,1,2024,2900.0,81.64965809277265,2900.0
beans,Morogoro,2024-12-30,3100.0,3000.0,2900.0,2900.0,2900.0,100.0,0.0,3.4482758620689653,12,1,2024,2925.0,50.0,3300.0
beans,Morogoro,2025-01-06,3300.0,3100.0,3000.0,2900.0,2900.0,100.0,100.0,3.3333333333333335,1,2,2025,2975.0,95.74271077563377,3100.0
beans,Morogoro,2025-01-13,3100.0,3300.0,3100.0,3000.0,2900.0,200.0,100.0,6.451612903225806,1,3,2025,3075.0,170.7825127659933,3100.0
beans,Morogoro,2025-01-20,3100.0,3100.0,3300.0,3100.0,3000.0,-200.0,200.0,-6.0606060606060606,1,4,2025,3125.0,125.8305739211791,3100.0
beans,Morogoro,2025-01-27,3100.0,3100.0,3100.0,3300.0,3100.0,0.0,-200.0,0.0,1,5,2025,3150.0,99.99999999999994,3000.0
beans,Morogoro,2025-02-03,3000.0,3100.0,3100.0,3100.0,3300.0,0.0,0.0,0.0,2,6,2025,3150.0,99.99999999999994,3000.0
beans,Morogoro,2025-02-10,3000.0,3000.0,3100.0,3100.0,3100.0,-100.0,0.0,-3.225806451612903,2,7,2025,3075.0,50.0,2900.0
beans,Morogoro,2025-02-17,2900.0,3000.0,3000.0,3100.0,3100.0,0.0,-100.0,0.0,2,8,2025,3050.0,57.73502691896255,3000.0
beans,Morogoro,2025-02-24,3000.0,2900.0,3000.0,3000.0,3100.0,-100.0,0.0,-3.3333333333333335,2,9,2025,3000.0,81.64965809277263,2500.0
beans,Morogoro,2025-03-03,2500.0,3000.0,2900.0,3000.0,3000.0,100.0,-100.0,3.4482758620689653,3,10,2025,2975.0,50.0,2800.0
beans,Morogoro,2025-03-17,,2800.0,2500.0,3000.0,2900.0,300.0,-500.0,12.0,3,12,2025,2800.0,216.02468994692865,3000.0
beans,Morogoro,2025-04-21,3100.0,3200.0,2800.0,3000.0,3000.0,400.0,-200.0,14.285714285714285,4,17,2025,3000.0,163.29931618554522,3200.0
beans,Morogoro,2025-04-28,3200.0,3100.0,3200.0,2800.0,3000.0,-100.0,400.0,-3.125,4,18,2025,3025.0,170.78251276599332,2900.0
beans,Morogoro,2025-05-05,2900.0,3200.0,3100.0,3200.0,2800.0,100.0,-100.0,3.225806451612903,5,19,2025,3075.0,189.2969448600091,2900.0
beans,Morogoro,2025-05-12,2900.0,2900.0,3200.0,3100.0,3200.0,-300.0,100.0,-9.375,5,20,2025,3100.0,141.42135623730948,3000.0
beans,Morogoro,2025-05-19,3000.0,2900.0,2900.0,3200.0,3100.0,0.0,-300.0,0.0,5,21,2025,3025.0,149.99999999999994,2900.0
beans,Morogoro,2025-05-26,2900.0,3000.0,2900.0,2900.0,3200.0,100.0,0.0,3.4482758620689653,5,22,2025,3000.0,141.42135623730945,3000.0
beans,Morogoro,2025-06-02,3000.0,2900.0,3000.0,2900.0,2900.0,-100.0,100.0,-3.3333333333333335,6,23,2025,2925.0,49.99999999999993,2900.0
beans,Morogoro,2025-06-09,2900.0,3000.0,2900.0,3000.0,2900.0,100.0,-100.0,3.4482758620689653,6,24,2025,2950.0,57.73502691896248,2900.0
beans,Morogoro,2025-06-16,2900.0,2900.0,3000.0,2900.0,3000.0,-100.0,100.0,-3.3333333333333335,6,25,2025,2950.0,57.73502691896248,2700.0
beans,Morogoro,2025-06-30,,2700.0,2900.0,2900.0,3000.0,-200.0,0.0,-6.896551724137931,6,27,2025,2875.0,125.83057392117917,3000.0
beans,Morogoro,2025-08-04,2200.0,2200.0,2300.0,2400.0,3000.0,-100.0,-100.0,-4.3478260869565215,8,32,2025,2475.0,359.39764421413037,2500.0
beans,Morogoro,2025-08-11,2500.0,2200.0,2200.0,2300.0,2400.0,0.0,-100.0,0.0,8,33,2025,2275.0,95.74271077563361,2300.0
beans,Morogoro,2025-08-18,2300.0,2500.0,2200.0,2200.0,2300.0,300.0,0.0,13.636363636363635,8,34,2025,2300.0,141.42135623730934,2100.0
beans,Morogoro,2025-08-25,2100.0,2300.0,2500.0,2200.0,2200.0,-200.0,300.0,-8.0,8,35,2025,2300.0,141.42135623730934,2400.0
beans,Morogoro,2025-09-01,2400.0,2100.0,2300.0,2500.0,2200.0,-200.0,-200.0,-8.695652173913043,9,36,2025,2275.0,170.7825127659932,2100.0
beans,Morogoro,2025-10-27,,2300.0,2600.0,2500.0,2900.0,-300.0,100.0,-11.538461538461538,10,44,2025,2575.0,249.99999999999994,2200.0
beans,Morogoro,2025-12-01,2600.0,2700.0,2300.0,2300.0,2200.0,400.0,0.0,17.391304347826086,12,49,2025,2375.0,221.73557826083442,2600.0
beans,Morogoro,2025-12-08,2600.0,2600.0,2700.0,2300.0,2300.0,-100.0,400.0,-3.7037037037037033,12,50,2025,2475.0,206.15528128088286,2600.0
beans,Morogoro,2025-12-22,,2600.0,2600.0,2600.0,2700.0,0.0,0.0,0.0,12,52,2025,2625.0,49.99999999999916,2100.0
beans,Morogoro,2026-02-16,2700.0,2400.0,2500.0,2600.0,2600.0,-100.0,-100.0,-4.0,2,8,2026,2525.0,95.74271077563375,2600.0
beans,Morogoro,2026-02-23,2600.0,2700.0,2400.0,2500.0,2600.0,300.0,-100.0,12.5,2,9,2026,2550.0,129.09944487358052,2400.0
beans,Morogoro,2026-03-02,2400.0,2600.0,2700.0,2400.0,2500.0,-100.0,300.0,-3.7037037037037033,3,10,2026,2550.0,129.09944487358052,2600.0
beans,Morogoro,2026-03-09,2600.0,2400.0,2600.0,2700.0,2400.0,-200.0,-100.0,-7.6923076923076925,3,11,2026,2525.0,149.99999999999994,2300.0
beans,Morogoro,2026-03-16,2300.0,2600.0,2400.0,2600.0,2700.0,200.0,-200.0,8.333333333333332,3,12,2026,2575.0,125.83057392117911,2300.0
beans,Morogoro,2026-03-23,2300.0,2300.0,2600.0,2400.0,2600.0,-300.0,200.0,-11.538461538461538,3,13,2026,2475.0,150.0,2300.0
beans,Morogoro,2026-04-06,,2300.0,2300.0,2300.0,2600.0,0.0,0.0,0.0,4,15,2026,2375.0,150.00000000000003,2300.0
beans,Morogoro,2026-06-08,2300.0,2400.0,2300.0,2300.0,2300.0,100.0,0.0,4.3478260869565215,6,24,2026,2325.0,50.0,2400.0
beans,Morogoro,2026-06-15,2400.0,2300.0,2400.0,2300.0,2300.0,-100.0,100.0,-4.166666666666666,6,25,2026,2325.0,50.0,2100.0
beans,Mtwara,2026-02-16,2300.0,2300.0,2500.0,2200.0,2000.0,-200.0,300.0,-8.0,2,8,2026,2250.0,208.16659994661322,2400.0
beans,Mtwara,2026-02-23,2400.0,2300.0,2300.0,2500.0,2200.0,0.0,-200.0,0.0,2,9,2026,2325.0,125.83057392117902,2400.0
beans,Mtwara,2026-03-02,2400.0,2400.0,2300.0,2300.0,2500.0,100.0,0.0,4.3478260869565215,3,10,2026,2375.0,95.74271077563365,2400.0
beans,Mtwara,2026-05-11,2100.0,2100.0,2600.0,2400.0,2400.0,-500.0,200.0,-19.230769230769234,5,20,2026,2375.0,206.155281280883,2100.0
beans,Mtwara,2026-05-18,2100.0,2100.0,2100.0,2600.0,2400.0,0.0,-500.0,0.0,5,21,2026,2300.0,244.94897427831776,2100.0
beans,Mtwara,2026-05-25,2100.0,2100.0,2100.0,2100.0,2600.0,0.0,0.0,0.0,5,22,2026,2225.0,249.99999999999994,2100.0
beans,Mtwara,2026-06-08,,2100.0,2100.0,2100.0,2100.0,0.0,0.0,0.0,6,24,2026,2100.0,0.0,2200.0
beans,Mwanza,2024-12-30,,3000.0,3000.0,2900.0,3000.0,0.0,100.0,0.0,12,1,2024,2975.0,50.000000000000036,3000.0
beans,Mwanza,2025-02-03,,2600.0,2700.0,2800.0,3000.0,-100.0,-100.0,-3.7037037037037033,2,6,2025,2775.0,170.7825127659934,2500.0
beans,Mwanza,2025-04-21,2700.0,2800.0,2800.0,2800.0,2800.0,0.0,0.0,0.0,4,17,2025,2800.0,0.0,2700.0
beans,Mwanza,2025-04-28,2700.0,2700.0,2800.0,2800.0,2800.0,-100.0,0.0,-3.571428571428571,4,18,2025,2775.0,50.0,2700.0
beans,Mwanza,2025-05-05,2700.0,2700.0,2700.0,2800.0,2800.0,0.0,-100.0,0.0,5,19,2025,2750.0,57.73502691896255,2700.0
beans,Mwanza,2025-05-12,2700.0,2700.0,2700.0,2700.0,2800.0,0.0,0.0,0.0,5,20,2025,2725.0,50.0,2600.0
beans,Mwanza,2025-05-19,2600.0,2700.0,2700.0,2700.0,2700.0,0.0,0.0,0.0,5,21,2025,2700.0,0.0,2700.0
beans,Mwanza,2025-05-26,2700.0,2600.0,2700.0,2700.0,2700.0,-100.0,0.0,-3.7037037037037033,5,22,2025,2675.0,50.0,2800.0
beans,Mwanza,2025-06-02,2800.0,2700.0,2600.0,2700.0,2700.0,100.0,-100.0,3.8461538461538463,6,23,2025,2675.0,50.0,2700.0
beans,Mwanza,2025-06-09,2700.0,2800.0,2700.0,2600.0,2700.0,100.0,100.0,3.7037037037037033,6,24,2025,2700.0,81.64965809277263,2500.0
beans,Mwanza,2025-06-16,2500.0,2700.0,2800.0,2700.0,2600.0,-100.0,100.0,-3.571428571428571,6,25,2025,2700.0,81.64965809277263,2400.0
beans,Mwanza,2025-06-30,,2400.0,2500.0,2700.0,2800.0,-100.0,-200.0,-4.0,6,27,2025,2600.0,182.57418583505535,2000.0
beans,Mwanza,2025-09-08,2250.0,2400.0,2200.0,2200.0,2200.0,200.0,0.0,9.090909090909092,9,37,2025,2250.0,100.0,2300.0
beans,Mwanza,2025-09-15,2300.0,2250.0,2400.0,2200.0,2200.0,-150.0,200.0,-6.25,9,38,2025,2262.5,94.64847243000457,2000.0
beans,Mwanza,2025-09-22,2000.0,2300.0,2250.0,2400.0,2200.0,50.0,-150.0,2.2222222222222223,9,39,2025,2287.5,85.39125638299664,2400.0
beans,Mwanza,2025-09-29,2400.0,2000.0,2300.0,2250.0,2400.0,-300.0,50.0,-13.043478260869565,9,40,2025,2237.5,170.1714821388511,2300.0
beans,Mwanza,2025-10-13,,2300.0,2400.0,2000.0,2300.0,-100.0,400.0,-4.166666666666666,10,42,2025,2250.0,173.2050807568877,2300.0
beans,Mwanza,2026-02-16,2400.0,2300.0,2300.0,2100.0,2000.0,0.0,200.0,0.0,2,8,2026,2175.0,150.00000000000006,2400.0
beans,Mwanza,2026-02-23,2400.0,2400.0,2300.0,2300.0,2100.0,100.0,0.0,4.3478260869565215,2,9,2026,2275.0,125.83057392117918,2200.0
beans,Mwanza,2026-03-02,2200.0,2400.0,2400.0,2300.0,2300.0,0.0,100.0,0.0,3,10,2026,2350.0,57.735026918962525,2300.0
beans,Mwanza,2026-03-09,2300.0,2200.0,2400.0,2400.0,2300.0,-200.0,0.0,-8.333333333333332,3,11,2026,2325.0,95.74271077563375,2200.0
beans,Mwanza,2026-03-16,2200.0,2300.0,2200.0,2400.0,2400.0,100.0,-200.0,4.545454545454546,3,12,2026,2325.0,95.74271077563375,2300.0
beans,Mwanza,2026-03-23,2300.0,2200.0,2300.0,2200.0,2400.0,-100.0,100.0,-4.3478260869565215,3,13,2026,2275.0,95.74271077563375,2200.0
beans,Mwanza,2026-03-30,2200.0,2300.0,2200.0,2300.0,2200.0,100.0,-100.0,4.545454545454546,3,14,2026,2250.0,57.735026918962525,2300.0
beans,Mwanza,2026-04-06,2300.0,2200.0,2300.0,2200.0,2300.0,-100.0,100.0,-4.3478260869565215,4,15,2026,2250.0,57.735026918962525,2300.0
beans,Mwanza,2026-04-13,2300.0,2300.0,2200.0,2300.0,2200.0,100.0,-100.0,4.545454545454546,4,16,2026,2250.0,57.735026918962525,2300.0
beans,Mwanza,2026-04-20,2300.0,2300.0,2300.0,2200.0,2300.0,0.0,100.0,0.0,4,17,2026,2275.0,49.99999999999998,2300.0
beans,Mwanza,2026-04-27,2300.0,2300.0,2300.0,2300.0,2200.0,0.0,0.0,0.0,4,18,2026,2275.0,49.99999999999998,2400.0
beans,Njombe,2024-12-30,2300.0,2000.0,2200.0,2200.0,2300.0,-200.0,0.0,-9.090909090909092,12,1,2024,2175.0,125.8305739211792,2400.0
beans,Njombe,2025-01-06,2400.0,2300.0,2000.0,2200.0,2200.0,300.0,-200.0,15.0,1,2,2025,2175.0,125.8305739211792,2500.0
beans,Njombe,2025-01-13,2500.0,2400.0,2300.0,2000.0,2200.0,100.0,300.0,4.3478260869565215,1,3,2025,2225.0,170.78251276599337,2500.0
beans,Njombe,2025-01-20,2500.0,2500.0,2400.0,2300.0,2000.0,100.0,100.0,4.166666666666666,1,4,2025,2300.0,216.02468994692867,2300.0
beans,Njombe,2025-01-27,2300.0,2500.0,2500.0,2400.0,2300.0,0.0,100.0,0.0,1,5,2025,2425.0,95.74271077563381,2400.0
beans,Njombe,2025-02-03,2400.0,2300.0,2500.0,2500.0,2400.0,-200.0,0.0,-8.0,2,6,2025,2425.0,95.74271077563381,2400.0
beans,Njombe,2025-02-10,2400.0,2400.0,2300.0,2500.0,2500.0,100.0,-200.0,4.3478260869565215,2,7,2025,2425.0,95.74271077563381,2200.0
beans,Njombe,2025-02-24,,2200.0,2400.0,2400.0,2300.0,-200.0,0.0,-8.333333333333332,2,9,2025,2325.0,95.74271077563375,2100.0
beans,Njombe,2025-04-21,2200.0,2300.0,2300.0,2200.0,2300.0,0.0,100.0,0.0,4,17,2025,2275.0,49.999999999999964,2400.0
beans,Njombe,2025-04-28,2400.0,2200.0,2300.0,2300.0,2200.0,-100.0,0.0,-4.3478260869565215,4,18,2025,2250.0,57.73502691896252,2400.0
beans,Njombe,2025-05-05,2400.0,2400.0,2200.0,2300.0,2300.0,200.0,-100.0,9.090909090909092,5,19,2025,2300.0,81.64965809277261,2300.0
beans,Njombe,2025-05-12,2300.0,2400.0,2400.0,2200.0,2300.0,0.0,200.0,0.0,5,20,2025,2325.0,95.74271077563381,2300.0
beans,Njombe,2025-05-19,2300.0,2300.0,2400.0,2400.0,2200.0,-100.0,0.0,-4.166666666666666,5,21,2025,2325.0,95.74271077563381,1800.0
beans,Njombe,2025-05-26,1800.0,2300.0,2300.0,2400.0,2400.0,0.0,-100.0,0.0,5,22,2025,2350.0,57.73502691896261,2300.0
beans,Njombe,2025-06-02,2300.0,1800.0,2300.0,2300.0,2400.0,-500.0,0.0,-21.73913043478261,6,23,2025,2200.0,270.80128015453204,2200.0
beans,Njombe,2025-06-09,2200.0,2300.0,1800.0,2300.0,2300.0,500.0,-500.0,27.77777777777778,6,24,2025,2175.0,250.00000000000009,2200.0
beans,Njombe,2025-06-16,2200.0,2200.0,2300.0,1800.0,2300.0,-100.0,500.0,-4.3478260869565215,6,25,2025,2150.0,238.04761428476175,2100.0
beans,Njombe,2025-08-18,1800.0,1800.0,1900.0,1900.0,1900.0,-100.0,0.0,-5.263157894736842,8,34,2025,1875.0,50.0,1600.0
beans,Njombe,2025-08-25,1600.0,1800.0,1800.0,1900.0,1900.0,0.0,-100.0,0.0,8,35,2025,1850.0,57.735026918962596,1700.0
beans,Njombe,2025-09-08,,1700.0,1600.0,1800.0,1800.0,100.0,-200.0,6.25,9,37,2025,1725.0,95.74271077563377,1800.0
beans,Njombe,2025-10-13,,1700.0,2000.0,2000.0,1800.0,-300.0,0.0,-15.0,10,42,2025,1875.0,150.0,1800.0
beans,Njombe,2025-12-08,1800.0,1300.0,1600.0,1800.0,1800.0,-300.0,-200.0,-18.75,12,50,2025,1625.0,236.2907813126304,1900.0
beans,Njombe,2025-12-22,,1900.0,1800.0,1300.0,1600.0,100.0,500.0,5.555555555555555,12,52,2025,1650.0,264.575131106459,1900.0
beans,Njombe,2026-02-16,1900.0,1900.0,1800.0,2200.0,2000.0,100.0,-400.0,5.555555555555555,2,8,2026,1975.0,170.78251276599337,1800.0
beans,Njombe,2026-02-23,1800.0,1900.0,1900.0,1800.0,2200.0,0.0,100.0,0.0,2,9,2026,1950.0,173.2050807568878,1700.0
beans,Njombe,2026-03-02,1700.0,1800.0,1900.0,1900.0,1800.0,-100.0,0.0,-5.263157894736842,3,10,2026,1850.0,57.73502691896285,1700.0
beans,Njombe,2026-03-09,1700.0,1700.0,1800.0,1900.0,1900.0,-100.0,-100.0,-5.555555555555555,3,11,2026,1825.0,95.742710775634,1700.0
beans,Njombe,2026-03-16,1700.0,1700.0,1700.0,1800.0,1900.0,0.0,-100.0,0.0,3,12,2026,1775.0,95.742710775634,1700.0
beans,Njombe,2026-03-23,1700.0,1700.0,1700.0,1700.0,1800.0,0.0,0.0,0.0,3,13,2026,1725.0,50.0000000000003,1700.0
beans,Njombe,2026-03-30,1700.0,1700.0,1700.0,1700.0,1700.0,0.0,0.0,0.0,3,14,2026,1700.0,0.0,1700.0
beans,Njombe,2026-04-06,1700.0,1700.0,1700.0,1700.0,1700.0,0.0,0.0,0.0,4,15,2026,1700.0,0.0,1700.0
beans,Njombe,2026-04-13,1700.0,1700.0,1700.0,1700.0,1700.0,0.0,0.0,0.0,4,16,2026,1700.0,0.0,1700.0
beans,Njombe,2026-04-20,1700.0,1700.0,1700.0,1700.0,1700.0,0.0,0.0,0.0,4,17,2026,1700.0,0.0,1700.0
beans,Njombe,2026-04-27,1700.0,1700.0,1700.0,1700.0,1700.0,0.0,0.0,0.0,4,18,2026,1700.0,0.0,1700.0
beans,Njombe,2026-05-11,,1700.0,1700.0,1700.0,1700.0,0.0,0.0,0.0,5,20,2026,1700.0,0.0,1500.0
beans,Njombe,2026-06-15,1600.0,1600.0,1700.0,1800.0,1500.0,-100.0,-100.0,-5.88235294117647,6,25,2026,1650.0,129.09944487358052,1600.0
beans,Pwani,2025-04-21,,3100.0,3100.0,2900.0,3100.0,0.0,200.0,0.0,4,17,2025,3050.0,99.99999999999996,3100.0
beans,Pwani,2025-05-26,3100.0,3100.0,3100.0,3100.0,3100.0,0.0,0.0,0.0,5,22,2025,3100.0,0.0,3000.0
beans,Pwani,2025-06-02,3000.0,3100.0,3100.0,3100.0,3100.0,0.0,0.0,0.0,6,23,2025,3100.0,0.0,3100.0
beans,Pwani,2025-06-09,3100.0,3000.0,3100.0,3100.0,3100.0,-100.0,0.0,-3.225806451612903,6,24,2025,3075.0,50.0,3100.0
beans,Pwani,2025-06-16,3100.0,3100.0,3000.0,3100.0,3100.0,100.0,-100.0,3.3333333333333335,6,25,2025,3075.0,50.0,3100.0
beans,Pwani,2025-08-11,,2800.0,2800.0,2800.0,2700.0,0.0,0.0,0.0,8,33,2025,2775.0,50.000000000000036,2600.0
beans,Pwani,2025-10-13,,2900.0,2500.0,2600.0,2600.0,400.0,-100.0,16.0,10,42,2025,2650.0,173.20508075688775,2600.0
beans,Pwani,2026-02-23,,2600.0,2800.0,2800.0,2700.0,-200.0,0.0,-7.142857142857142,2,9,2026,2725.0,95.74271077563375,2500.0
beans,Rukwa,2025-01-27,,2800.0,2900.0,3000.0,2900.0,-100.0,-100.0,-3.4482758620689653,1,5,2025,2900.0,81.64965809277261,2600.0
beans,Rukwa,2025-03-03,2500.0,2500.0,2500.0,2600.0,2600.0,0.0,-100.0,0.0,3,10,2025,2550.0,57.73502691896252,2500.0
beans,Rukwa,2025-03-17,,2500.0,2500.0,2500.0,2500.0,0.0,0.0,0.0,3,12,2025,2500.0,0.0,2400.0
beans,Rukwa,2025-04-21,2900.0,2800.0,2700.0,2600.0,2400.0,100.0,100.0,3.7037037037037033,4,17,2025,2625.0,170.78251276599332,2800.0
beans,Rukwa,2025-04-28,2800.0,2900.0,2800.0,2700.0,2600.0,100.0,100.0,3.571428571428571,4,18,2025,2750.0,129.0994448735806,2800.0
beans,Rukwa,2025-05-05,2800.0,2800.0,2900.0,2800.0,2700.0,-100.0,100.0,-3.4482758620689653,5,19,2025,2800.0,81.64965809277265,2900.0
beans,Rukwa,2025-05-12,2900.0,2800.0,2800.0,2900.0,2800.0,0.0,-100.0,0.0,5,20,2025,2825.0,50.00000000000006,2900.0
beans,Rukwa,2025-05-19,2900.0,2900.0,2800.0,2800.0,2900.0,100.0,0.0,3.571428571428571,5,21,2025,2850.0,57.735026918962596,2800.0
beans,Rukwa,2025-05-26,2800.0,2900.0,2900.0,2800.0,2800.0,0.0,100.0,0.0,5,22,2025,2850.0,57.735026918962596,2600.0
beans,Rukwa,2025-06-02,2600.0,2800.0,2900.0,2900.0,2800.0,-100.0,0.0,-3.4482758620689653,6,23,2025,2850.0,57.735026918962596,2400.0
beans,Rukwa,2025-06-09,2400.0,2600.0,2800.0,2900.0,2900.0,-200.0,-100.0,-7.142857142857142,6,24,2025,2800.0,141.42135623730948,2400.0
beans,Rukwa,2025-06-16,2400.0,2400.0,2600.0,2800.0,2900.0,-200.0,-200.0,-7.6923076923076925,6,25,2025,2675.0,221.73557826083444,2400.0
beans,Rukwa,2025-06-30,,2400.0,2400.0,2400.0,2600.0,0.0,0.0,0.0,6,27,2025,2450.0,99.99999999999977,2600.0
beans,Rukwa,2025-09-15,2400.0,2600.0,2400.0,2500.0,2300.0,200.0,-100.0,8.333333333333332,9,38,2025,2450.0,129.09944487358058,2500.0
beans,Rukwa,2025-09-22,2500.0,2400.0,2600.0,2400.0,2500.0,-200.0,200.0,-7.6923076923076925,9,39,2025,2475.0,95.74271077563381,2400.0
beans,Rukwa,2025-09-29,2400.0,2500.0,2400.0,2600.0,2400.0,100.0,-200.0,4.166666666666666,9,40,2025,2475.0,95.74271077563381,2500.0
beans,Rukwa,2025-10-06,2500.0,2400.0,2500.0,2400.0,2600.0,-100.0,100.0,-4.0,10,41,2025,2475.0,95.74271077563381,2500.0
beans,Rukwa,2025-10-13,2500.0,2500.0,2400.0,2500.0,2400.0,100.0,-100.0,4.166666666666666,10,42,2025,2450.0,57.73502691896261,2600.0
beans,Rukwa,2025-10-27,,2600.0,2500.0,2500.0,2400.0,100.0,0.0,4.0,10,44,2025,2500.0,81.64965809277267,2400.0
beans,Rukwa,2025-12-01,2500.0,2800.0,2400.0,2400.0,2400.0,400.0,0.0,16.666666666666664,12,49,2025,2500.0,200.0,2300.0
beans,Rukwa,2025-12-08,2300.0,2500.0,2800.0,2400.0,2400.0,-300.0,400.0,-10.714285714285714,12,50,2025,2525.0,189.29694486000912,2400.0
beans,Rukwa,2025-12-22,,2400.0,2300.0,2500.0,2800.0,100.0,-200.0,4.3478260869565215,12,52,2025,2500.0,216.02468994692867,2500.0
beans,Rukwa,2026-02-16,1900.0,2100.0,2100.0,2000.0,2100.0,0.0,100.0,0.0,2,8,2026,2075.0,49.9999999999996,1900.0
beans,Rukwa,2026-02-23,1900.0,1900.0,2100.0,2100.0,2000.0,-200.0,0.0,-9.523809523809524,2,9,2026,2025.0,95.74271077563355,1600.0
beans,Rukwa,2026-03-02,1600.0,1900.0,1900.0,2100.0,2100.0,0.0,-200.0,0.0,3,10,2026,2000.0,115.47005383792494,1600.0
beans,Rukwa,2026-03-09,1600.0,1600.0,1900.0,1900.0,2100.0,-300.0,0.0,-15.789473684210526,3,11,2026,1875.0,206.15528128088295,1600.0
beans,Rukwa,2026-03-16,1600.0,1600.0,1600.0,1900.0,1900.0,0.0,-300.0,0.0,3,12,2026,1750.0,173.2050807568876,1500.0
beans,Rukwa,2026-03-23,1500.0,1600.0,1600.0,1600.0,1900.0,0.0,0.0,0.0,3,13,2026,1675.0,149.99999999999986,1600.0
beans,Rukwa,2026-03-30,1600.0,1500.0,1600.0,1600.0,1600.0,-100.0,0.0,-6.25,3,14,2026,1575.0,50.0,1400.0
beans,Rukwa,2026-04-06,1400.0,1600.0,1500.0,1600.0,1600.0,100.0,-100.0,6.666666666666667,4,15,2026,1575.0,50.0,1800.0
beans,Rukwa,2026-04-13,1800.0,1400.0,1600.0,1500.0,1600.0,-200.0,100.0,-12.5,4,16,2026,1525.0,95.74271077563382,1800.0
beans,Rukwa,2026-04-20,1800.0,1800.0,1400.0,1600.0,1500.0,400.0,-200.0,28.57142857142857,4,17,2026,1575.0,170.78251276599332,1700.0
beans,Rukwa,2026-04-27,1700.0,1800.0,1800.0,1400.0,1600.0,0.0,400.0,0.0,4,18,2026,1650.0,191.48542155126762,1700.0
beans,Rukwa,2026-05-04,1700.0,1700.0,1800.0,1800.0,1400.0,-100.0,0.0,-5.555555555555555,5,19,2026,1675.0,189.29694486000912,1700.0
beans,Rukwa,2026-05-11,1700.0,1700.0,1700.0,1800.0,1800.0,0.0,-100.0,0.0,5,20,2026,1750.0,57.73502691896252,1700.0
beans,Rukwa,2026-05-18,1700.0,1700.0,1700.0,1700.0,1800.0,0.0,0.0,0.0,5,21,2026,1725.0,49.999999999999915,1500.0
beans,Rukwa,2026-05-25,1500.0,1700.0,1700.0,1700.0,1700.0,0.0,0.0,0.0,5,22,2026,1700.0,0.0,1600.0
beans,Rukwa,2026-06-01,1600.0,1500.0,1700.0,1700.0,1700.0,-200.0,0.0,-11.76470588235294,6,23,2026,1650.0,100.0,1900.0
beans,Rukwa,2026-06-15,,1900.0,1600.0,1500.0,1700.0,300.0,100.0,18.75,6,25,2026,1675.0,170.78251276599332,2000.0
beans,Ruvuma,2025-05-05,2600.0,2600.0,2700.0,2700.0,2700.0,-100.0,0.0,-3.7037037037037033,5,19,2025,2675.0,50.0,2600.0
beans,Ruvuma,2025-05-12,2600.0,2600.0,2600.0,2700.0,2700.0,0.0,-100.0,0.0,5,20,2025,2650.0,57.73502691896255,2600.0
beans,Ruvuma,2025-05-19,2600.0,2600.0,2600.0,2600.0,2700.0,0.0,0.0,0.0,5,21,2025,2625.0,50.0,2600.0
beans,Ruvuma,2025-05-26,2600.0,2600.0,2600.0,2600.0,2600.0,0.0,0.0,0.0,5,22,2025,2600.0,0.0,2400.0
beans,Ruvuma,2025-06-02,2400.0,2600.0,2600.0,2600.0,2600.0,0.0,0.0,0.0,6,23,2025,2600.0,0.0,2400.0
beans,Ruvuma,2025-06-09,2400.0,2400.0,2600.0,2600.0,2600.0,-200.0,0.0,-7.6923076923076925,6,24,2025,2550.0,100.0,2500.0
beans,Ruvuma,2025-06-16,2500.0,2400.0,2400.0,2600.0,2600.0,0.0,-200.0,0.0,6,25,2025,2500.0,115.47005383792519,2500.0
beans,Ruvuma,2025-06-30,,2500.0,2500.0,2400.0,2400.0,0.0,100.0,0.0,6,27,2025,2450.0,57.73502691896263,2400.0
beans,Ruvuma,2025-09-29,,2400.0,2400.0,2400.0,2400.0,0.0,0.0,0.0,9,40,2025,2400.0,0.0,2400.0
beans,Ruvuma,2025-12-01,2300.0,2700.0,2600.0,2400.0,2400.0,100.0,200.0,3.8461538461538463,12,49,2025,2525.0,150.00000000000006,2200.0
beans,Ruvuma,2025-12-08,2200.0,2300.0,2700.0,2600.0,2400.0,-400.0,100.0,-14.814814814814813,12,50,2025,2500.0,182.57418583505543,2400.0
beans,Ruvuma,2025-12-22,,2400.0,2200.0,2300.0,2700.0,200.0,-100.0,9.090909090909092,12,52,2025,2400.0,216.02468994692873,2750.0
beans,Ruvuma,2026-02-23,2500.0,2400.0,2000.0,1800.0,2000.0,400.0,200.0,20.0,2,9,2026,2050.0,251.66114784235836,2600.0
beans,Ruvuma,2026-03-02,2600.0,2500.0,2400.0,2000.0,1800.0,100.0,400.0,4.166666666666666,3,10,2026,2175.0,330.4037933599835,2300.0
beans,Ruvuma,2026-03-09,2300.0,2600.0,2500.0,2400.0,2000.0,100.0,100.0,4.0,3,11,2026,2375.0,262.9955639676584,2400.0
beans,Ruvuma,2026-03-23,,2400.0,2300.0,2600.0,2500.0,100.0,-300.0,4.3478260869565215,3,13,2026,2450.0,129.09944487358072,2200.0
beans,Ruvuma,2026-04-27,2200.0,2100.0,2100.0,2100.0,2200.0,0.0,0.0,0.0,4,18,2026,2125.0,50.00000000000082,2100.0
beans,Ruvuma,2026-05-04,2100.0,2200.0,2100.0,2100.0,2100.0,100.0,0.0,4.761904761904762,5,19,2026,2125.0,50.0,2000.0
beans,Ruvuma,2026-05-11,2000.0,2100.0,2200.0,2100.0,2100.0,-100.0,100.0,-4.545454545454546,5,20,2026,2125.0,50.0,2100.0
beans,Shinyanga,2025-02-03,2600.0,2500.0,2600.0,2600.0,2600.0,-100.0,0.0,-3.8461538461538463,2,6,2025,2575.0,50.0,2600.0
beans,Shinyanga,2025-02-10,2600.0,2600.0,2500.0,2600.0,2600.0,100.0,-100.0,4.0,2,7,2025,2575.0,50.0,2500.0
beans,Shinyanga,2025-02-24,,2500.0,2600.0,2600.0,2500.0,-100.0,0.0,-3.8461538461538463,2,9,2025,2550.0,57.73502691896255,2600.0
beans,Shinyanga,2025-04-21,2700.0,2700.0,2700.0,2600.0,2500.0,0.0,100.0,0.0,4,17,2025,2625.0,95.74271077563378,2600.0
beans,Shinyanga,2025-04-28,2600.0,2700.0,2700.0,2700.0,2600.0,0.0,0.0,0.0,4,18,2025,2675.0,50.00000000000004,2700.0
beans,Shinyanga,2025-05-05,2700.0,2600.0,2700.0,2700.0,2700.0,-100.0,0.0,-3.7037037037037033,5,19,2025,2675.0,50.0,2700.0
beans,Shinyanga,2025-05-12,2700.0,2700.0,2600.0,2700.0,2700.0,100.0,-100.0,3.8461538461538463,5,20,2025,2675.0,50.0,2700.0
beans,Shinyanga,2025-05-19,2700.0,2700.0,2700.0,2600.0,2700.0,0.0,100.0,0.0,5,21,2025,2675.0,50.0,2800.0
beans,Shinyanga,2025-05-26,2800.0,2700.0,2700.0,2700.0,2600.0,0.0,0.0,0.0,5,22,2025,2675.0,50.0,2700.0
beans,Shinyanga,2025-06-02,2700.0,2800.0,2700.0,2700.0,2700.0,100.0,0.0,3.7037037037037033,6,23,2025,2725.0,50.0,2600.0
beans,Shinyanga,2025-06-09,2600.0,2700.0,2800.0,2700.0,2700.0,-100.0,100.0,-3.571428571428571,6,24,2025,2725.0,50.0,2600.0
beans,Shinyanga,2025-06-16,2600.0,2600.0,2700.0,2800.0,2700.0,-100.0,-100.0,-3.7037037037037033,6,25,2025,2700.0,81.64965809277263,2500.0
beans,Shinyanga,2025-06-30,,2500.0,2600.0,2600.0,2700.0,-100.0,0.0,-3.8461538461538463,6,27,2025,2600.0,81.6496580927727,2000.0
beans,Shinyanga,2025-08-04,2100.0,2100.0,2100.0,2200.0,2000.0,0.0,-100.0,0.0,8,32,2025,2100.0,81.64965809277251,2300.0
beans,Shinyanga,2025-08-11,2300.0,2100.0,2100.0,2100.0,2200.0,0.0,0.0,0.0,8,33,2025,2125.0,49.999999999999815,2300.0
beans,Shinyanga,2025-08-18,2300.0,2300.0,2100.0,2100.0,2100.0,200.0,0.0,9.523809523809524,8,34,2025,2150.0,100.0,2200.0
beans,Shinyanga,2025-08-25,2200.0,2300.0,2300.0,2100.0,2100.0,0.0,200.0,0.0,8,35,2025,2200.0,115.47005383792519,2200.0
beans,Shinyanga,2025-09-01,2200.0,2200.0,2300.0,2300.0,2100.0,-100.0,0.0,-4.3478260869565215,9,36,2025,2225.0,95.74271077563382,2100.0
beans,Shinyanga,2025-09-08,2100.0,2200.0,2200.0,2300.0,2300.0,0.0,-100.0,0.0,9,37,2025,2250.0,57.73502691896263,2500.0
beans,Shinyanga,2025-09-15,2500.0,2100.0,2200.0,2200.0,2300.0,-100.0,0.0,-4.545454545454546,9,38,2025,2200.0,81.64965809277268,2300.0
beans,Shinyanga,2025-09-22,2300.0,2500.0,2100.0,2200.0,2200.0,400.0,-100.0,19.047619047619047,9,39,2025,2250.0,173.20508075688778,2100.0
beans,Shinyanga,2025-09-29,2100.0,2300.0,2500.0,2100.0,2200.0,-200.0,400.0,-8.0,9,40,2025,2275.0,170.78251276599337,2200.0
beans,Shinyanga,2025-10-13,,2200.0,2100.0,2300.0,2500.0,100.0,-200.0,4.761904761904762,10,42,2025,2275.0,170.78251276599337,2300.0
beans,Shinyanga,2025-12-08,2100.0,2100.0,2200.0,2100.0,2200.0,-100.0,100.0,-4.545454545454546,12,50,2025,2150.0,57.735026918962575,2100.0
beans,Shinyanga,2025-12-22,,2100.0,2100.0,2100.0,2200.0,0.0,0.0,0.0,12,52,2025,2125.0,50.000000000000036,2400.0
beans,Shinyanga,2026-02-16,2100.0,2300.0,2100.0,2100.0,2000.0,200.0,0.0,9.523809523809524,2,8,2026,2125.0,125.83057392117908,2100.0
beans,Shinyanga,2026-02-23,2100.0,2100.0,2300.0,2100.0,2100.0,-200.0,200.0,-8.695652173913043,2,9,2026,2150.0,99.99999999999991,2000.0
beans,Shinyanga,2026-03-02,2000.0,2100.0,2100.0,2300.0,2100.0,0.0,-200.0,0.0,3,10,2026,2150.0,99.99999999999991,2100.0
beans,Shinyanga,2026-03-09,2100.0,2000.0,2100.0,2100.0,2300.0,-100.0,0.0,-4.761904761904762,3,11,2026,2125.0,125.83057392117908,2000.0
beans,Shinyanga,2026-03-16,2000.0,2100.0,2000.0,2100.0,2100.0,100.0,-100.0,5.0,3,12,2026,2075.0,49.999999999999744,2000.0
beans,Shinyanga,2026-03-23,2000.0,2000.0,2100.0,2000.0,2100.0,-100.0,100.0,-4.761904761904762,3,13,2026,2050.0,57.73502691896231,2100.0
beans,Shinyanga,2026-03-30,2100.0,2000.0,2000.0,2100.0,2000.0,0.0,-100.0,0.0,3,14,2026,2025.0,49.99999999999968,2100.0
beans,Shinyanga,2026-04-06,2100.0,2100.0,2000.0,2000.0,2100.0,100.0,0.0,5.0,4,15,2026,2050.0,57.73502691896231,2100.0
beans,Shinyanga,2026-04-13,2100.0,2100.0,2100.0,2000.0,2000.0,0.0,100.0,0.0,4,16,2026,2050.0,57.73502691896231,2100.0
beans,Shinyanga,2026-04-20,2100.0,2100.0,2100.0,2100.0,2000.0,0.0,0.0,0.0,4,17,2026,2075.0,49.99999999999973,2000.0
beans,Shinyanga,2026-04-27,2000.0,2100.0,2100.0,2100.0,2100.0,0.0,0.0,0.0,4,18,2026,2100.0,0.0,2100.0
beans,Shinyanga,2026-05-04,2100.0,2000.0,2100.0,2100.0,2100.0,-100.0,0.0,-4.761904761904762,5,19,2026,2075.0,50.0,2100.0
beans,Shinyanga,2026-05-11,2100.0,2100.0,2000.0,2100.0,2100.0,100.0,-100.0,5.0,5,20,2026,2075.0,50.0,2100.0
beans,Shinyanga,2026-05-18,2100.0,2100.0,2100.0,2000.0,2100.0,0.0,100.0,0.0,5,21,2026,2075.0,50.0,1900.0
beans,Shinyanga,2026-05-25,1900.0,2100.0,2100.0,2100.0,2000.0,0.0,0.0,0.0,5,22,2026,2075.0,50.0,1900.0
beans,Shinyanga,2026-06-01,1900.0,1900.0,2100.0,2100.0,2100.0,-200.0,0.0,-9.523809523809524,6,23,2026,2050.0,100.0,2300.0
beans,Shinyanga,2026-06-08,2300.0,1900.0,1900.0,2100.0,2100.0,0.0,-200.0,0.0,6,24,2026,2000.0,115.47005383792514,2300.0
beans,Shinyanga,2026-06-15,2300.0,2300.0,1900.0,1900.0,2100.0,400.0,0.0,21.052631578947366,6,25,2026,2050.0,191.4854215512676,2000.0
beans,Simiyu,2024-12-30,,3100.0,3000.0,3000.0,3000.0,100.0,0.0,3.3333333333333335,12,1,2024,3025.0,50.0,3100.0
beans,Simiyu,2025-02-03,2900.0,2900.0,3100.0,3100.0,3100.0,-200.0,0.0,-6.451612903225806,2,6,2025,3050.0,100.0,2900.0
beans,Simiyu,2025-02-10,2900.0,2900.0,2900.0,3100.0,3100.0,0.0,-200.0,0.0,2,7,2025,3000.0,115.47005383792519,2900.0
beans,Simiyu,2025-02-24,,2900.0,2900.0,2900.0,2900.0,0.0,0.0,0.0,2,9,2025,2900.0,0.0,2900.0
beans,Simiyu,2025-04-21,3000.0,2900.0,2900.0,2900.0,2900.0,0.0,0.0,0.0,4,17,2025,2900.0,0.0,3100.0
beans,Simiyu,2025-05-05,,3100.0,3000.0,2900.0,2900.0,100.0,100.0,3.3333333333333335,5,19,2025,2975.0,95.74271077563377,2800.0
beans,Simiyu,2025-06-09,2900.0,2900.0,2900.0,2900.0,2800.0,0.0,0.0,0.0,6,24,2025,2875.0,49.999999999999964,2900.0
beans,Simiyu,2025-06-16,2900.0,2900.0,2900.0,2900.0,2900.0,0.0,0.0,0.0,6,25,2025,2900.0,0.0,2900.0
beans,Simiyu,2025-06-30,,2900.0,2900.0,2900.0,2900.0,0.0,0.0,0.0,6,27,2025,2900.0,0.0,2900.0
beans,Simiyu,2025-08-04,2900.0,2900.0,2900.0,2900.0,2900.0,0.0,0.0,0.0,8,32,2025,2900.0,0.0,2900.0
beans,Simiyu,2025-08-11,2900.0,2900.0,2900.0,2900.0,2900.0,0.0,0.0,0.0,8,33,2025,2900.0,0.0,2800.0
beans,Simiyu,2025-08-18,2800.0,2900.0,2900.0,2900.0,2900.0,0.0,0.0,0.0,8,34,2025,2900.0,0.0,2800.0
beans,Simiyu,2025-08-25,2800.0,2800.0,2900.0,2900.0,2900.0,-100.0,0.0,-3.4482758620689653,8,35,2025,2875.0,50.0,2800.0
beans,Simiyu,2025-09-01,2800.0,2800.0,2800.0,2900.0,2900.0,0.0,-100.0,0.0,9,36,2025,2850.0,57.73502691896255,2800.0
beans,Simiyu,2025-09-15,,2800.0,2800.0,2800.0,2800.0,0.0,0.0,0.0,9,38,2025,2800.0,0.0,3000.0
beans,Simiyu,2025-12-08,2900.0,2900.0,2900.0,2900.0,2900.0,0.0,0.0,0.0,12,50,2025,2900.0,0.0,2900.0
beans,Simiyu,2025-12-22,,2900.0,2900.0,2900.0,2900.0,0.0,0.0,0.0,12,52,2025,2900.0,0.0,2900.0
beans,Simiyu,2026-02-16,2800.0,2800.0,2800.0,2800.0,2800.0,0.0,0.0,0.0,2,8,2026,2800.0,0.0,2800.0
beans,Simiyu,2026-02-23,2800.0,2800.0,2800.0,2800.0,2800.0,0.0,0.0,0.0,2,9,2026,2800.0,0.0,2900.0
beans,Simiyu,2026-03-02,2900.0,2800.0,2800.0,2800.0,2800.0,0.0,0.0,0.0,3,10,2026,2800.0,0.0,2900.0
beans,Simiyu,2026-03-09,2900.0,2900.0,2800.0,2800.0,2800.0,100.0,0.0,3.571428571428571,3,11,2026,2825.0,50.0,2900.0
beans,Simiyu,2026-03-23,,2900.0,2900.0,2900.0,2800.0,0.0,0.0,0.0,3,13,2026,2875.0,50.0,2900.0
beans,Simiyu,2026-04-27,2800.0,2900.0,2900.0,2900.0,2900.0,0.0,0.0,0.0,4,18,2026,2900.0,0.0,1600.0
beans,Simiyu,2026-05-04,1600.0,2800.0,2900.0,2900.0,2900.0,-100.0,0.0,-3.4482758620689653,5,19,2026,2875.0,50.0,2900.0
beans,Simiyu,2026-05-11,2900.0,1600.0,2800.0,2900.0,2900.0,-1200.0,-100.0,-42.857142857142854,5,20,2026,2550.0,635.0852961085883,2900.0
beans,Simiyu,2026-05-18,2900.0,2900.0,1600.0,2800.0,2900.0,1300.0,-1200.0,81.25,5,21,2026,2550.0,635.0852961085883,2900.0
beans,Simiyu,2026-05-25,2900.0,2900.0,2900.0,1600.0,2800.0,0.0,1300.0,0.0,5,22,2026,2550.0,635.0852961085883,2900.0
beans,Simiyu,2026-06-01,2900.0,2900.0,2900.0,2900.0,1600.0,0.0,0.0,0.0,6,23,2026,2575.0,650.0,2900.0
beans,Simiyu,2026-06-15,,2900.0,2900.0,2900.0,2900.0,0.0,0.0,0.0,6,25,2026,2900.0,0.0,2900.0
beans,Singida,2025-04-21,2500.0,2500.0,2500.0,2500.0,2500.0,0.0,0.0,0.0,4,17,2025,2500.0,0.0,2600.0
beans,Singida,2025-04-28,2600.0,2500.0,2500.0,2500.0,2500.0,0.0,0.0,0.0,4,18,2025,2500.0,0.0,2500.0
beans,Singida,2025-05-05,2500.0,2600.0,2500.0,2500.0,2500.0,100.0,0.0,4.0,5,19,2025,2525.0,50.0,2400.0
beans,Singida,2025-05-12,2400.0,2500.0,2600.0,2500.0,2500.0,-100.0,100.0,-3.8461538461538463,5,20,2025,2525.0,50.0,2900.0
beans,Singida,2025-05-19,2900.0,2400.0,2500.0,2600.0,2500.0,-100.0,-100.0,-4.0,5,21,2025,2500.0,81.64965809277263,2800.0
beans,Singida,2025-05-26,2800.0,2900.0,2400.0,2500.0,2600.0,500.0,-100.0,20.833333333333336,5,22,2025,2600.0,216.02468994692867,2800.0
beans,Singida,2025-06-02,2800.0,2800.0,2900.0,2400.0,2500.0,-100.0,500.0,-3.4482758620689653,6,23,2025,2650.0,238.04761428476166,2800.0
beans,Singida,2025-06-09,2800.0,2800.0,2800.0,2900.0,2400.0,0.0,-100.0,0.0,6,24,2025,2725.0,221.7355782608345,2700.0
beans,Singida,2025-06-16,2700.0,2800.0,2800.0,2800.0,2900.0,0.0,0.0,0.0,6,25,2025,2825.0,49.999999999999886,2600.0
beans,Singida,2025-09-15,,2750.0,2700.0,2400.0,2500.0,50.0,300.0,1.8518518518518516,9,38,2025,2587.5,165.20189667999168,2800.0
beans,Singida,2026-06-08,,2100.0,1900.0,2200.0,2100.0,200.0,-300.0,10.526315789473683,6,24,2026,2075.0,125.83057392117917,2100.0
beans,Songwe,2024-12-30,2800.0,2700.0,2600.0,2500.0,2500.0,100.0,100.0,3.8461538461538463,12,1,2024,2575.0,95.74271077563375,2800.0
beans,Songwe,2025-01-13,,2800.0,2800.0,2700.0,2600.0,0.0,100.0,0.0,1,3,2025,2725.0,95.74271077563375,2800.0
beans,Songwe,2025-02-24,,2000.0,2800.0,2700.0,4000.0,-800.0,100.0,-28.57142857142857,2,9,2025,2875.0,830.1606270274848,2200.0
beans,Songwe,2025-05-12,2300.0,2200.0,2600.0,2400.0,2400.0,-400.0,200.0,-15.384615384615385,5,20,2025,2400.0,163.29931618554522,2200.0
beans,Songwe,2025-05-19,2200.0,2300.0,2200.0,2600.0,2400.0,100.0,-400.0,4.545454545454546,5,21,2025,2375.0,170.78251276599332,2200.0
beans,Songwe,2025-05-26,2200.0,2200.0,2300.0,2200.0,2600.0,-100.0,100.0,-4.3478260869565215,5,22,2025,2325.0,189.2969448600091,2400.0
beans,Songwe,2025-06-02,2400.0,2200.0,2200.0,2300.0,2200.0,0.0,-100.0,0.0,6,23,2025,2225.0,50.00000000000008,2300.0
beans,Songwe,2025-06-09,2300.0,2400.0,2200.0,2200.0,2300.0,200.0,0.0,9.090909090909092,6,24,2025,2275.0,95.74271077563381,2000.0
beans,Songwe,2025-06-16,2000.0,2300.0,2400.0,2200.0,2200.0,-100.0,200.0,-4.166666666666666,6,25,2025,2275.0,95.74271077563381,2000.0
beans,Songwe,2025-06-30,,2000.0,2000.0,2300.0,2400.0,0.0,-300.0,0.0,6,27,2025,2175.0,206.15528128088303,2900.0
beans,Songwe,2025-09-15,2100.0,1800.0,2300.0,2100.0,1900.0,-500.0,200.0,-21.73913043478261,9,38,2025,2025.0,221.7355782608345,2700.0
beans,Songwe,2025-09-22,2700.0,2100.0,1800.0,2300.0,2100.0,300.0,-500.0,16.666666666666664,9,39,2025,2075.0,206.15528128088303,2000.0
beans,Songwe,2025-09-29,2000.0,2700.0,2100.0,1800.0,2300.0,600.0,300.0,28.57142857142857,9,40,2025,2225.0,377.4917217635375,2300.0
beans,Songwe,2025-10-13,,2300.0,2000.0,2700.0,2100.0,300.0,-700.0,15.0,10,42,2025,2275.0,309.56959368344525,2500.0
beans,Songwe,2026-02-23,,2400.0,2100.0,2000.0,1900.0,300.0,100.0,14.285714285714285,2,9,2026,2100.0,216.02468994692873,1800.0
beans,Tabora,2025-04-21,2700.0,2600.0,2600.0,2700.0,2700.0,0.0,-100.0,0.0,4,17,2025,2650.0,57.73502691896252,2700.0
beans,Tabora,2025-04-28,2700.0,2700.0,2600.0,2600.0,2700.0,100.0,0.0,3.8461538461538463,4,18,2025,2650.0,57.73502691896252,2700.0
beans,Tabora,2025-05-05,2700.0,2700.0,2700.0,2600.0,2600.0,0.0,100.0,0.0,5,19,2025,2650.0,57.73502691896252,2700.0
beans,Tabora,2025-05-12,2700.0,2700.0,2700.0,2700.0,2600.0,0.0,0.0,0.0,5,20,2025,2675.0,49.999999999999964,2700.0
beans,Tabora,2025-05-19,2700.0,2700.0,2700.0,2700.0,2700.0,0.0,0.0,0.0,5,21,2025,2700.0,0.0,2700.0
beans,Tabora,2025-05-26,2700.0,2700.0,2700.0,2700.0,2700.0,0.0,0.0,0.0,5,22,2025,2700.0,0.0,2600.0
beans,Tabora,2025-06-02,2600.0,2700.0,2700.0,2700.0,2700.0,0.0,0.0,0.0,6,23,2025,2700.0,0.0,2700.0
beans,Tabora,2025-06-16,,2700.0,2600.0,2700.0,2700.0,100.0,-100.0,3.8461538461538463,6,25,2025,2675.0,50.0,2700.0
beans,Tabora,2025-09-15,2400.0,2400.0,2400.0,2400.0,2400.0,0.0,0.0,0.0,9,38,2025,2400.0,0.0,2300.0
beans,Tabora,2025-09-22,2300.0,2400.0,2400.0,2400.0,2400.0,0.0,0.0,0.0,9,39,2025,2400.0,0.0,2300.0
beans,Tabora,2025-10-06,,2300.0,2300.0,2400.0,2400.0,0.0,-100.0,0.0,10,41,2025,2350.0,57.73502691896255,2300.0
beans,Tabora,2025-12-01,2100.0,2100.0,2400.0,2500.0,2400.0,-300.0,-100.0,-12.5,12,49,2025,2350.0,173.20508075688775,2100.0
beans,Tabora,2025-12-08,2100.0,2100.0,2100.0,2400.0,2500.0,0.0,-300.0,0.0,12,50,2025,2275.0,206.1552812808831,2200.0
beans,Tabora,2026-02-16,2100.0,2100.0,2300.0,2300.0,2300.0,-200.0,0.0,-8.695652173913043,2,8,2026,2250.0,100.0,2100.0
beans,Tabora,2026-02-23,2100.0,2100.0,2100.0,2300.0,2300.0,0.0,-200.0,0.0,2,9,2026,2200.0,115.47005383792519,2100.0
beans,Tabora,2026-03-02,2100.0,2100.0,2100.0,2100.0,2300.0,0.0,0.0,0.0,3,10,2026,2150.0,99.99999999999999,2100.0
beans,Tabora,2026-03-09,2100.0,2100.0,2100.0,2100.0,2100.0,0.0,0.0,0.0,3,11,2026,2100.0,0.0,2100.0
beans,Tabora,2026-03-16,2100.0,2100.0,2100.0,2100.0,2100.0,0.0,0.0,0.0,3,12,2026,2100.0,0.0,2100.0
beans,Tabora,2026-03-23,2100.0,2100.0,2100.0,2100.0,2100.0,0.0,0.0,0.0,3,13,2026,2100.0,0.0,2100.0
beans,Tabora,2026-03-30,2100.0,2100.0,2100.0,2100.0,2100.0,0.0,0.0,0.0,3,14,2026,2100.0,0.0,2100.0
beans,Tabora,2026-04-06,2100.0,2100.0,2100.0,2100.0,2100.0,0.0,0.0,0.0,4,15,2026,2100.0,0.0,2100.0
beans,Tabora,2026-04-13,2100.0,2100.0,2100.0,2100.0,2100.0,0.0,0.0,0.0,4,16,2026,2100.0,0.0,2100.0
beans,Tabora,2026-04-20,2100.0,2100.0,2100.0,2100.0,2100.0,0.0,0.0,0.0,4,17,2026,2100.0,0.0,2100.0
beans,Tabora,2026-04-27,2100.0,2100.0,2100.0,2100.0,2100.0,0.0,0.0,0.0,4,18,2026,2100.0,0.0,2100.0
beans,Tabora,2026-05-04,2100.0,2100.0,2100.0,2100.0,2100.0,0.0,0.0,0.0,5,19,2026,2100.0,0.0,2200.0
beans,Tabora,2026-05-11,2200.0,2100.0,2100.0,2100.0,2100.0,0.0,0.0,0.0,5,20,2026,2100.0,0.0,2200.0
beans,Tabora,2026-05-18,2200.0,2200.0,2100.0,2100.0,2100.0,100.0,0.0,4.761904761904762,5,21,2026,2125.0,50.0,2500.0
beans,Tabora,2026-05-25,2500.0,2200.0,2200.0,2100.0,2100.0,0.0,100.0,0.0,5,22,2026,2150.0,57.73502691896255,2200.0
beans,Tabora,2026-06-01,2200.0,2500.0,2200.0,2200.0,2100.0,300.0,0.0,13.636363636363635,6,23,2026,2250.0,173.20508075688775,2200.0
beans,Tabora,2026-06-15,,2200.0,2200.0,2500.0,2200.0,0.0,-300.0,0.0,6,25,2026,2275.0,150.00000000000003,2200.0
beans,Tanga,2026-02-16,,3000.0,3000.0,3000.0,3000.0,0.0,0.0,0.0,2,8,2026,3000.0,0.0,3000.0
beans,Tanga,2026-03-23,2200.0,2200.0,2600.0,2600.0,3000.0,-400.0,0.0,-15.384615384615385,3,13,2026,2600.0,326.59863237109045,2200.0
beans,Tanga,2026-03-30,2200.0,2200.0,2200.0,2600.0,2600.0,0.0,-400.0,0.0,3,14,2026,2400.0,230.94010767585021,2300.0
beans,Tanga,2026-04-06,2300.0,2200.0,2200.0,2200.0,2600.0,0.0,0.0,0.0,4,15,2026,2300.0,199.99999999999994,2300.0
beans,Tanga,2026-04-13,2300.0,2300.0,2200.0,2200.0,2200.0,100.0,0.0,4.545454545454546,4,16,2026,2225.0,50.0,2000.0
beans,Tanga,2026-04-20,2000.0,2300.0,2300.0,2200.0,2200.0,0.0,100.0,0.0,4,17,2026,2250.0,57.73502691896255,2000.0
beans,Tanga,2026-04-27,2000.0,2000.0,2300.0,2300.0,2200.0,-300.0,0.0,-13.043478260869565,4,18,2026,2200.0,141.42135623730945,2000.0
beans,Tanga,2026-05-04,2000.0,2000.0,2000.0,2300.0,2300.0,0.0,-300.0,0.0,5,19,2026,2150.0,173.2050807568877,2100.0
beans,Tanga,2026-05-11,2100.0,2000.0,2000.0,2000.0,2300.0,0.0,0.0,0.0,5,20,2026,2075.0,149.99999999999997,2100.0
beans,Tanga,2026-05-18,2100.0,2100.0,2000.0,2000.0,2000.0,100.0,0.0,5.0,5,21,2026,2025.0,50.0,2100.0
beans,Tanga,2026-05-25,2100.0,2100.0,2100.0,2000.0,2000.0,0.0,100.0,0.0,5,22,2026,2050.0,57.735026918962596,2100.0
beans,Tanga,2026-06-01,2100.0,2100.0,2100.0,2100.0,2000.0,0.0,0.0,0.0,6,23,2026,2075.0,50.00000000000006,2200.0
beans,Tanga,2026-06-08,2200.0,2100.0,2100.0,2100.0,2100.0,0.0,0.0,0.0,6,24,2026,2100.0,0.0,1800.0
beans,Tanga,2026-06-15,1800.0,2200.0,2100.0,2100.0,2100.0,100.0,0.0,4.761904761904762,6,25,2026,2125.0,50.0,1800.0
bulrush_millet,Dar es Salaam,2025-04-21,1100.0,1100.0,1100.0,1100.0,1000.0,0.0,0.0,0.0,4,17,2025,1075.0,50.000000000000014,1100.0
bulrush_millet,Dar es Salaam,2025-04-28,1100.0,1100.0,1100.0,1100.0,1100.0,0.0,0.0,0.0,4,18,2025,1100.0,0.0,1200.0
bulrush_millet,Dar es Salaam,2025-05-05,1200.0,1100.0,1100.0,1100.0,1100.0,0.0,0.0,0.0,5,19,2025,1100.0,0.0,1100.0
bulrush_millet,Dar es Salaam,2025-05-12,1100.0,1200.0,1100.0,1100.0,1100.0,100.0,0.0,9.090909090909092,5,20,2025,1125.0,50.0,1100.0
bulrush_millet,Dar es Salaam,2025-05-26,,1100.0,1100.0,1200.0,1100.0,0.0,-100.0,0.0,5,22,2025,1125.0,50.0,1000.0
bulrush_millet,Dar es Salaam,2025-06-30,,1100.0,1000.0,1000.0,1000.0,100.0,0.0,10.0,6,27,2025,1025.0,50.0,1100.0
bulrush_millet,Dar es Salaam,2025-12-01,,1300.0,1200.0,1200.0,1200.0,100.0,0.0,8.333333333333332,12,49,2025,1225.0,50.0,1100.0
bulrush_millet,Dar es Salaam,2026-05-04,,1200.0,1200.0,1200.0,1200.0,0.0,0.0,0.0,5,19,2026,1200.0,0.0,1300.0
bulrush_millet,Dodoma,2026-02-16,1200.0,900.0,800.0,800.0,800.0,100.0,0.0,12.5,2,8,2026,825.0,50.0,1200.0
bulrush_millet,Dodoma,2026-02-23,1200.0,1200.0,900.0,800.0,800.0,300.0,100.0,33.33333333333333,2,9,2026,925.0,189.29694486000912,1000.0
bulrush_millet,Dodoma,2026-03-02,1000.0,1200.0,1200.0,900.0,800.0,0.0,300.0,0.0,3,10,2026,1025.0,206.15528128088303,1100.0
bulrush_millet,Dodoma,2026-03-09,1100.0,1000.0,1200.0,1200.0,900.0,-200.0,0.0,-16.666666666666664,3,11,2026,1075.0,150.0,1400.0
bulrush_millet,Dodoma,2026-03-16,1400.0,1100.0,1000.0,1200.0,1200.0,100.0,-200.0,10.0,3,12,2026,1125.0,95.74271077563385,1400.0
bulrush_millet,Dodoma,2026-03-23,1400.0,1400.0,1100.0,1000.0,1200.0,300.0,100.0,27.27272727272727,3,13,2026,1175.0,170.78251276599332,1400.0
bulrush_millet,Dodoma,2026-03-30,1400.0,1400.0,1400.0,1100.0,1000.0,0.0,300.0,0.0,3,14,2026,1225.0,206.15528128088303,1400.0
bulrush_millet,Dodoma,2026-04-06,1400.0,1400.0,1400.0,1400.0,1100.0,0.0,0.0,0.0,4,15,2026,1325.0,150.00000000000003,1400.0
bulrush_millet,Dodoma,2026-04-13,1400.0,1400.0,1400.0,1400.0,1400.0,0.0,0.0,0.0,4,16,2026,1400.0,0.0,1400.0
bulrush_millet,Dodoma,2026-04-20,1400.0,1400.0,1400.0,1400.0,1400.0,0.0,0.0,0.0,4,17,2026,1400.0,0.0,1400.0
bulrush_millet,Dodoma,2026-04-27,1400.0,1400.0,1400.0,1400.0,1400.0,0.0,0.0,0.0,4,18,2026,1400.0,0.0,1400.0
bulrush_millet,Dodoma,2026-05-04,1400.0,1400.0,1400.0,1400.0,1400.0,0.0,0.0,0.0,5,19,2026,1400.0,0.0,1400.0
bulrush_millet,Dodoma,2026-05-11,1400.0,1400.0,1400.0,1400.0,1400.0,0.0,0.0,0.0,5,20,2026,1400.0,0.0,1400.0
bulrush_millet,Dodoma,2026-05-18,1400.0,1400.0,1400.0,1400.0,1400.0,0.0,0.0,0.0,5,21,2026,1400.0,0.0,1300.0
bulrush_millet,Dodoma,2026-05-25,1300.0,1400.0,1400.0,1400.0,1400.0,0.0,0.0,0.0,5,22,2026,1400.0,0.0,1200.0
bulrush_millet,Dodoma,2026-06-01,1200.0,1300.0,1400.0,1400.0,1400.0,-100.0,0.0,-7.142857142857142,6,23,2026,1375.0,50.0,1200.0
bulrush_millet,Dodoma,2026-06-08,1200.0,1200.0,1300.0,1400.0,1400.0,-100.0,-100.0,-7.6923076923076925,6,24,2026,1325.0,95.74271077563382,1300.0
bulrush_millet,Dodoma,2026-06-15,1300.0,1200.0,1200.0,1300.0,1400.0,0.0,-100.0,0.0,6,25,2026,1275.0,95.74271077563382,1000.0
bulrush_millet,Geita,2025-06-30,,1900.0,1900.0,1900.0,1900.0,0.0,0.0,0.0,6,27,2025,1900.0,0.0,1900.0
bulrush_millet,Geita,2025-09-15,1900.0,1900.0,1900.0,1900.0,1900.0,0.0,0.0,0.0,9,38,2025,1900.0,0.0,1900.0
bulrush_millet,Geita,2025-09-22,1900.0,1900.0,1900.0,1900.0,1900.0,0.0,0.0,0.0,9,39,2025,1900.0,0.0,1900.0
bulrush_millet,Geita,2025-10-06,,1900.0,1900.0,1900.0,1900.0,0.0,0.0,0.0,10,41,2025,1900.0,0.0,1900.0
bulrush_millet,Geita,2026-02-16,2200.0,2200.0,2400.0,2200.0,2200.0,-200.0,200.0,-8.333333333333332,2,8,2026,2250.0,100.00000000000004,2200.0
bulrush_millet,Geita,2026-02-23,2200.0,2200.0,2200.0,2400.0,2200.0,0.0,-200.0,0.0,2,9,2026,2250.0,100.00000000000004,2500.0
bulrush_millet,Geita,2026-03-02,2500.0,2200.0,2200.0,2200.0,2400.0,0.0,0.0,0.0,3,10,2026,2250.0,100.00000000000004,2200.0
bulrush_millet,Geita,2026-03-09,2200.0,2500.0,2200.0,2200.0,2200.0,300.0,0.0,13.636363636363635,3,11,2026,2275.0,150.0,2200.0
bulrush_millet,Geita,2026-03-16,2200.0,2200.0,2500.0,2200.0,2200.0,-300.0,300.0,-12.0,3,12,2026,2275.0,150.0,2200.0
bulrush_millet,Geita,2026-03-23,2200.0,2200.0,2200.0,2500.0,2200.0,0.0,-300.0,0.0,3,13,2026,2275.0,150.0,2200.0
bulrush_millet,Geita,2026-03-30,2200.0,2200.0,2200.0,2200.0,2500.0,0.0,0.0,0.0,3,14,2026,2275.0,150.0,2200.0
bulrush_millet,Geita,2026-04-06,2200.0,2200.0,2200.0,2200.0,2200.0,0.0,0.0,0.0,4,15,2026,2200.0,0.0,2200.0
bulrush_millet,Geita,2026-04-13,2200.0,2200.0,2200.0,2200.0,2200.0,0.0,0.0,0.0,4,16,2026,2200.0,0.0,2200.0
bulrush_millet,Geita,2026-04-20,2200.0,2200.0,2200.0,2200.0,2200.0,0.0,0.0,0.0,4,17,2026,2200.0,0.0,2200.0
bulrush_millet,Geita,2026-04-27,2200.0,2200.0,2200.0,2200.0,2200.0,0.0,0.0,0.0,4,18,2026,2200.0,0.0,2200.0
bulrush_millet,Geita,2026-05-04,2200.0,2200.0,2200.0,2200.0,2200.0,0.0,0.0,0.0,5,19,2026,2200.0,0.0,2200.0
bulrush_millet,Geita,2026-05-11,2200.0,2200.0,2200.0,2200.0,2200.0,0.0,0.0,0.0,5,20,2026,2200.0,0.0,2200.0
bulrush_millet,Geita,2026-05-18,2200.0,2200.0,2200.0,2200.0,2200.0,0.0,0.0,0.0,5,21,2026,2200.0,0.0,2200.0
bulrush_millet,Geita,2026-05-25,2200.0,2200.0,2200.0,2200.0,2200.0,0.0,0.0,0.0,5,22,2026,2200.0,0.0,2200.0
bulrush_millet,Geita,2026-06-01,2200.0,2200.0,2200.0,2200.0,2200.0,0.0,0.0,0.0,6,23,2026,2200.0,0.0,2200.0
bulrush_millet,Geita,2026-06-08,2200.0,2200.0,2200.0,2200.0,2200.0,0.0,0.0,0.0,6,24,2026,2200.0,0.0,2200.0
bulrush_millet,Geita,2026-06-15,2200.0,2200.0,2200.0,2200.0,2200.0,0.0,0.0,0.0,6,25,2026,2200.0,0.0,2400.0
bulrush_millet,Iringa,2024-12-30,1800.0,1400.0,1400.0,1400.0,1400.0,0.0,0.0,0.0,12,1,2024,1400.0,0.0,1800.0
bulrush_millet,Iringa,2025-01-06,1800.0,1800.0,1400.0,1400.0,1400.0,400.0,0.0,28.57142857142857,1,2,2025,1500.0,200.0,1800.0
bulrush_millet,Iringa,2025-01-13,1800.0,1800.0,1800.0,1400.0,1400.0,0.0,400.0,0.0,1,3,2025,1600.0,230.94010767585033,1800.0
bulrush_millet,Iringa,2025-01-20,1800.0,1800.0,1800.0,1800.0,1400.0,0.0,0.0,0.0,1,4,2025,1700.0,200.00000000000003,1800.0
bulrush_millet,Iringa,2025-01-27,1800.0,1800.0,1800.0,1800.0,1800.0,0.0,0.0,0.0,1,5,2025,1800.0,0.0,1400.0
bulrush_millet,Iringa,2025-02-03,1400.0,1800.0,1800.0,1800.0,1800.0,0.0,0.0,0.0,2,6,2025,1800.0,0.0,1400.0
bulrush_millet,Iringa,2025-02-10,1400.0,1400.0,1800.0,1800.0,1800.0,-400.0,0.0,-22.22222222222222,2,7,2025,1700.0,200.0,1200.0
bulrush_millet,Iringa,2025-02-17,1200.0,1400.0,1400.0,1800.0,1800.0,0.0,-400.0,0.0,2,8,2025,1600.0,230.94010767585033,1400.0
bulrush_millet,Iringa,2025-02-24,1400.0,1200.0,1400.0,1400.0,1800.0,-200.0,0.0,-14.285714285714285,2,9,2025,1450.0,251.66114784235833,1400.0
bulrush_millet,Iringa,2025-03-03,1400.0,1400.0,1200.0,1400.0,1400.0,200.0,-200.0,16.666666666666664,3,10,2025,1350.0,99.99999999999994,1400.0
bulrush_millet,Iringa,2025-03-17,,1400.0,1400.0,1400.0,1200.0,0.0,0.0,0.0,3,12,2025,1350.0,99.99999999999994,1400.0
bulrush_millet,Iringa,2025-05-19,1400.0,1400.0,1400.0,1400.0,1400.0,0.0,0.0,0.0,5,21,2025,1400.0,0.0,1300.0
bulrush_millet,Iringa,2025-05-26,1300.0,1400.0,1400.0,1400.0,1400.0,0.0,0.0,0.0,5,22,2025,1400.0,0.0,1400.0
bulrush_millet,Iringa,2025-06-02,1400.0,1300.0,1400.0,1400.0,1400.0,-100.0,0.0,-7.142857142857142,6,23,2025,1375.0,50.0,1300.0
bulrush_millet,Iringa,2025-06-09,1300.0,1400.0,1300.0,1400.0,1400.0,100.0,-100.0,7.6923076923076925,6,24,2025,1375.0,50.0,1400.0
bulrush_millet,Iringa,2025-06-16,1400.0,1300.0,1400.0,1300.0,1400.0,-100.0,100.0,-7.142857142857142,6,25,2025,1350.0,57.735026918962596,1400.0
bulrush_millet,Iringa,2025-06-30,,1400.0,1400.0,1300.0,1400.0,0.0,100.0,0.0,6,27,2025,1375.0,49.99999999999999,1300.0
bulrush_millet,Iringa,2025-08-04,1300.0,1300.0,1300.0,1300.0,1300.0,0.0,0.0,0.0,8,32,2025,1300.0,0.0,1300.0
bulrush_millet,Iringa,2025-08-11,1300.0,1300.0,1300.0,1300.0,1300.0,0.0,0.0,0.0,8,33,2025,1300.0,0.0,1300.0
bulrush_millet,Iringa,2025-08-18,1300.0,1300.0,1300.0,1300.0,1300.0,0.0,0.0,0.0,8,34,2025,1300.0,0.0,1500.0
bulrush_millet,Iringa,2025-08-25,1500.0,1300.0,1300.0,1300.0,1300.0,0.0,0.0,0.0,8,35,2025,1300.0,0.0,1400.0
bulrush_millet,Iringa,2025-09-01,1400.0,1500.0,1300.0,1300.0,1300.0,200.0,0.0,15.384615384615385,9,36,2025,1350.0,100.0,1400.0
bulrush_millet,Iringa,2025-09-08,1400.0,1400.0,1500.0,1300.0,1300.0,-100.0,200.0,-6.666666666666667,9,37,2025,1375.0,95.74271077563381,1500.0
bulrush_millet,Iringa,2025-09-15,1500.0,1400.0,1400.0,1500.0,1300.0,0.0,-100.0,0.0,9,38,2025,1400.0,81.6496580927726,1600.0
bulrush_millet,Iringa,2025-09-22,1600.0,1500.0,1400.0,1400.0,1500.0,100.0,0.0,7.142857142857142,9,39,2025,1450.0,57.7350269189626,1600.0
bulrush_millet,Iringa,2025-09-29,1600.0,1600.0,1500.0,1400.0,1400.0,100.0,100.0,6.666666666666667,9,40,2025,1475.0,95.74271077563384,1600.0
bulrush_millet,Iringa,2025-10-13,,1600.0,1600.0,1600.0,1500.0,0.0,0.0,0.0,10,42,2025,1575.0,50.00000000000001,1600.0
bulrush_millet,Iringa,2026-02-16,1900.0,1900.0,1900.0,1900.0,1900.0,0.0,0.0,0.0,2,8,2026,1900.0,0.0,1900.0
bulrush_millet,Iringa,2026-02-23,1900.0,1900.0,1900.0,1900.0,1900.0,0.0,0.0,0.0,2,9,2026,1900.0,0.0,1900.0
bulrush_millet,Iringa,2026-03-02,1900.0,1900.0,1900.0,1900.0,1900.0,0.0,0.0,0.0,3,10,2026,1900.0,0.0,1900.0
bulrush_millet,Iringa,2026-03-09,1900.0,1900.0,1900.0,1900.0,1900.0,0.0,0.0,0.0,3,11,2026,1900.0,0.0,1900.0
bulrush_millet,Iringa,2026-03-16,1900.0,1900.0,1900.0,1900.0,1900.0,0.0,0.0,0.0,3,12,2026,1900.0,0.0,1900.0
bulrush_millet,Iringa,2026-03-23,1900.0,1900.0,1900.0,1900.0,1900.0,0.0,0.0,0.0,3,13,2026,1900.0,0.0,1900.0
bulrush_millet,Iringa,2026-03-30,1900.0,1900.0,1900.0,1900.0,1900.0,0.0,0.0,0.0,3,14,2026,1900.0,0.0,1900.0
bulrush_millet,Iringa,2026-04-06,1900.0,1900.0,1900.0,1900.0,1900.0,0.0,0.0,0.0,4,15,2026,1900.0,0.0,1900.0
bulrush_millet,Iringa,2026-04-13,1900.0,1900.0,1900.0,1900.0,1900.0,0.0,0.0,0.0,4,16,2026,1900.0,0.0,1900.0
bulrush_millet,Iringa,2026-04-20,1900.0,1900.0,1900.0,1900.0,1900.0,0.0,0.0,0.0,4,17,2026,1900.0,0.0,1900.0
bulrush_millet,Iringa,2026-04-27,1900.0,1900.0,1900.0,1900.0,1900.0,0.0,0.0,0.0,4,18,2026,1900.0,0.0,1900.0
bulrush_millet,Iringa,2026-05-04,1900.0,1900.0,1900.0,1900.0,1900.0,0.0,0.0,0.0,5,19,2026,1900.0,0.0,1900.0
bulrush_millet,Iringa,2026-05-11,1900.0,1900.0,1900.0,1900.0,1900.0,0.0,0.0,0.0,5,20,2026,1900.0,0.0,1900.0
bulrush_millet,Iringa,2026-05-18,1900.0,1900.0,1900.0,1900.0,1900.0,0.0,0.0,0.0,5,21,2026,1900.0,0.0,1900.0
bulrush_millet,Iringa,2026-05-25,1900.0,1900.0,1900.0,1900.0,1900.0,0.0,0.0,0.0,5,22,2026,1900.0,0.0,1900.0
bulrush_millet,Iringa,2026-06-01,1900.0,1900.0,1900.0,1900.0,1900.0,0.0,0.0,0.0,6,23,2026,1900.0,0.0,1900.0
bulrush_millet,Iringa,2026-06-08,1900.0,1900.0,1900.0,1900.0,1900.0,0.0,0.0,0.0,6,24,2026,1900.0,0.0,1900.0
bulrush_millet,Iringa,2026-06-15,1900.0,1900.0,1900.0,1900.0,1900.0,0.0,0.0,0.0,6,25,2026,1900.0,0.0,1900.0
bulrush_millet,Kagera,2024-12-30,1500.0,1500.0,1500.0,1500.0,1500.0,0.0,0.0,0.0,12,1,2024,1500.0,0.0,1500.0
bulrush_millet,Kagera,2025-01-06,1500.0,1500.0,1500.0,1500.0,1500.0,0.0,0.0,0.0,1,2,2025,1500.0,0.0,1500.0
bulrush_millet,Kagera,2025-01-13,1500.0,1500.0,1500.0,1500.0,1500.0,0.0,0.0,0.0,1,3,2025,1500.0,0.0,1500.0
bulrush_millet,Kagera,2025-01-20,1500.0,1500.0,1500.0,1500.0,1500.0,0.0,0.0,0.0,1,4,2025,1500.0,0.0,1600.0
bulrush_millet,Kagera,2025-01-27,1600.0,1500.0,1500.0,1500.0,1500.0,0.0,0.0,0.0,1,5,2025,1500.0,0.0,1500.0
bulrush_millet,Kagera,2025-02-03,1500.0,1600.0,1500.0,1500.0,1500.0,100.0,0.0,6.666666666666667,2,6,2025,1525.0,50.0,1500.0
bulrush_millet,Kagera,2025-02-10,1500.0,1500.0,1600.0,1500.0,1500.0,-100.0,100.0,-6.25,2,7,2025,1525.0,50.0,1500.0
bulrush_millet,Kagera,2025-02-24,,1500.0,1500.0,1500.0,1600.0,0.0,0.0,0.0,2,9,2025,1525.0,50.0,1500.0
bulrush_millet,Kagera,2025-04-21,1600.0,1600.0,2000.0,2100.0,1600.0,-400.0,-100.0,-20.0,4,17,2025,1825.0,262.9955639676583,1600.0
bulrush_millet,Kagera,2025-04-28,1600.0,1600.0,1600.0,2000.0,2100.0,0.0,-400.0,0.0,4,18,2025,1825.0,262.9955639676583,1700.0
bulrush_millet,Kagera,2025-05-05,1700.0,1600.0,1600.0,1600.0,2000.0,0.0,0.0,0.0,5,19,2025,1700.0,199.99999999999991,1600.0
bulrush_millet,Kagera,2025-05-12,1600.0,1700.0,1600.0,1600.0,1600.0,100.0,0.0,6.25,5,20,2025,1625.0,50.0,1700.0
bulrush_millet,Kagera,2025-05-19,1700.0,1600.0,1700.0,1600.0,1600.0,-100.0,100.0,-5.88235294117647,5,21,2025,1625.0,50.0,1700.0
bulrush_millet,Kagera,2025-05-26,1700.0,1700.0,1600.0,1700.0,1600.0,100.0,-100.0,6.25,5,22,2025,1650.0,57.735026918962596,1600.0
bulrush_millet,Kagera,2025-06-02,1600.0,1700.0,1700.0,1600.0,1700.0,0.0,100.0,0.0,6,23,2025,1675.0,49.99999999999999,1600.0
bulrush_millet,Kagera,2025-06-09,1600.0,1600.0,1700.0,1700.0,1600.0,-100.0,0.0,-5.88235294117647,6,24,2025,1650.0,57.735026918962596,1700.0
bulrush_millet,Kagera,2025-06-16,1700.0,1600.0,1600.0,1700.0,1700.0,0.0,-100.0,0.0,6,25,2025,1650.0,57.735026918962596,1700.0
bulrush_millet,Kagera,2025-06-30,,1700.0,1700.0,1600.0,1600.0,0.0,100.0,0.0,6,27,2025,1650.0,57.735026918962596,1700.0
bulrush_millet,Kagera,2025-09-15,1600.0,1700.0,1700.0,1600.0,1600.0,0.0,100.0,0.0,9,38,2025,1650.0,57.73502691896261,1700.0
bulrush_millet,Kagera,2025-09-22,1700.0,1600.0,1700.0,1700.0,1600.0,-100.0,0.0,-5.88235294117647,9,39,2025,1650.0,57.73502691896261,1600.0
bulrush_millet,Kagera,2025-09-29,1600.0,1700.0,1600.0,1700.0,1700.0,100.0,-100.0,6.25,9,40,2025,1675.0,50.000000000000014,1600.0
bulrush_millet,Kagera,2025-10-06,1600.0,1600.0,1700.0,1600.0,1700.0,-100.0,100.0,-5.88235294117647,10,41,2025,1650.0,57.73502691896261,1600.0
bulrush_millet,Kagera,2025-12-01,1700.0,1700.0,1700.0,1700.0,1700.0,0.0,0.0,0.0,12,49,2025,1700.0,0.0,1700.0
bulrush_millet,Kagera,2025-12-08,1700.0,1700.0,1700.0,1700.0,1700.0,0.0,0.0,0.0,12,50,2025,1700.0,0.0,1700.0
bulrush_millet,Kagera,2025-12-22,,1700.0,1700.0,1700.0,1700.0,0.0,0.0,0.0,12,52,2025,1700.0,0.0,1700.0
bulrush_millet,Kagera,2026-02-16,1700.0,1700.0,1700.0,1700.0,1700.0,0.0,0.0,0.0,2,8,2026,1700.0,0.0,1600.0
bulrush_millet,Kagera,2026-02-23,1600.0,1700.0,1700.0,1700.0,1700.0,0.0,0.0,0.0,2,9,2026,1700.0,0.0,1600.0
bulrush_millet,Kagera,2026-03-02,1600.0,1600.0,1700.0,1700.0,1700.0,-100.0,0.0,-5.88235294117647,3,10,2026,1675.0,50.0,1600.0
bulrush_millet,Kagera,2026-03-09,1600.0,1600.0,1600.0,1700.0,1700.0,0.0,-100.0,0.0,3,11,2026,1650.0,57.735026918962596,1600.0
bulrush_millet,Kagera,2026-03-16,1600.0,1600.0,1600.0,1600.0,1700.0,0.0,0.0,0.0,3,12,2026,1625.0,49.99999999999999,1600.0
bulrush_millet,Kagera,2026-03-23,1600.0,1600.0,1600.0,1600.0,1600.0,0.0,0.0,0.0,3,13,2026,1600.0,0.0,1600.0
bulrush_millet,Kagera,2026-03-30,1600.0,1600.0,1600.0,1600.0,1600.0,0.0,0.0,0.0,3,14,2026,1600.0,0.0,1600.0
bulrush_millet,Kagera,2026-04-06,1600.0,1600.0,1600.0,1600.0,1600.0,0.0,0.0,0.0,4,15,2026,1600.0,0.0,1500.0
bulrush_millet,Kagera,2026-04-13,1500.0,1600.0,1600.0,1600.0,1600.0,0.0,0.0,0.0,4,16,2026,1600.0,0.0,1500.0
bulrush_millet,Kagera,2026-04-20,1500.0,1500.0,1600.0,1600.0,1600.0,-100.0,0.0,-6.25,4,17,2026,1575.0,50.0,1500.0
bulrush_millet,Kagera,2026-04-27,1500.0,1500.0,1500.0,1600.0,1600.0,0.0,-100.0,0.0,4,18,2026,1550.0,57.735026918962596,1500.0
bulrush_millet,Kagera,2026-05-04,1500.0,1500.0,1500.0,1500.0,1600.0,0.0,0.0,0.0,5,19,2026,1525.0,49.99999999999999,1500.0
bulrush_millet,Kagera,2026-05-11,1500.0,1500.0,1500.0,1500.0,1500.0,0.0,0.0,0.0,5,20,2026,1500.0,0.0,1500.0
bulrush_millet,Kagera,2026-05-18,1500.0,1500.0,1500.0,1500.0,1500.0,0.0,0.0,0.0,5,21,2026,1500.0,0.0,1500.0
bulrush_millet,Kagera,2026-05-25,1500.0,1500.0,1500.0,1500.0,1500.0,0.0,0.0,0.0,5,22,2026,1500.0,0.0,1500.0
bulrush_millet,Kagera,2026-06-01,1500.0,1500.0,1500.0,1500.0,1500.0,0.0,0.0,0.0,6,23,2026,1500.0,0.0,1500.0
bulrush_millet,Kagera,2026-06-08,1500.0,1500.0,1500.0,1500.0,1500.0,0.0,0.0,0.0,6,24,2026,1500.0,0.0,1500.0
bulrush_millet,Kagera,2026-06-15,1500.0,1500.0,1500.0,1500.0,1500.0,0.0,0.0,0.0,6,25,2026,1500.0,0.0,1500.0
bulrush_millet,Kigoma,2025-04-21,,2700.0,2500.0,2500.0,2500.0,200.0,0.0,8.0,4,17,2025,2550.0,100.0,2500.0
bulrush_millet,Kigoma,2025-09-22,,1100.0,1100.0,1100.0,1100.0,0.0,0.0,0.0,9,39,2025,1100.0,0.0,1200.0
bulrush_millet,Kigoma,2025-12-08,,1100.0,1100.0,1100.0,1100.0,0.0,0.0,0.0,12,50,2025,1100.0,0.0,1100.0
bulrush_millet,Kigoma,2026-03-02,1100.0,1100.0,1100.0,1100.0,1100.0,0.0,0.0,0.0,3,10,2026,1100.0,0.0,1100.0
bulrush_millet,Kigoma,2026-03-09,1100.0,1100.0,1100.0,1100.0,1100.0,0.0,0.0,0.0,3,11,2026,1100.0,0.0,1200.0
bulrush_millet,Kigoma,2026-03-23,,1200.0,1100.0,1100.0,1100.0,100.0,0.0,9.090909090909092,3,13,2026,1125.0,50.0,1200.0
bulrush_millet,Kigoma,2026-04-27,1500.0,1500.0,1500.0,1400.0,1200.0,0.0,100.0,0.0,4,18,2026,1400.0,141.42135623730945,1500.0
bulrush_millet,Kigoma,2026-05-04,1500.0,1500.0,1500.0,1500.0,1400.0,0.0,0.0,0.0,5,19,2026,1475.0,49.999999999999794,1500.0
bulrush_millet,Kigoma,2026-05-11,1500.0,1500.0,1500.0,1500.0,1500.0,0.0,0.0,0.0,5,20,2026,1500.0,0.0,1800.0
bulrush_millet,Lindi,2025-04-21,2900.0,3000.0,2900.0,2900.0,2900.0,100.0,0.0,3.4482758620689653,4,17,2025,2925.0,50.0,3000.0
bulrush_millet,Lindi,2025-04-28,3000.0,2900.0,3000.0,2900.0,2900.0,-100.0,100.0,-3.3333333333333335,4,18,2025,2925.0,50.0,2900.0
bulrush_millet,Lindi,2025-05-05,2900.0,3000.0,2900.0,3000.0,2900.0,100.0,-100.0,3.4482758620689653,5,19,2025,2950.0,57.73502691896255,2900.0
bulrush_millet,Lindi,2025-05-12,2900.0,2900.0,3000.0,2900.0,3000.0,-100.0,100.0,-3.3333333333333335,5,20,2025,2950.0,57.73502691896255,3000.0
bulrush_millet,Lindi,2025-05-19,3000.0,2900.0,2900.0,3000.0,2900.0,0.0,-100.0,0.0,5,21,2025,2925.0,50.0,2800.0
bulrush_millet,Lindi,2025-05-26,2800.0,3000.0,2900.0,2900.0,3000.0,100.0,0.0,3.4482758620689653,5,22,2025,2950.0,57.73502691896255,2800.0
bulrush_millet,Lindi,2025-06-09,,2800.0,2800.0,3000.0,2900.0,0.0,-200.0,0.0,6,24,2025,2875.0,95.74271077563382,3000.0
bulrush_millet,Lindi,2025-09-01,2900.0,2900.0,2900.0,2900.0,2000.0,0.0,0.0,0.0,9,36,2025,2675.0,450.0,2900.0
bulrush_millet,Lindi,2025-09-08,2900.0,2900.0,2900.0,2900.0,2900.0,0.0,0.0,0.0,9,37,2025,2900.0,0.0,2900.0
bulrush_millet,Lindi,2025-09-15,2900.0,2900.0,2900.0,2900.0,2900.0,0.0,0.0,0.0,9,38,2025,2900.0,0.0,2900.0
bulrush_millet,Lindi,2025-09-29,,2900.0,2900.0,2900.0,2900.0,0.0,0.0,0.0,9,40,2025,2900.0,0.0,2900.0
bulrush_millet,Lindi,2025-12-01,3000.0,2900.0,3000.0,3000.0,3000.0,-100.0,0.0,-3.3333333333333335,12,49,2025,2975.0,50.0,3000.0
bulrush_millet,Lindi,2026-02-16,2900.0,3000.0,3000.0,3000.0,3000.0,0.0,0.0,0.0,2,8,2026,3000.0,0.0,2900.0
bulrush_millet,Lindi,2026-02-23,2900.0,2900.0,3000.0,3000.0,3000.0,-100.0,0.0,-3.3333333333333335,2,9,2026,2975.0,50.0,2900.0
bulrush_millet,Lindi,2026-03-02,2900.0,2900.0,2900.0,3000.0,3000.0,0.0,-100.0,0.0,3,10,2026,2950.0,57.73502691896255,2900.0
bulrush_millet,Lindi,2026-03-16,,2900.0,2900.0,2900.0,2900.0,0.0,0.0,0.0,3,12,2026,2900.0,0.0,2900.0
bulrush_millet,Lindi,2026-05-04,,2800.0,2900.0,3000.0,3000.0,-100.0,-100.0,-3.4482758620689653,5,19,2026,2925.0,95.74271077563375,1800.0
bulrush_millet,Lindi,2026-06-15,,2800.0,2800.0,2800.0,2800.0,0.0,0.0,0.0,6,25,2026,2800.0,0.0,2800.0
bulrush_millet,Manyara,2026-04-06,1900.0,1800.0,1800.0,1800.0,1800.0,0.0,0.0,0.0,4,15,2026,1800.0,0.0,1800.0
bulrush_millet,Manyara,2026-04-13,1800.0,1900.0,1800.0,1800.0,1800.0,100.0,0.0,5.555555555555555,4,16,2026,1825.0,50.0,1800.0
bulrush_millet,Manyara,2026-04-20,1800.0,1800.0,1900.0,1800.0,1800.0,-100.0,100.0,-5.263157894736842,4,17,2026,1825.0,50.0,1800.0
bulrush_millet,Manyara,2026-04-27,1800.0,1800.0,1800.0,1900.0,1800.0,0.0,-100.0,0.0,4,18,2026,1825.0,50.0,1900.0
bulrush_millet,Manyara,2026-05-04,1900.0,1800.0,1800.0,1800.0,1900.0,0.0,0.0,0.0,5,19,2026,1825.0,50.0,1900.0
bulrush_millet,Manyara,2026-05-11,1900.0,1900.0,1800.0,1800.0,1800.0,100.0,0.0,5.555555555555555,5,20,2026,1825.0,50.0,1900.0
bulrush_millet,Manyara,2026-05-18,1900.0,1900.0,1900.0,1800.0,1800.0,0.0,100.0,0.0,5,21,2026,1850.0,57.735026918962596,1800.0
bulrush_millet,Manyara,2026-05-25,1800.0,1900.0,1900.0,1900.0,1800.0,0.0,0.0,0.0,5,22,2026,1875.0,49.99999999999999,2000.0
bulrush_millet,Manyara,2026-06-01,2000.0,1800.0,1900.0,1900.0,1900.0,-100.0,0.0,-5.263157894736842,6,23,2026,1875.0,50.0,2000.0
bulrush_millet,Manyara,2026-06-08,2000.0,2000.0,1800.0,1900.0,1900.0,200.0,-100.0,11.11111111111111,6,24,2026,1900.0,81.64965809277258,2000.0
bulrush_millet,Manyara,2026-06-15,2000.0,2000.0,2000.0,1800.0,1900.0,0.0,200.0,0.0,6,25,2026,1925.0,95.7427107756338,2000.0
bulrush_millet,Mara,2024-12-30,1900.0,1800.0,1800.0,1800.0,1800.0,0.0,0.0,0.0,12,1,2024,1800.0,0.0,1900.0
bulrush_millet,Mara,2025-01-06,1900.0,1900.0,1800.0,1800.0,1800.0,100.0,0.0,5.555555555555555,1,2,2025,1825.0,50.0,1800.0
bulrush_millet,Mara,2025-05-26,1700.0,1700.0,1700.0,1800.0,1800.0,0.0,-100.0,0.0,5,22,2025,1750.0,57.73502691896261,1600.0
bulrush_millet,Mara,2025-06-02,1600.0,1700.0,1700.0,1700.0,1800.0,0.0,0.0,0.0,6,23,2025,1725.0,50.000000000000014,1500.0
bulrush_millet,Mara,2025-06-09,1500.0,1600.0,1700.0,1700.0,1700.0,-100.0,0.0,-5.88235294117647,6,24,2025,1675.0,50.0,1400.0
bulrush_millet,Mara,2025-08-11,,1800.0,1700.0,1600.0,1600.0,100.0,100.0,5.88235294117647,8,33,2025,1675.0,95.74271077563385,1500.0
bulrush_millet,Mara,2025-12-08,,1700.0,1600.0,1600.0,1600.0,100.0,0.0,6.25,12,50,2025,1625.0,50.0,1700.0
bulrush_millet,Mara,2026-02-16,1300.0,1300.0,1300.0,1200.0,1300.0,0.0,100.0,0.0,2,8,2026,1275.0,50.00000000000012,1300.0
bulrush_millet,Mara,2026-03-02,,1300.0,1300.0,1300.0,1300.0,0.0,0.0,0.0,3,10,2026,1300.0,0.0,1300.0
bulrush_millet,Mwanza,2024-12-30,,1400.0,1300.0,1300.0,1400.0,100.0,0.0,7.6923076923076925,12,1,2024,1350.0,57.735026918962575,1300.0
bulrush_millet,Mwanza,2025-02-03,,1300.0,1300.0,1300.0,1300.0,0.0,0.0,0.0,2,6,2025,1300.0,0.0,1300.0
bulrush_millet,Mwanza,2025-04-21,1400.0,1400.0,1400.0,1300.0,1400.0,0.0,100.0,0.0,4,17,2025,1375.0,50.000000000000014,1600.0
bulrush_millet,Mwanza,2025-04-28,1600.0,1400.0,1400.0,1400.0,1300.0,0.0,0.0,0.0,4,18,2025,1375.0,50.000000000000014,1400.0
bulrush_millet,Mwanza,2025-05-05,1400.0,1600.0,1400.0,1400.0,1400.0,200.0,0.0,14.285714285714285,5,19,2025,1450.0,100.0,1400.0
bulrush_millet,Mwanza,2025-05-12,1400.0,1400.0,1600.0,1400.0,1400.0,-200.0,200.0,-12.5,5,20,2025,1450.0,100.0,1400.0
bulrush_millet,Mwanza,2025-05-19,1400.0,1400.0,1400.0,1600.0,1400.0,0.0,-200.0,0.0,5,21,2025,1450.0,100.0,1400.0
bulrush_millet,Mwanza,2025-05-26,1400.0,1400.0,1400.0,1400.0,1600.0,0.0,0.0,0.0,5,22,2025,1450.0,100.0,1400.0
bulrush_millet,Mwanza,2025-06-02,1400.0,1400.0,1400.0,1400.0,1400.0,0.0,0.0,0.0,6,23,2025,1400.0,0.0,1400.0
bulrush_millet,Mwanza,2025-06-09,1400.0,1400.0,1400.0,1400.0,1400.0,0.0,0.0,0.0,6,24,2025,1400.0,0.0,1300.0
bulrush_millet,Mwanza,2025-06-16,1300.0,1400.0,1400.0,1400.0,1400.0,0.0,0.0,0.0,6,25,2025,1400.0,0.0,1400.0
bulrush_millet,Mwanza,2025-06-30,,1400.0,1300.0,1400.0,1400.0,100.0,-100.0,7.6923076923076925,6,27,2025,1375.0,50.0,1300.0
bulrush_millet,Mwanza,2025-09-08,1250.0,1300.0,1300.0,1300.0,1200.0,0.0,0.0,0.0,9,37,2025,1275.0,49.99999999999998,1200.0
bulrush_millet,Mwanza,2025-09-15,1200.0,1250.0,1300.0,1300.0,1300.0,-50.0,0.0,-3.8461538461538463,9,38,2025,1287.5,25.0,1200.0
bulrush_millet,Mwanza,2025-09-22,1200.0,1200.0,1250.0,1300.0,1300.0,-50.0,-50.0,-4.0,9,39,2025,1262.5,47.871355387816884,1200.0
bulrush_millet,Mwanza,2025-09-29,1200.0,1200.0,1200.0,1250.0,1300.0,0.0,-50.0,0.0,9,40,2025,1237.5,47.871355387816884,1200.0
bulrush_millet,Mwanza,2025-10-13,,1200.0,1200.0,1200.0,1200.0,0.0,0.0,0.0,10,42,2025,1200.0,0.0,1200.0
bulrush_millet,Mwanza,2026-02-16,1500.0,1500.0,1600.0,1600.0,1400.0,-100.0,0.0,-6.25,2,8,2026,1525.0,95.74271077563378,1500.0
bulrush_millet,Mwanza,2026-02-23,1500.0,1500.0,1500.0,1600.0,1600.0,0.0,-100.0,0.0,2,9,2026,1550.0,57.735026918962504,1500.0
bulrush_millet,Mwanza,2026-03-02,1500.0,1500.0,1500.0,1500.0,1600.0,0.0,0.0,0.0,3,10,2026,1525.0,49.9999999999999,1500.0
bulrush_millet,Mwanza,2026-03-09,1500.0,1500.0,1500.0,1500.0,1500.0,0.0,0.0,0.0,3,11,2026,1500.0,0.0,1600.0
bulrush_millet,Mwanza,2026-03-16,1600.0,1500.0,1500.0,1500.0,1500.0,0.0,0.0,0.0,3,12,2026,1500.0,0.0,1600.0
bulrush_millet,Mwanza,2026-03-23,1600.0,1600.0,1500.0,1500.0,1500.0,100.0,0.0,6.666666666666667,3,13,2026,1525.0,50.0,1600.0
bulrush_millet,Mwanza,2026-03-30,1600.0,1600.0,1600.0,1500.0,1500.0,0.0,100.0,0.0,3,14,2026,1550.0,57.735026918962596,1600.0
bulrush_millet,Mwanza,2026-04-06,1600.0,1600.0,1600.0,1600.0,1500.0,0.0,0.0,0.0,4,15,2026,1575.0,49.99999999999999,1600.0
bulrush_millet,Mwanza,2026-04-13,1600.0,1600.0,1600.0,1600.0,1600.0,0.0,0.0,0.0,4,16,2026,1600.0,0.0,1600.0
bulrush_millet,Mwanza,2026-04-20,1600.0,1600.0,1600.0,1600.0,1600.0,0.0,0.0,0.0,4,17,2026,1600.0,0.0,1500.0
bulrush_millet,Mwanza,2026-04-27,1500.0,1600.0,1600.0,1600.0,1600.0,0.0,0.0,0.0,4,18,2026,1600.0,0.0,1500.0
bulrush_millet,Pwani,2025-04-21,,1600.0,1600.0,1600.0,1600.0,0.0,0.0,0.0,4,17,2025,1600.0,0.0,1600.0
bulrush_millet,Pwani,2025-05-26,1600.0,1600.0,1600.0,1600.0,1600.0,0.0,0.0,0.0,5,22,2025,1600.0,0.0,1600.0
bulrush_millet,Pwani,2025-06-02,1600.0,1600.0,1600.0,1600.0,1600.0,0.0,0.0,0.0,6,23,2025,1600.0,0.0,1600.0
bulrush_millet,Pwani,2025-06-09,1600.0,1600.0,1600.0,1600.0,1600.0,0.0,0.0,0.0,6,24,2025,1600.0,0.0,1600.0
bulrush_millet,Pwani,2025-06-16,1600.0,1600.0,1600.0,1600.0,1600.0,0.0,0.0,0.0,6,25,2025,1600.0,0.0,1600.0
bulrush_millet,Pwani,2025-09-15,1600.0,1600.0,1600.0,1600.0,1600.0,0.0,0.0,0.0,9,38,2025,1600.0,0.0,1900.0
bulrush_millet,Pwani,2025-09-22,1900.0,1600.0,1600.0,1600.0,1600.0,0.0,0.0,0.0,9,39,2025,1600.0,0.0,1600.0
bulrush_millet,Pwani,2025-09-29,1600.0,1900.0,1600.0,1600.0,1600.0,300.0,0.0,18.75,9,40,2025,1675.0,150.0,1600.0
bulrush_millet,Pwani,2025-10-13,,1600.0,1600.0,1900.0,1600.0,0.0,-300.0,0.0,10,42,2025,1675.0,150.0,1600.0
bulrush_millet,Pwani,2026-02-23,,1900.0,1600.0,1600.0,1600.0,300.0,0.0,18.75,2,9,2026,1675.0,150.0,1900.0
bulrush_millet,Shinyanga,2025-02-03,1200.0,1100.0,1100.0,1000.0,1000.0,0.0,100.0,0.0,2,6,2025,1050.0,57.73502691896261,1100.0
bulrush_millet,Shinyanga,2025-02-10,1100.0,1200.0,1100.0,1100.0,1000.0,100.0,0.0,9.090909090909092,2,7,2025,1100.0,81.64965809277261,1600.0
bulrush_millet,Shinyanga,2025-02-24,,1600.0,1100.0,1200.0,1100.0,500.0,-100.0,45.45454545454545,2,9,2025,1250.0,238.04761428476172,1000.0
bulrush_millet,Shinyanga,2025-04-21,900.0,1000.0,1100.0,1100.0,1100.0,-100.0,0.0,-9.090909090909092,4,17,2025,1075.0,50.0,1000.0
bulrush_millet,Shinyanga,2025-04-28,1000.0,900.0,1000.0,1100.0,1100.0,-100.0,-100.0,-10.0,4,18,2025,1025.0,95.74271077563382,1200.0
bulrush_millet,Shinyanga,2025-05-05,1200.0,1000.0,900.0,1000.0,1100.0,100.0,-100.0,11.11111111111111,5,19,2025,1000.0,81.64965809277263,1100.0
bulrush_millet,Shinyanga,2025-05-12,1100.0,1200.0,1000.0,900.0,1000.0,200.0,100.0,20.0,5,20,2025,1025.0,125.83057392117918,1200.0
bulrush_millet,Shinyanga,2025-05-19,1200.0,1100.0,1200.0,1000.0,900.0,-100.0,200.0,-8.333333333333332,5,21,2025,1050.0,129.0994448735806,1200.0
bulrush_millet,Shinyanga,2025-05-26,1200.0,1200.0,1100.0,1200.0,1000.0,100.0,-100.0,9.090909090909092,5,22,2025,1125.0,95.74271077563385,1200.0
bulrush_millet,Shinyanga,2025-06-02,1200.0,1200.0,1200.0,1100.0,1200.0,0.0,100.0,0.0,6,23,2025,1175.0,50.00000000000003,1300.0
bulrush_millet,Shinyanga,2025-06-09,1300.0,1200.0,1200.0,1200.0,1100.0,0.0,0.0,0.0,6,24,2025,1175.0,50.00000000000003,1000.0
bulrush_millet,Shinyanga,2025-06-16,1000.0,1300.0,1200.0,1200.0,1200.0,100.0,0.0,8.333333333333332,6,25,2025,1225.0,50.0,1100.0
bulrush_millet,Shinyanga,2025-06-30,,1100.0,1000.0,1300.0,1200.0,100.0,-300.0,10.0,6,27,2025,1150.0,129.09944487358058,1000.0
bulrush_millet,Shinyanga,2025-08-04,1000.0,1000.0,1000.0,1100.0,1000.0,0.0,-100.0,0.0,8,32,2025,1025.0,49.99999999999991,1500.0
bulrush_millet,Shinyanga,2025-08-11,1500.0,1000.0,1000.0,1000.0,1100.0,0.0,0.0,0.0,8,33,2025,1025.0,49.99999999999991,1400.0
bulrush_millet,Shinyanga,2025-08-18,1400.0,1500.0,1000.0,1000.0,1000.0,500.0,0.0,50.0,8,34,2025,1125.0,250.0,1200.0
bulrush_millet,Shinyanga,2025-08-25,1200.0,1400.0,1500.0,1000.0,1000.0,-100.0,500.0,-6.666666666666667,8,35,2025,1225.0,262.9955639676583,1300.0
bulrush_millet,Shinyanga,2025-09-01,1300.0,1200.0,1400.0,1500.0,1000.0,-200.0,-100.0,-14.285714285714285,9,36,2025,1275.0,221.7355782608345,1400.0
bulrush_millet,Shinyanga,2025-09-08,1400.0,1300.0,1200.0,1400.0,1500.0,100.0,-200.0,8.333333333333332,9,37,2025,1350.0,129.0994448735805,1600.0
bulrush_millet,Shinyanga,2025-09-15,1600.0,1400.0,1300.0,1200.0,1400.0,100.0,100.0,7.6923076923076925,9,38,2025,1325.0,95.74271077563373,1200.0
bulrush_millet,Shinyanga,2025-09-22,1200.0,1600.0,1400.0,1300.0,1200.0,200.0,100.0,14.285714285714285,9,39,2025,1375.0,170.78251276599323,1200.0
bulrush_millet,Shinyanga,2025-09-29,1200.0,1200.0,1600.0,1400.0,1300.0,-400.0,200.0,-25.0,9,40,2025,1375.0,170.78251276599323,1100.0
bulrush_millet,Shinyanga,2025-10-13,,1100.0,1200.0,1200.0,1600.0,-100.0,0.0,-8.333333333333332,10,42,2025,1275.0,221.73557826083444,1600.0
bulrush_millet,Shinyanga,2025-12-08,1000.0,1100.0,1000.0,1000.0,1200.0,100.0,0.0,10.0,12,50,2025,1075.0,95.74271077563382,1100.0
bulrush_millet,Shinyanga,2025-12-22,,1100.0,1000.0,1100.0,1000.0,100.0,-100.0,10.0,12,52,2025,1050.0,57.73502691896258,1400.0
bulrush_millet,Shinyanga,2026-03-16,1500.0,1500.0,1600.0,1500.0,1500.0,-100.0,100.0,-6.25,3,12,2026,1525.0,50.00000000000002,1500.0
bulrush_millet,Shinyanga,2026-03-23,1500.0,1500.0,1500.0,1600.0,1500.0,0.0,-100.0,0.0,3,13,2026,1525.0,50.00000000000002,1500.0
bulrush_millet,Shinyanga,2026-03-30,1500.0,1500.0,1500.0,1500.0,1600.0,0.0,0.0,0.0,3,14,2026,1525.0,50.00000000000002,1600.0
bulrush_millet,Shinyanga,2026-04-06,1600.0,1500.0,1500.0,1500.0,1500.0,0.0,0.0,0.0,4,15,2026,1500.0,0.0,1600.0
bulrush_millet,Shinyanga,2026-04-13,1600.0,1600.0,1500.0,1500.0,1500.0,100.0,0.0,6.666666666666667,4,16,2026,1525.0,50.0,1400.0
bulrush_millet,Shinyanga,2026-04-20,1400.0,1600.0,1600.0,1500.0,1500.0,0.0,100.0,0.0,4,17,2026,1550.0,57.735026918962596,1400.0
bulrush_millet,Shinyanga,2026-05-04,,1400.0,1400.0,1600.0,1600.0,0.0,-200.0,0.0,5,19,2026,1500.0,115.47005383792515,1500.0
bulrush_millet,Shinyanga,2026-06-08,,1500.0,1500.0,1500.0,1500.0,0.0,0.0,0.0,6,24,2026,1500.0,0.0,1800.0
bulrush_millet,Simiyu,2024-12-30,,1900.0,1900.0,1900.0,1800.0,0.0,0.0,0.0,12,1,2024,1875.0,49.99999999999998,1900.0
bulrush_millet,Simiyu,2025-04-21,2100.0,1900.0,1900.0,1900.0,1900.0,0.0,0.0,0.0,4,17,2025,1900.0,0.0,1900.0
bulrush_millet,Simiyu,2025-06-16,1900.0,1900.0,1900.0,1900.0,1900.0,0.0,0.0,0.0,6,25,2025,1900.0,0.0,1900.0
bulrush_millet,Simiyu,2025-06-30,,1900.0,1900.0,1900.0,1900.0,0.0,0.0,0.0,6,27,2025,1900.0,0.0,1900.0
bulrush_millet,Simiyu,2025-08-04,1900.0,1900.0,1900.0,1900.0,1900.0,0.0,0.0,0.0,8,32,2025,1900.0,0.0,1900.0
bulrush_millet,Simiyu,2025-08-11,1900.0,1900.0,1900.0,1900.0,1900.0,0.0,0.0,0.0,8,33,2025,1900.0,0.0,1900.0
bulrush_millet,Simiyu,2025-08-25,,1900.0,1900.0,1900.0,1900.0,0.0,0.0,0.0,8,35,2025,1900.0,0.0,1900.0
bulrush_millet,Simiyu,2025-12-08,2300.0,2100.0,1900.0,1900.0,1900.0,200.0,0.0,10.526315789473683,12,50,2025,1950.0,100.0,2300.0
bulrush_millet,Simiyu,2025-12-22,,2300.0,2300.0,2100.0,1900.0,0.0,200.0,0.0,12,52,2025,2150.0,191.4854215512676,2300.0
bulrush_millet,Simiyu,2026-02-16,2300.0,2300.0,2300.0,2300.0,2300.0,0.0,0.0,0.0,2,8,2026,2300.0,0.0,2300.0
bulrush_millet,Simiyu,2026-02-23,2300.0,2300.0,2300.0,2300.0,2300.0,0.0,0.0,0.0,2,9,2026,2300.0,0.0,2300.0
bulrush_millet,Simiyu,2026-03-02,2300.0,2300.0,2300.0,2300.0,2300.0,0.0,0.0,0.0,3,10,2026,2300.0,0.0,2300.0
bulrush_millet,Simiyu,2026-03-09,2300.0,2300.0,2300.0,2300.0,2300.0,0.0,0.0,0.0,3,11,2026,2300.0,0.0,2300.0
bulrush_millet,Simiyu,2026-03-23,,2300.0,2300.0,2300.0,2300.0,0.0,0.0,0.0,3,13,2026,2300.0,0.0,2300.0
bulrush_millet,Simiyu,2026-04-27,2300.0,2300.0,2300.0,2300.0,2300.0,0.0,0.0,0.0,4,18,2026,2300.0,0.0,2300.0
bulrush_millet,Simiyu,2026-05-04,2300.0,2300.0,2300.0,2300.0,2300.0,0.0,0.0,0.0,5,19,2026,2300.0,0.0,2300.0
bulrush_millet,Simiyu,2026-05-11,2300.0,2300.0,2300.0,2300.0,2300.0,0.0,0.0,0.0,5,20,2026,2300.0,0.0,2300.0
bulrush_millet,Simiyu,2026-05-18,2300.0,2300.0,2300.0,2300.0,2300.0,0.0,0.0,0.0,5,21,2026,2300.0,0.0,2300.0
bulrush_millet,Simiyu,2026-05-25,2300.0,2300.0,2300.0,2300.0,2300.0,0.0,0.0,0.0,5,22,2026,2300.0,0.0,2300.0
bulrush_millet,Simiyu,2026-06-01,2300.0,2300.0,2300.0,2300.0,2300.0,0.0,0.0,0.0,6,23,2026,2300.0,0.0,2300.0
bulrush_millet,Simiyu,2026-06-15,,2300.0,2300.0,2300.0,2300.0,0.0,0.0,0.0,6,25,2026,2300.0,0.0,2300.0
bulrush_millet,Singida,2025-04-28,,1100.0,1100.0,1200.0,1200.0,0.0,-100.0,0.0,4,18,2025,1150.0,57.735026918962475,1400.0
bulrush_millet,Singida,2025-06-02,1300.0,1400.0,1400.0,1400.0,1400.0,0.0,0.0,0.0,6,23,2025,1400.0,0.0,1400.0
bulrush_millet,Singida,2025-06-09,1400.0,1300.0,1400.0,1400.0,1400.0,-100.0,0.0,-7.142857142857142,6,24,2025,1375.0,50.0,1400.0
bulrush_millet,Singida,2025-06-16,1400.0,1400.0,1300.0,1400.0,1400.0,100.0,-100.0,7.6923076923076925,6,25,2025,1375.0,50.0,1400.0
bulrush_millet,Singida,2025-09-15,,1250.0,1000.0,800.0,700.0,250.0,200.0,25.0,9,38,2025,937.5,242.81337140555777,1300.0
bulrush_millet,Singida,2026-06-08,,1500.0,1400.0,1400.0,1300.0,100.0,0.0,7.142857142857142,6,24,2026,1400.0,81.64965809277261,900.0
bulrush_millet,Tabora,2025-09-15,1900.0,1900.0,1900.0,1900.0,1900.0,0.0,0.0,0.0,9,38,2025,1900.0,0.0,2100.0
bulrush_millet,Tabora,2025-09-22,2100.0,1900.0,1900.0,1900.0,1900.0,0.0,0.0,0.0,9,39,2025,1900.0,0.0,2000.0
bulrush_millet,Tabora,2025-10-06,,2000.0,2100.0,1900.0,1900.0,-100.0,200.0,-4.761904761904762,10,41,2025,1975.0,95.74271077563381,1900.0
bulrush_millet,Tabora,2026-02-16,1800.0,1800.0,1800.0,1800.0,1800.0,0.0,0.0,0.0,2,8,2026,1800.0,0.0,1800.0
bulrush_millet,Tabora,2026-02-23,1800.0,1800.0,1800.0,1800.0,1800.0,0.0,0.0,0.0,2,9,2026,1800.0,0.0,1800.0
bulrush_millet,Tabora,2026-03-02,1800.0,1800.0,1800.0,1800.0,1800.0,0.0,0.0,0.0,3,10,2026,1800.0,0.0,1800.0
bulrush_millet,Tabora,2026-03-09,1800.0,1800.0,1800.0,1800.0,1800.0,0.0,0.0,0.0,3,11,2026,1800.0,0.0,1800.0
bulrush_millet,Tabora,2026-03-16,1800.0,1800.0,1800.0,1800.0,1800.0,0.0,0.0,0.0,3,12,2026,1800.0,0.0,1800.0
bulrush_millet,Tabora,2026-03-23,1800.0,1800.0,1800.0,1800.0,1800.0,0.0,0.0,0.0,3,13,2026,1800.0,0.0,1800.0
bulrush_millet,Tabora,2026-03-30,1800.0,1800.0,1800.0,1800.0,1800.0,0.0,0.0,0.0,3,14,2026,1800.0,0.0,1800.0
bulrush_millet,Tabora,2026-04-06,1800.0,1800.0,1800.0,1800.0,1800.0,0.0,0.0,0.0,4,15,2026,1800.0,0.0,1800.0
bulrush_millet,Tabora,2026-04-13,1800.0,1800.0,1800.0,1800.0,1800.0,0.0,0.0,0.0,4,16,2026,1800.0,0.0,1800.0
bulrush_millet,Tabora,2026-04-20,1800.0,1800.0,1800.0,1800.0,1800.0,0.0,0.0,0.0,4,17,2026,1800.0,0.0,1800.0
bulrush_millet,Tabora,2026-04-27,1800.0,1800.0,1800.0,1800.0,1800.0,0.0,0.0,0.0,4,18,2026,1800.0,0.0,1800.0
bulrush_millet,Tabora,2026-05-04,1800.0,1800.0,1800.0,1800.0,1800.0,0.0,0.0,0.0,5,19,2026,1800.0,0.0,1800.0
bulrush_millet,Tabora,2026-05-11,1800.0,1800.0,1800.0,1800.0,1800.0,0.0,0.0,0.0,5,20,2026,1800.0,0.0,1800.0
bulrush_millet,Tabora,2026-05-18,1800.0,1800.0,1800.0,1800.0,1800.0,0.0,0.0,0.0,5,21,2026,1800.0,0.0,1800.0
bulrush_millet,Tabora,2026-05-25,1800.0,1800.0,1800.0,1800.0,1800.0,0.0,0.0,0.0,5,22,2026,1800.0,0.0,1800.0
bulrush_millet,Tabora,2026-06-01,1800.0,1800.0,1800.0,1800.0,1800.0,0.0,0.0,0.0,6,23,2026,1800.0,0.0,1800.0
bulrush_millet,Tabora,2026-06-15,,1800.0,1800.0,1800.0,1800.0,0.0,0.0,0.0,6,25,2026,1800.0,0.0,1800.0
bulrush_millet,Tanga,2026-02-16,,2900.0,2900.0,2900.0,2900.0,0.0,0.0,0.0,2,8,2026,2900.0,0.0,2900.0
bulrush_millet,Tanga,2026-03-23,1200.0,1200.0,2000.0,2600.0,2900.0,-800.0,-600.0,-40.0,3,13,2026,2175.0,750.0,1200.0
bulrush_millet,Tanga,2026-03-30,1200.0,1200.0,1200.0,2000.0,2600.0,0.0,-800.0,0.0,3,14,2026,1750.0,680.6859285554045,1200.0
bulrush_millet,Tanga,2026-04-06,1200.0,1200.0,1200.0,1200.0,2000.0,0.0,0.0,0.0,4,15,2026,1400.0,400.00000000000006,1600.0
bulrush_millet,Tanga,2026-04-13,1600.0,1200.0,1200.0,1200.0,1200.0,0.0,0.0,0.0,4,16,2026,1200.0,0.0,1600.0
bulrush_millet,Tanga,2026-04-20,1600.0,1600.0,1200.0,1200.0,1200.0,400.0,0.0,33.33333333333333,4,17,2026,1300.0,200.0,1600.0
bulrush_millet,Tanga,2026-04-27,1600.0,1600.0,1600.0,1200.0,1200.0,0.0,400.0,0.0,4,18,2026,1400.0,230.94010767585033,1600.0
bulrush_millet,Tanga,2026-05-04,1600.0,1600.0,1600.0,1600.0,1200.0,0.0,0.0,0.0,5,19,2026,1500.0,200.00000000000003,1400.0
bulrush_millet,Tanga,2026-05-11,1400.0,1600.0,1600.0,1600.0,1600.0,0.0,0.0,0.0,5,20,2026,1600.0,0.0,1400.0
bulrush_millet,Tanga,2026-05-18,1400.0,1400.0,1600.0,1600.0,1600.0,-200.0,0.0,-12.5,5,21,2026,1550.0,100.0,1400.0
bulrush_millet,Tanga,2026-05-25,1400.0,1400.0,1400.0,1600.0,1600.0,0.0,-200.0,0.0,5,22,2026,1500.0,115.47005383792514,1400.0
bulrush_millet,Tanga,2026-06-01,1400.0,1400.0,1400.0,1400.0,1600.0,0.0,0.0,0.0,6,23,2026,1450.0,99.99999999999999,1500.0
bulrush_millet,Tanga,2026-06-08,1500.0,1400.0,1400.0,1400.0,1400.0,0.0,0.0,0.0,6,24,2026,1400.0,0.0,1000.0
bulrush_millet,Tanga,2026-06-15,1000.0,1500.0,1400.0,1400.0,1400.0,100.0,0.0,7.142857142857142,6,25,2026,1425.0,50.0,1000.0
finger_millet,Arusha,2025-01-20,1800.0,1700.0,1700.0,1700.0,1700.0,0.0,0.0,0.0,1,4,2025,1700.0,0.0,1900.0
finger_millet,Arusha,2025-01-27,1900.0,1800.0,1700.0,1700.0,1700.0,100.0,0.0,5.88235294117647,1,5,2025,1725.0,50.0,1900.0
finger_millet,Arusha,2025-02-03,1900.0,1900.0,1800.0,1700.0,1700.0,100.0,100.0,5.555555555555555,2,6,2025,1775.0,95.74271077563382,1600.0
finger_millet,Arusha,2025-02-10,1600.0,1900.0,1900.0,1800.0,1700.0,0.0,100.0,0.0,2,7,2025,1825.0,95.74271077563382,1900.0
finger_millet,Arusha,2025-02-17,1900.0,1600.0,1900.0,1900.0,1800.0,-300.0,0.0,-15.789473684210526,2,8,2025,1800.0,141.4213562373095,1900.0
finger_millet,Arusha,2025-02-24,1900.0,1900.0,1600.0,1900.0,1900.0,300.0,-300.0,18.75,2,9,2025,1825.0,150.0,1800.0
finger_millet,Arusha,2025-03-03,1800.0,1900.0,1900.0,1600.0,1900.0,0.0,300.0,0.0,3,10,2025,1825.0,150.0,2000.0
finger_millet,Arusha,2025-03-17,,2000.0,1800.0,1900.0,1900.0,200.0,-100.0,11.11111111111111,3,12,2025,1900.0,81.64965809277258,1900.0
finger_millet,Arusha,2025-04-21,2200.0,2300.0,2200.0,2200.0,1900.0,100.0,0.0,4.545454545454546,4,17,2025,2150.0,173.20508075688772,2200.0
finger_millet,Arusha,2025-04-28,2200.0,2200.0,2300.0,2200.0,2200.0,-100.0,100.0,-4.3478260869565215,4,18,2025,2225.0,49.999999999999886,2200.0
finger_millet,Arusha,2025-05-05,2200.0,2200.0,2200.0,2300.0,2200.0,0.0,-100.0,0.0,5,19,2025,2225.0,49.999999999999886,2200.0
finger_millet,Arusha,2025-05-12,2200.0,2200.0,2200.0,2200.0,2300.0,0.0,0.0,0.0,5,20,2025,2225.0,49.999999999999886,2200.0
finger_millet,Arusha,2025-05-19,2200.0,2200.0,2200.0,2200.0,2200.0,0.0,0.0,0.0,5,21,2025,2200.0,0.0,2200.0
finger_millet,Arusha,2025-05-26,2200.0,2200.0,2200.0,2200.0,2200.0,0.0,0.0,0.0,5,22,2025,2200.0,0.0,2200.0
finger_millet,Arusha,2025-06-02,2200.0,2200.0,2200.0,2200.0,2200.0,0.0,0.0,0.0,6,23,2025,2200.0,0.0,2200.0
finger_millet,Arusha,2025-06-09,2200.0,2200.0,2200.0,2200.0,2200.0,0.0,0.0,0.0,6,24,2025,2200.0,0.0,2200.0
finger_millet,Arusha,2025-06-16,2200.0,2200.0,2200.0,2200.0,2200.0,0.0,0.0,0.0,6,25,2025,2200.0,0.0,2200.0
finger_millet,Arusha,2025-06-30,,2200.0,2200.0,2200.0,2200.0,0.0,0.0,0.0,6,27,2025,2200.0,0.0,2200.0
finger_millet,Arusha,2025-08-04,1600.0,1600.0,1600.0,1600.0,2200.0,0.0,0.0,0.0,8,32,2025,1750.0,300.0,1600.0
finger_millet,Arusha,2025-08-11,1600.0,1600.0,1600.0,1600.0,1600.0,0.0,0.0,0.0,8,33,2025,1600.0,0.0,1600.0
finger_millet,Arusha,2025-08-18,1600.0,1600.0,1600.0,1600.0,1600.0,0.0,0.0,0.0,8,34,2025,1600.0,0.0,1200.0
finger_millet,Arusha,2025-08-25,1200.0,1600.0,1600.0,1600.0,1600.0,0.0,0.0,0.0,8,35,2025,1600.0,0.0,1200.0
finger_millet,Arusha,2025-09-01,1200.0,1200.0,1600.0,1600.0,1600.0,-400.0,0.0,-25.0,9,36,2025,1500.0,200.0,1200.0
finger_millet,Arusha,2025-09-08,1200.0,1200.0,1200.0,1600.0,1600.0,0.0,-400.0,0.0,9,37,2025,1400.0,230.94010767585033,1200.0
finger_millet,Arusha,2025-09-15,1200.0,1200.0,1200.0,1200.0,1600.0,0.0,0.0,0.0,9,38,2025,1300.0,200.00000000000003,1200.0
finger_millet,Arusha,2025-09-22,1200.0,1200.0,1200.0,1200.0,1200.0,0.0,0.0,0.0,9,39,2025,1200.0,0.0,1100.0
finger_millet,Arusha,2025-09-29,1100.0,1200.0,1200.0,1200.0,1200.0,0.0,0.0,0.0,9,40,2025,1200.0,0.0,1200.0
finger_millet,Arusha,2025-10-06,1200.0,1100.0,1200.0,1200.0,1200.0,-100.0,0.0,-8.333333333333332,10,41,2025,1175.0,50.0,1200.0
finger_millet,Arusha,2025-10-13,1200.0,1200.0,1100.0,1200.0,1200.0,100.0,-100.0,9.090909090909092,10,42,2025,1175.0,50.0,1100.0
finger_millet,Arusha,2025-10-27,,1100.0,1200.0,1200.0,1100.0,-100.0,0.0,-8.333333333333332,10,44,2025,1150.0,57.735026918962596,1100.0
finger_millet,Arusha,2025-12-01,1600.0,1600.0,1100.0,1100.0,1100.0,500.0,0.0,45.45454545454545,12,49,2025,1225.0,250.0,1600.0
finger_millet,Arusha,2025-12-08,1600.0,1600.0,1600.0,1100.0,1100.0,0.0,500.0,0.0,12,50,2025,1350.0,288.67513459481285,1600.0
finger_millet,Arusha,2025-12-22,,1600.0,1600.0,1600.0,1600.0,0.0,0.0,0.0,12,52,2025,1600.0,0.0,1600.0
finger_millet,Arusha,2026-02-16,2300.0,2300.0,2300.0,2300.0,1600.0,0.0,0.0,0.0,2,8,2026,2125.0,350.0000000000001,2300.0
finger_millet,Arusha,2026-02-23,2300.0,2300.0,2300.0,2300.0,2300.0,0.0,0.0,0.0,2,9,2026,2300.0,0.0,1600.0
finger_millet,Arusha,2026-03-02,1600.0,2300.0,2300.0,2300.0,2300.0,0.0,0.0,0.0,3,10,2026,2300.0,0.0,2000.0
finger_millet,Arusha,2026-03-09,2000.0,1600.0,2300.0,2300.0,2300.0,-700.0,0.0,-30.434782608695656,3,11,2026,2125.0,350.0,2400.0
finger_millet,Arusha,2026-03-16,2400.0,2000.0,1600.0,2300.0,2300.0,400.0,-700.0,25.0,3,12,2026,2050.0,331.66247903553995,2400.0
finger_millet,Arusha,2026-03-23,2400.0,2400.0,2000.0,1600.0,2300.0,400.0,400.0,20.0,3,13,2026,2075.0,359.39764421413037,2400.0
finger_millet,Arusha,2026-03-30,2400.0,2400.0,2400.0,2000.0,1600.0,0.0,400.0,0.0,3,14,2026,2100.0,382.97084310253524,2400.0
finger_millet,Arusha,2026-04-06,2400.0,2400.0,2400.0,2400.0,2000.0,0.0,0.0,0.0,4,15,2026,2300.0,200.00000000000003,2200.0
finger_millet,Arusha,2026-04-13,2200.0,2400.0,2400.0,2400.0,2400.0,0.0,0.0,0.0,4,16,2026,2400.0,0.0,2200.0
finger_millet,Arusha,2026-04-20,2200.0,2200.0,2400.0,2400.0,2400.0,-200.0,0.0,-8.333333333333332,4,17,2026,2350.0,100.0,2300.0
finger_millet,Arusha,2026-04-27,2300.0,2200.0,2200.0,2400.0,2400.0,0.0,-200.0,0.0,4,18,2026,2300.0,115.47005383792519,2300.0
finger_millet,Arusha,2026-05-04,2300.0,2300.0,2200.0,2200.0,2400.0,100.0,0.0,4.545454545454546,5,19,2026,2275.0,95.74271077563382,2300.0
finger_millet,Arusha,2026-05-18,,2300.0,2300.0,2300.0,2200.0,0.0,0.0,0.0,5,21,2026,2275.0,50.00000000000009,1900.0
finger_millet,Dar es Salaam,2025-04-21,3000.0,3100.0,3000.0,2800.0,2900.0,100.0,200.0,3.3333333333333335,4,17,2025,2950.0,129.09944487358047,2600.0
finger_millet,Dar es Salaam,2025-04-28,2600.0,3000.0,3100.0,3000.0,2800.0,-100.0,100.0,-3.225806451612903,4,18,2025,2975.0,125.83057392117905,3000.0
finger_millet,Dar es Salaam,2025-05-05,3000.0,2600.0,3000.0,3100.0,3000.0,-400.0,-100.0,-13.333333333333334,5,19,2025,2925.0,221.73557826083447,3000.0
finger_millet,Dar es Salaam,2025-05-12,3000.0,3000.0,2600.0,3000.0,3100.0,400.0,-400.0,15.384615384615385,5,20,2025,2925.0,221.73557826083447,3000.0
finger_millet,Dar es Salaam,2025-05-26,,3000.0,3000.0,3000.0,2600.0,0.0,0.0,0.0,5,22,2025,2900.0,199.99999999999994,3200.0
finger_millet,Dar es Salaam,2025-12-01,,2400.0,2400.0,2600.0,2500.0,0.0,-200.0,0.0,12,49,2025,2475.0,95.74271077563407,2600.0
finger_millet,Dar es Salaam,2026-05-04,,2300.0,2300.0,2300.0,2300.0,0.0,0.0,0.0,5,19,2026,2300.0,0.0,2300.0
finger_millet,Dodoma,2026-02-16,2800.0,2900.0,2900.0,2700.0,2300.0,0.0,200.0,0.0,2,8,2026,2700.0,282.8427124746189,2600.0
finger_millet,Dodoma,2026-02-23,2600.0,2800.0,2900.0,2900.0,2700.0,-100.0,0.0,-3.4482758620689653,2,9,2026,2825.0,95.74271077563338,2700.0
finger_millet,Dodoma,2026-03-02,2700.0,2600.0,2800.0,2900.0,2900.0,-200.0,-100.0,-7.142857142857142,3,10,2026,2800.0,141.4213562373092,2700.0
finger_millet,Dodoma,2026-03-09,2700.0,2700.0,2600.0,2800.0,2900.0,100.0,-200.0,3.8461538461538463,3,11,2026,2750.0,129.0994448735802,2400.0
finger_millet,Dodoma,2026-03-16,2400.0,2700.0,2700.0,2600.0,2800.0,0.0,100.0,0.0,3,12,2026,2700.0,81.64965809277204,2200.0
finger_millet,Dodoma,2026-03-23,2200.0,2400.0,2700.0,2700.0,2600.0,-300.0,0.0,-11.11111111111111,3,13,2026,2600.0,141.4213562373091,2200.0
finger_millet,Dodoma,2026-03-30,2200.0,2200.0,2400.0,2700.0,2700.0,-200.0,-300.0,-8.333333333333332,3,14,2026,2500.0,244.9489742783176,2200.0
finger_millet,Dodoma,2026-04-06,2200.0,2200.0,2200.0,2400.0,2700.0,0.0,-200.0,0.0,4,15,2026,2375.0,236.29078131263023,2200.0
finger_millet,Dodoma,2026-04-13,2200.0,2200.0,2200.0,2200.0,2400.0,0.0,0.0,0.0,4,16,2026,2250.0,99.99999999999949,2200.0
finger_millet,Dodoma,2026-04-20,2200.0,2200.0,2200.0,2200.0,2200.0,0.0,0.0,0.0,4,17,2026,2200.0,0.0,2100.0
finger_millet,Dodoma,2026-04-27,2100.0,2200.0,2200.0,2200.0,2200.0,0.0,0.0,0.0,4,18,2026,2200.0,0.0,2100.0
finger_millet,Dodoma,2026-05-04,2100.0,2100.0,2200.0,2200.0,2200.0,-100.0,0.0,-4.545454545454546,5,19,2026,2175.0,50.0,2100.0
finger_millet,Dodoma,2026-05-11,2100.0,2100.0,2100.0,2200.0,2200.0,0.0,-100.0,0.0,5,20,2026,2150.0,57.73502691896255,2100.0
finger_millet,Dodoma,2026-05-18,2100.0,2100.0,2100.0,2100.0,2200.0,0.0,0.0,0.0,5,21,2026,2125.0,50.0,1900.0
finger_millet,Dodoma,2026-05-25,1900.0,2100.0,2100.0,2100.0,2100.0,0.0,0.0,0.0,5,22,2026,2100.0,0.0,1900.0
finger_millet,Dodoma,2026-06-01,1900.0,1900.0,2100.0,2100.0,2100.0,-200.0,0.0,-9.523809523809524,6,23,2026,2050.0,100.0,1900.0
finger_millet,Dodoma,2026-06-08,1900.0,1900.0,1900.0,2100.0,2100.0,0.0,-200.0,0.0,6,24,2026,2000.0,115.47005383792514,1900.0
finger_millet,Dodoma,2026-06-15,1900.0,1900.0,1900.0,1900.0,2100.0,0.0,0.0,0.0,6,25,2026,1950.0,99.99999999999999,2100.0
finger_millet,Geita,2025-06-30,,1800.0,1700.0,1800.0,1900.0,100.0,-100.0,5.88235294117647,6,27,2025,1800.0,81.64965809277261,1800.0
finger_millet,Geita,2025-09-15,1500.0,1800.0,1800.0,1900.0,1700.0,0.0,-100.0,0.0,9,38,2025,1800.0,81.64965809277261,1800.0
finger_millet,Geita,2025-09-22,1800.0,1500.0,1800.0,1800.0,1900.0,-300.0,0.0,-16.666666666666664,9,39,2025,1750.0,173.20508075688772,1800.0
finger_millet,Geita,2025-10-06,,1800.0,1800.0,1500.0,1800.0,0.0,300.0,0.0,10,41,2025,1725.0,150.0,1800.0
finger_millet,Geita,2026-02-16,2200.0,2200.0,2200.0,2200.0,2200.0,0.0,0.0,0.0,2,8,2026,2200.0,0.0,2200.0
finger_millet,Geita,2026-02-23,2200.0,2200.0,2200.0,2200.0,2200.0,0.0,0.0,0.0,2,9,2026,2200.0,0.0,2200.0
finger_millet,Geita,2026-03-02,2200.0,2200.0,2200.0,2200.0,2200.0,0.0,0.0,0.0,3,10,2026,2200.0,0.0,2200.0
finger_millet,Geita,2026-03-09,2200.0,2200.0,2200.0,2200.0,2200.0,0.0,0.0,0.0,3,11,2026,2200.0,0.0,2200.0
finger_millet,Geita,2026-03-16,2200.0,2200.0,2200.0,2200.0,2200.0,0.0,0.0,0.0,3,12,2026,2200.0,0.0,2100.0
finger_millet,Geita,2026-03-23,2100.0,2200.0,2200.0,2200.0,2200.0,0.0,0.0,0.0,3,13,2026,2200.0,0.0,2100.0
finger_millet,Geita,2026-03-30,2100.0,2100.0,2200.0,2200.0,2200.0,-100.0,0.0,-4.545454545454546,3,14,2026,2175.0,50.0,2200.0
finger_millet,Geita,2026-04-06,2200.0,2100.0,2100.0,2200.0,2200.0,0.0,-100.0,0.0,4,15,2026,2150.0,57.73502691896255,2100.0
finger_millet,Geita,2026-04-13,2100.0,2200.0,2100.0,2100.0,2200.0,100.0,0.0,4.761904761904762,4,16,2026,2150.0,57.73502691896255,2100.0
finger_millet,Geita,2026-04-20,2100.0,2100.0,2200.0,2100.0,2100.0,-100.0,100.0,-4.545454545454546,4,17,2026,2125.0,50.0,2100.0
finger_millet,Geita,2026-04-27,2100.0,2100.0,2100.0,2200.0,2100.0,0.0,-100.0,0.0,4,18,2026,2125.0,50.0,2100.0
finger_millet,Geita,2026-05-04,2100.0,2100.0,2100.0,2100.0,2200.0,0.0,0.0,0.0,5,19,2026,2125.0,50.0,2100.0
finger_millet,Geita,2026-05-11,2100.0,2100.0,2100.0,2100.0,2100.0,0.0,0.0,0.0,5,20,2026,2100.0,0.0,2100.0
finger_millet,Geita,2026-05-18,2100.0,2100.0,2100.0,2100.0,2100.0,0.0,0.0,0.0,5,21,2026,2100.0,0.0,2100.0
finger_millet,Geita,2026-05-25,2100.0,2100.0,2100.0,2100.0,2100.0,0.0,0.0,0.0,5,22,2026,2100.0,0.0,2100.0
finger_millet,Geita,2026-06-01,2100.0,2100.0,2100.0,2100.0,2100.0,0.0,0.0,0.0,6,23,2026,2100.0,0.0,2100.0
finger_millet,Geita,2026-06-08,2100.0,2100.0,2100.0,2100.0,2100.0,0.0,0.0,0.0,6,24,2026,2100.0,0.0,2100.0
finger_millet,Geita,2026-06-15,2100.0,2100.0,2100.0,2100.0,2100.0,0.0,0.0,0.0,6,25,2026,2100.0,0.0,2100.0
finger_millet,Iringa,2024-12-30,2800.0,2300.0,2300.0,2300.0,2100.0,0.0,0.0,0.0,12,1,2024,2250.0,99.99999999999996,2800.0
finger_millet,Iringa,2025-01-06,2800.0,2800.0,2300.0,2300.0,2300.0,500.0,0.0,21.73913043478261,1,2,2025,2425.0,250.0,2800.0
finger_millet,Iringa,2025-01-13,2800.0,2800.0,2800.0,2300.0,2300.0,0.0,500.0,0.0,1,3,2025,2550.0,288.6751345948129,2800.0
finger_millet,Iringa,2025-01-20,2800.0,2800.0,2800.0,2800.0,2300.0,0.0,0.0,0.0,1,4,2025,2675.0,250.0,2600.0
finger_millet,Iringa,2025-01-27,2600.0,2800.0,2800.0,2800.0,2800.0,0.0,0.0,0.0,1,5,2025,2800.0,0.0,2800.0
finger_millet,Iringa,2025-02-03,2800.0,2600.0,2800.0,2800.0,2800.0,-200.0,0.0,-7.142857142857142,2,6,2025,2750.0,100.0,2800.0
finger_millet,Iringa,2025-02-10,2800.0,2800.0,2600.0,2800.0,2800.0,200.0,-200.0,7.6923076923076925,2,7,2025,2750.0,100.0,2500.0
finger_millet,Iringa,2025-02-17,2500.0,2800.0,2800.0,2600.0,2800.0,0.0,200.0,0.0,2,8,2025,2750.0,100.0,2600.0
finger_millet,Iringa,2025-02-24,2600.0,2500.0,2800.0,2800.0,2600.0,-300.0,0.0,-10.714285714285714,2,9,2025,2675.0,150.00000000000003,2800.0
finger_millet,Iringa,2025-03-03,2800.0,2600.0,2500.0,2800.0,2800.0,100.0,-300.0,4.0,3,10,2025,2675.0,150.00000000000003,2800.0
finger_millet,Iringa,2025-03-17,,2800.0,2800.0,2600.0,2500.0,0.0,200.0,0.0,3,12,2025,2675.0,150.00000000000003,2800.0
finger_millet,Iringa,2025-05-19,3300.0,3300.0,3300.0,2900.0,3300.0,0.0,400.0,0.0,5,21,2025,3200.0,200.0000000000001,3500.0
finger_millet,Iringa,2025-05-26,3500.0,3300.0,3300.0,3300.0,2900.0,0.0,0.0,0.0,5,22,2025,3200.0,200.0000000000001,3300.0
finger_millet,Iringa,2025-06-02,3300.0,3500.0,3300.0,3300.0,3300.0,200.0,0.0,6.0606060606060606,6,23,2025,3350.0,100.0,3300.0
finger_millet,Iringa,2025-06-09,3300.0,3300.0,3500.0,3300.0,3300.0,-200.0,200.0,-5.714285714285714,6,24,2025,3350.0,100.0,3300.0
finger_millet,Iringa,2025-06-16,3300.0,3300.0,3300.0,3500.0,3300.0,0.0,-200.0,0.0,6,25,2025,3350.0,100.0,3000.0
finger_millet,Iringa,2025-08-11,2500.0,2500.0,2500.0,2800.0,2700.0,0.0,-300.0,0.0,8,33,2025,2625.0,149.99999999999994,2300.0
finger_millet,Iringa,2025-08-18,2300.0,2500.0,2500.0,2500.0,2800.0,0.0,0.0,0.0,8,34,2025,2575.0,149.99999999999994,2300.0
finger_millet,Iringa,2025-08-25,2300.0,2300.0,2500.0,2500.0,2500.0,-200.0,0.0,-8.0,8,35,2025,2450.0,100.0,2300.0
finger_millet,Iringa,2025-09-01,2300.0,2300.0,2300.0,2500.0,2500.0,0.0,-200.0,0.0,9,36,2025,2400.0,115.47005383792519,2300.0
finger_millet,Iringa,2025-09-08,2300.0,2300.0,2300.0,2300.0,2500.0,0.0,0.0,0.0,9,37,2025,2350.0,99.99999999999999,2300.0
finger_millet,Iringa,2025-09-15,2300.0,2300.0,2300.0,2300.0,2300.0,0.0,0.0,0.0,9,38,2025,2300.0,0.0,2300.0
finger_millet,Iringa,2025-09-22,2300.0,2300.0,2300.0,2300.0,2300.0,0.0,0.0,0.0,9,39,2025,2300.0,0.0,2300.0
finger_millet,Iringa,2025-09-29,2300.0,2300.0,2300.0,2300.0,2300.0,0.0,0.0,0.0,9,40,2025,2300.0,0.0,2300.0
finger_millet,Iringa,2025-10-13,,2300.0,2300.0,2300.0,2300.0,0.0,0.0,0.0,10,42,2025,2300.0,0.0,2000.0
finger_millet,Iringa,2026-02-16,2400.0,2400.0,2600.0,2800.0,2300.0,-200.0,-200.0,-7.6923076923076925,2,8,2026,2525.0,221.7355782608345,2400.0
finger_millet,Iringa,2026-02-23,2400.0,2400.0,2400.0,2600.0,2800.0,0.0,-200.0,0.0,2,9,2026,2550.0,191.48542155126762,2400.0
finger_millet,Iringa,2026-03-02,2400.0,2400.0,2400.0,2400.0,2600.0,0.0,0.0,0.0,3,10,2026,2450.0,99.99999999999991,2400.0
finger_millet,Iringa,2026-03-09,2400.0,2400.0,2400.0,2400.0,2400.0,0.0,0.0,0.0,3,11,2026,2400.0,0.0,2400.0
finger_millet,Iringa,2026-03-16,2400.0,2400.0,2400.0,2400.0,2400.0,0.0,0.0,0.0,3,12,2026,2400.0,0.0,2400.0
finger_millet,Iringa,2026-03-23,2400.0,2400.0,2400.0,2400.0,2400.0,0.0,0.0,0.0,3,13,2026,2400.0,0.0,2400.0
finger_millet,Iringa,2026-03-30,2400.0,2400.0,2400.0,2400.0,2400.0,0.0,0.0,0.0,3,14,2026,2400.0,0.0,2400.0
finger_millet,Iringa,2026-04-06,2400.0,2400.0,2400.0,2400.0,2400.0,0.0,0.0,0.0,4,15,2026,2400.0,0.0,2400.0
finger_millet,Iringa,2026-04-13,2400.0,2400.0,2400.0,2400.0,2400.0,0.0,0.0,0.0,4,16,2026,2400.0,0.0,2300.0
finger_millet,Iringa,2026-04-20,2300.0,2400.0,2400.0,2400.0,2400.0,0.0,0.0,0.0,4,17,2026,2400.0,0.0,2300.0
finger_millet,Iringa,2026-04-27,2300.0,2300.0,2400.0,2400.0,2400.0,-100.0,0.0,-4.166666666666666,4,18,2026,2375.0,50.0,2300.0
finger_millet,Iringa,2026-05-04,2300.0,2300.0,2300.0,2400.0,2400.0,0.0,-100.0,0.0,5,19,2026,2350.0,57.73502691896255,2200.0
finger_millet,Iringa,2026-05-11,2200.0,2300.0,2300.0,2300.0,2400.0,0.0,0.0,0.0,5,20,2026,2325.0,50.0,2300.0
finger_millet,Iringa,2026-05-18,2300.0,2200.0,2300.0,2300.0,2300.0,-100.0,0.0,-4.3478260869565215,5,21,2026,2275.0,50.0,2300.0
finger_millet,Iringa,2026-05-25,2300.0,2300.0,2200.0,2300.0,2300.0,100.0,-100.0,4.545454545454546,5,22,2026,2275.0,50.0,2300.0
finger_millet,Iringa,2026-06-01,2300.0,2300.0,2300.0,2200.0,2300.0,0.0,100.0,0.0,6,23,2026,2275.0,50.0,2300.0
finger_millet,Iringa,2026-06-08,2300.0,2300.0,2300.0,2300.0,2200.0,0.0,0.0,0.0,6,24,2026,2275.0,50.0,2300.0
finger_millet,Iringa,2026-06-15,2300.0,2300.0,2300.0,2300.0,2300.0,0.0,0.0,0.0,6,25,2026,2300.0,0.0,2300.0
finger_millet,Kagera,2024-12-30,,2600.0,2500.0,2400.0,2300.0,100.0,100.0,4.0,12,1,2024,2450.0,129.09944487358058,2100.0
finger_millet,Kagera,2025-02-03,2500.0,2000.0,2800.0,2100.0,2100.0,-800.0,700.0,-28.57142857142857,2,6,2025,2250.0,369.68455021364724,2500.0
finger_millet,Kagera,2025-02-10,2500.0,2500.0,2000.0,2800.0,2100.0,500.0,-800.0,25.0,2,7,2025,2350.0,369.68455021364724,2500.0
finger_millet,Kagera,2025-02-24,,2500.0,2500.0,2500.0,2000.0,0.0,0.0,0.0,2,9,2025,2375.0,249.99999999999994,2500.0
finger_millet,Kagera,2025-05-26,2600.0,2700.0,2600.0,2500.0,2600.0,100.0,100.0,3.8461538461538463,5,22,2025,2600.0,81.64965809277265,2800.0
finger_millet,Kagera,2025-06-02,2800.0,2600.0,2700.0,2600.0,2500.0,-100.0,100.0,-3.7037037037037033,6,23,2025,2600.0,81.64965809277265,2800.0
finger_millet,Kagera,2025-06-09,2800.0,2800.0,2600.0,2700.0,2600.0,200.0,-100.0,7.6923076923076925,6,24,2025,2675.0,95.74271077563378,2800.0
finger_millet,Kagera,2025-06-16,2800.0,2800.0,2800.0,2600.0,2700.0,0.0,200.0,0.0,6,25,2025,2725.0,95.74271077563378,2800.0
finger_millet,Kagera,2025-06-30,,2800.0,2800.0,2800.0,2800.0,0.0,0.0,0.0,6,27,2025,2800.0,0.0,2800.0
finger_millet,Kagera,2025-08-11,,2600.0,2600.0,2700.0,2800.0,0.0,-100.0,0.0,8,33,2025,2675.0,95.74271077563375,2600.0
finger_millet,Kagera,2025-09-15,2500.0,2500.0,2500.0,2600.0,2600.0,0.0,-100.0,0.0,9,38,2025,2550.0,57.73502691896252,2500.0
finger_millet,Kagera,2025-09-22,2500.0,2500.0,2500.0,2500.0,2600.0,0.0,0.0,0.0,9,39,2025,2525.0,49.999999999999964,2600.0
finger_millet,Kagera,2025-09-29,2600.0,2500.0,2500.0,2500.0,2500.0,0.0,0.0,0.0,9,40,2025,2500.0,0.0,2500.0
finger_millet,Kagera,2025-10-06,2500.0,2600.0,2500.0,2500.0,2500.0,100.0,0.0,4.0,10,41,2025,2525.0,50.0,1600.0
finger_millet,Kagera,2025-12-01,2100.0,2500.0,2500.0,2500.0,2500.0,0.0,0.0,0.0,12,49,2025,2500.0,0.0,2500.0
finger_millet,Kagera,2025-12-08,2500.0,2100.0,2500.0,2500.0,2500.0,-400.0,0.0,-16.0,12,50,2025,2400.0,200.0,2500.0
finger_millet,Kagera,2025-12-22,,2500.0,2500.0,2100.0,2500.0,0.0,400.0,0.0,12,52,2025,2400.0,200.0,2700.0
finger_millet,Kagera,2026-02-16,2600.0,2800.0,2800.0,2800.0,2800.0,0.0,0.0,0.0,2,8,2026,2800.0,0.0,2400.0
finger_millet,Kagera,2026-02-23,2400.0,2600.0,2800.0,2800.0,2800.0,-200.0,0.0,-7.142857142857142,2,9,2026,2750.0,100.0,2500.0
finger_millet,Kagera,2026-03-02,2500.0,2400.0,2600.0,2800.0,2800.0,-200.0,-200.0,-7.6923076923076925,3,10,2026,2650.0,191.48542155126765,2500.0
finger_millet,Kagera,2026-03-09,2500.0,2500.0,2400.0,2600.0,2800.0,100.0,-200.0,4.166666666666666,3,11,2026,2575.0,170.78251276599335,2500.0
finger_millet,Kagera,2026-03-16,2500.0,2500.0,2500.0,2400.0,2600.0,0.0,100.0,0.0,3,12,2026,2500.0,81.6496580927727,2500.0
finger_millet,Kagera,2026-03-23,2500.0,2500.0,2500.0,2500.0,2400.0,0.0,0.0,0.0,3,13,2026,2475.0,50.00000000000011,2500.0
finger_millet,Kagera,2026-03-30,2500.0,2500.0,2500.0,2500.0,2500.0,0.0,0.0,0.0,3,14,2026,2500.0,0.0,2500.0
finger_millet,Kagera,2026-04-06,2500.0,2500.0,2500.0,2500.0,2500.0,0.0,0.0,0.0,4,15,2026,2500.0,0.0,2500.0
finger_millet,Kagera,2026-04-13,2500.0,2500.0,2500.0,2500.0,2500.0,0.0,0.0,0.0,4,16,2026,2500.0,0.0,2500.0
finger_millet,Kagera,2026-04-20,2500.0,2500.0,2500.0,2500.0,2500.0,0.0,0.0,0.0,4,17,2026,2500.0,0.0,2700.0
finger_millet,Kagera,2026-04-27,2700.0,2500.0,2500.0,2500.0,2500.0,0.0,0.0,0.0,4,18,2026,2500.0,0.0,2600.0
finger_millet,Kagera,2026-05-04,2600.0,2700.0,2500.0,2500.0,2500.0,200.0,0.0,8.0,5,19,2026,2550.0,100.0,2600.0
finger_millet,Kagera,2026-05-11,2600.0,2600.0,2700.0,2500.0,2500.0,-100.0,200.0,-3.7037037037037033,5,20,2026,2575.0,95.74271077563382,2600.0
finger_millet,Kagera,2026-05-18,2600.0,2600.0,2600.0,2700.0,2500.0,0.0,-100.0,0.0,5,21,2026,2600.0,81.64965809277263,2600.0
finger_millet,Kagera,2026-05-25,2600.0,2600.0,2600.0,2600.0,2700.0,0.0,0.0,0.0,5,22,2026,2625.0,50.0,2600.0
finger_millet,Kagera,2026-06-01,2600.0,2600.0,2600.0,2600.0,2600.0,0.0,0.0,0.0,6,23,2026,2600.0,0.0,2600.0
finger_millet,Kagera,2026-06-08,2600.0,2600.0,2600.0,2600.0,2600.0,0.0,0.0,0.0,6,24,2026,2600.0,0.0,2600.0
finger_millet,Kagera,2026-06-15,2600.0,2600.0,2600.0,2600.0,2600.0,0.0,0.0,0.0,6,25,2026,2600.0,0.0,2500.0
finger_millet,Katavi,2025-09-15,1800.0,2000.0,1700.0,1900.0,2000.0,300.0,-200.0,17.647058823529413,9,38,2025,1900.0,141.4213562373095,1300.0
finger_millet,Kigoma,2025-04-21,,1900.0,2700.0,2700.0,2000.0,-800.0,0.0,-29.629629629629626,4,17,2025,2325.0,434.93294502332964,2900.0
finger_millet,Kigoma,2025-09-22,1900.0,1900.0,2200.0,2200.0,2200.0,-300.0,0.0,-13.636363636363635,9,39,2025,2125.0,150.0,1900.0
finger_millet,Kigoma,2025-09-29,1900.0,1900.0,1900.0,2200.0,2200.0,0.0,-300.0,0.0,9,40,2025,2050.0,173.20508075688772,2100.0
finger_millet,Kigoma,2025-10-06,2100.0,1900.0,1900.0,1900.0,2200.0,0.0,0.0,0.0,10,41,2025,1975.0,150.0,2100.0
finger_millet,Kigoma,2025-10-13,2100.0,2100.0,1900.0,1900.0,1900.0,200.0,0.0,10.526315789473683,10,42,2025,1950.0,100.0,2100.0
finger_millet,Kigoma,2025-12-08,2300.0,2300.0,2100.0,2100.0,2100.0,200.0,0.0,9.523809523809524,12,50,2025,2150.0,100.0,2300.0
finger_millet,Kigoma,2025-12-22,,2300.0,2300.0,2300.0,2100.0,0.0,0.0,0.0,12,52,2025,2250.0,99.99999999999999,2300.0
finger_millet,Kigoma,2026-03-02,2300.0,2300.0,2300.0,2300.0,2300.0,0.0,0.0,0.0,3,10,2026,2300.0,0.0,2400.0
finger_millet,Kigoma,2026-03-09,2400.0,2300.0,2300.0,2300.0,2300.0,0.0,0.0,0.0,3,11,2026,2300.0,0.0,2600.0
finger_millet,Kigoma,2026-03-16,2600.0,2400.0,2300.0,2300.0,2300.0,100.0,0.0,4.3478260869565215,3,12,2026,2325.0,50.0,2600.0
finger_millet,Kigoma,2026-03-23,2600.0,2600.0,2400.0,2300.0,2300.0,200.0,100.0,8.333333333333332,3,13,2026,2400.0,141.42135623730945,2300.0
finger_millet,Kigoma,2026-03-30,2300.0,2600.0,2600.0,2400.0,2300.0,0.0,200.0,0.0,3,14,2026,2475.0,149.99999999999991,2300.0
finger_millet,Kigoma,2026-04-06,2300.0,2300.0,2600.0,2600.0,2400.0,-300.0,0.0,-11.538461538461538,4,15,2026,2475.0,149.99999999999991,2300.0
finger_millet,Kigoma,2026-04-13,2300.0,2300.0,2300.0,2600.0,2600.0,0.0,-300.0,0.0,4,16,2026,2450.0,173.20508075688767,2300.0
finger_millet,Kigoma,2026-04-20,2300.0,2300.0,2300.0,2300.0,2600.0,0.0,0.0,0.0,4,17,2026,2375.0,149.99999999999991,2500.0
finger_millet,Kigoma,2026-04-27,2500.0,2300.0,2300.0,2300.0,2300.0,0.0,0.0,0.0,4,18,2026,2300.0,0.0,2100.0
finger_millet,Kigoma,2026-05-04,2100.0,2500.0,2300.0,2300.0,2300.0,200.0,0.0,8.695652173913043,5,19,2026,2350.0,100.0,2100.0
finger_millet,Kigoma,2026-05-11,2100.0,2100.0,2500.0,2300.0,2300.0,-400.0,200.0,-16.0,5,20,2026,2300.0,163.29931618554517,2100.0
finger_millet,Kigoma,2026-05-18,2100.0,2100.0,2100.0,2500.0,2300.0,0.0,-400.0,0.0,5,21,2026,2250.0,191.4854215512676,2600.0
finger_millet,Lindi,2025-04-21,2800.0,2800.0,2800.0,2800.0,2500.0,0.0,0.0,0.0,4,17,2025,2725.0,150.0,2800.0
finger_millet,Lindi,2025-04-28,2800.0,2800.0,2800.0,2800.0,2800.0,0.0,0.0,0.0,4,18,2025,2800.0,0.0,2800.0
finger_millet,Lindi,2025-05-05,2800.0,2800.0,2800.0,2800.0,2800.0,0.0,0.0,0.0,5,19,2025,2800.0,0.0,2600.0
finger_millet,Lindi,2025-05-12,2600.0,2800.0,2800.0,2800.0,2800.0,0.0,0.0,0.0,5,20,2025,2800.0,0.0,2000.0
finger_millet,Lindi,2025-05-19,2000.0,2600.0,2800.0,2800.0,2800.0,-200.0,0.0,-7.142857142857142,5,21,2025,2750.0,100.0,2100.0
finger_millet,Lindi,2025-05-26,2100.0,2000.0,2600.0,2800.0,2800.0,-600.0,-200.0,-23.076923076923077,5,22,2025,2550.0,378.5938897200183,2800.0
finger_millet,Lindi,2025-06-02,2800.0,2100.0,2000.0,2600.0,2800.0,100.0,-600.0,5.0,6,23,2025,2375.0,386.2210075418822,2800.0
finger_millet,Lindi,2025-06-09,2800.0,2800.0,2100.0,2000.0,2600.0,700.0,100.0,33.33333333333333,6,24,2025,2375.0,386.2210075418822,2600.0
finger_millet,Lindi,2025-06-16,2600.0,2800.0,2800.0,2100.0,2000.0,0.0,700.0,0.0,6,25,2025,2425.0,434.93294502332964,2400.0
finger_millet,Lindi,2025-09-08,3000.0,3000.0,3000.0,3300.0,3000.0,0.0,-300.0,0.0,9,37,2025,3075.0,150.0,3000.0
finger_millet,Lindi,2025-09-15,3000.0,3000.0,3000.0,3000.0,3300.0,0.0,0.0,0.0,9,38,2025,3075.0,150.0,3000.0
finger_millet,Lindi,2025-09-29,,3000.0,3000.0,3000.0,3000.0,0.0,0.0,0.0,9,40,2025,3000.0,0.0,3000.0
finger_millet,Lindi,2025-12-01,3300.0,3300.0,3300.0,3300.0,3300.0,0.0,0.0,0.0,12,49,2025,3300.0,0.0,3300.0
finger_millet,Lindi,2026-02-16,2800.0,2800.0,3500.0,3500.0,3300.0,-700.0,0.0,-20.0,2,8,2026,3275.0,330.4037933599835,2800.0
finger_millet,Lindi,2026-02-23,2800.0,2800.0,2800.0,3500.0,3500.0,0.0,-700.0,0.0,2,9,2026,3150.0,404.1451884327381,2600.0
finger_millet,Lindi,2026-03-02,2600.0,2800.0,2800.0,2800.0,3500.0,0.0,0.0,0.0,3,10,2026,2975.0,350.0000000000001,2800.0
finger_millet,Lindi,2026-03-16,,2800.0,2600.0,2800.0,2800.0,200.0,-200.0,7.6923076923076925,3,12,2026,2750.0,100.0,2800.0
finger_millet,Lindi,2026-05-04,3300.0,3300.0,3300.0,3000.0,2800.0,0.0,300.0,0.0,5,19,2026,3100.0,244.94897427831776,3300.0
finger_millet,Lindi,2026-05-11,3300.0,3300.0,3300.0,3300.0,3000.0,0.0,0.0,0.0,5,20,2026,3225.0,149.99999999999994,3300.0
finger_millet,Lindi,2026-05-18,3300.0,3300.0,3300.0,3300.0,3300.0,0.0,0.0,0.0,5,21,2026,3300.0,0.0,2800.0
finger_millet,Lindi,2026-05-25,2800.0,3300.0,3300.0,3300.0,3300.0,0.0,0.0,0.0,5,22,2026,3300.0,0.0,2800.0
finger_millet,Lindi,2026-06-01,2800.0,2800.0,3300.0,3300.0,3300.0,-500.0,0.0,-15.151515151515152,6,23,2026,3175.0,250.0,2800.0
finger_millet,Lindi,2026-06-15,,2800.0,2800.0,2800.0,3300.0,0.0,0.0,0.0,6,25,2026,2925.0,250.0,2800.0
finger_millet,Manyara,2026-04-06,2400.0,2800.0,2900.0,2800.0,2800.0,-100.0,100.0,-3.4482758620689653,4,15,2026,2825.0,49.999999999999964,2800.0
finger_millet,Manyara,2026-04-13,2800.0,2400.0,2800.0,2900.0,2800.0,-400.0,-100.0,-14.285714285714285,4,16,2026,2725.0,221.73557826083453,2800.0
finger_millet,Manyara,2026-04-20,2800.0,2800.0,2400.0,2800.0,2900.0,400.0,-400.0,16.666666666666664,4,17,2026,2725.0,221.73557826083453,2800.0
finger_millet,Manyara,2026-04-27,2800.0,2800.0,2800.0,2400.0,2800.0,0.0,400.0,0.0,4,18,2026,2700.0,200.00000000000003,2500.0
finger_millet,Manyara,2026-05-04,2500.0,2800.0,2800.0,2800.0,2400.0,0.0,0.0,0.0,5,19,2026,2700.0,200.00000000000003,2500.0
finger_millet,Manyara,2026-05-11,2500.0,2500.0,2800.0,2800.0,2800.0,-300.0,0.0,-10.714285714285714,5,20,2026,2725.0,150.0,2500.0
finger_millet,Manyara,2026-05-18,2500.0,2500.0,2500.0,2800.0,2800.0,0.0,-300.0,0.0,5,21,2026,2650.0,173.20508075688772,2500.0
finger_millet,Manyara,2026-05-25,2500.0,2500.0,2500.0,2500.0,2800.0,0.0,0.0,0.0,5,22,2026,2575.0,150.0,2600.0
finger_millet,Manyara,2026-06-01,2600.0,2500.0,2500.0,2500.0,2500.0,0.0,0.0,0.0,6,23,2026,2500.0,0.0,2300.0
finger_millet,Manyara,2026-06-08,2300.0,2600.0,2500.0,2500.0,2500.0,100.0,0.0,4.0,6,24,2026,2525.0,50.0,2300.0
finger_millet,Manyara,2026-06-15,2300.0,2300.0,2600.0,2500.0,2500.0,-300.0,100.0,-11.538461538461538,6,25,2026,2475.0,125.8305739211792,2000.0
finger_millet,Mara,2024-12-30,2700.0,2700.0,2700.0,2000.0,2000.0,0.0,700.0,0.0,12,1,2024,2350.0,404.145188432738,2700.0
finger_millet,Mara,2025-01-06,2700.0,2700.0,2700.0,2700.0,2000.0,0.0,0.0,0.0,1,2,2025,2525.0,350.0,2600.0
finger_millet,Mara,2025-05-26,2900.0,2900.0,2900.0,2700.0,3000.0,0.0,200.0,0.0,5,22,2025,2875.0,125.83057392117917,2700.0
finger_millet,Mara,2025-06-02,2700.0,2900.0,2900.0,2900.0,2700.0,0.0,0.0,0.0,6,23,2025,2850.0,100.00000000000003,2700.0
finger_millet,Mara,2025-06-09,2700.0,2700.0,2900.0,2900.0,2900.0,-200.0,0.0,-6.896551724137931,6,24,2025,2850.0,100.0,2700.0
finger_millet,Mara,2025-08-11,,2600.0,2700.0,2600.0,2600.0,-100.0,100.0,-3.7037037037037033,8,33,2025,2625.0,49.999999999999964,2500.0
finger_millet,Mara,2025-12-08,,2500.0,2400.0,2400.0,2500.0,100.0,0.0,4.166666666666666,12,50,2025,2450.0,57.73502691896252,2500.0
finger_millet,Mara,2026-02-16,2400.0,2400.0,2600.0,2400.0,2400.0,-200.0,200.0,-7.6923076923076925,2,8,2026,2450.0,100.00000000000004,2500.0
finger_millet,Mara,2026-03-02,,2500.0,2400.0,2400.0,2600.0,100.0,0.0,4.166666666666666,3,10,2026,2475.0,95.74271077563387,2200.0
finger_millet,Morogoro,2025-04-21,2500.0,2500.0,2500.0,2000.0,1500.0,0.0,500.0,0.0,4,17,2025,2125.0,478.713553878169,2500.0
finger_millet,Morogoro,2025-12-08,1700.0,2500.0,2800.0,3300.0,3300.0,-300.0,-500.0,-10.714285714285714,12,50,2025,2975.0,394.75730941090046,1700.0
finger_millet,Morogoro,2025-12-22,,1700.0,1700.0,2500.0,2800.0,0.0,-800.0,0.0,12,52,2025,2175.0,561.9905100029123,1700.0
finger_millet,Morogoro,2026-02-16,2700.0,2300.0,2000.0,2200.0,1700.0,300.0,-200.0,15.0,2,8,2026,2050.0,264.575131106459,2400.0
finger_millet,Morogoro,2026-02-23,2400.0,2700.0,2300.0,2000.0,2200.0,400.0,300.0,17.391304347826086,2,9,2026,2300.0,294.39202887759495,1700.0
finger_millet,Morogoro,2026-03-02,1700.0,2400.0,2700.0,2300.0,2000.0,-300.0,400.0,-11.11111111111111,3,10,2026,2350.0,288.6751345948129,1700.0
finger_millet,Morogoro,2026-03-09,1700.0,1700.0,2400.0,2700.0,2300.0,-700.0,-300.0,-29.166666666666668,3,11,2026,2275.0,419.32485418030416,1700.0
finger_millet,Morogoro,2026-03-16,1700.0,1700.0,1700.0,2400.0,2700.0,0.0,-700.0,0.0,3,12,2026,2125.0,505.7996968497839,1700.0
finger_millet,Morogoro,2026-03-23,1700.0,1700.0,1700.0,1700.0,2400.0,0.0,0.0,0.0,3,13,2026,1875.0,349.99999999999994,1700.0
finger_millet,Morogoro,2026-04-06,,1700.0,1700.0,1700.0,1700.0,0.0,0.0,0.0,4,15,2026,1700.0,0.0,1700.0
finger_millet,Mwanza,2024-12-30,,1900.0,1900.0,1700.0,1900.0,0.0,200.0,0.0,12,1,2024,1850.0,100.00000000000001,1900.0
finger_millet,Mwanza,2025-04-21,2500.0,2500.0,2700.0,2400.0,2600.0,-200.0,300.0,-7.4074074074074066,4,17,2025,2550.0,129.09944487358075,2500.0
finger_millet,Mwanza,2025-04-28,2500.0,2500.0,2500.0,2700.0,2400.0,0.0,-200.0,0.0,4,18,2025,2525.0,125.83057392117937,2600.0
finger_millet,Mwanza,2025-05-05,2600.0,2500.0,2500.0,2500.0,2700.0,0.0,0.0,0.0,5,19,2025,2550.0,100.00000000000027,2600.0
finger_millet,Mwanza,2025-05-12,2600.0,2600.0,2500.0,2500.0,2500.0,100.0,0.0,4.0,5,20,2025,2525.0,50.0,2600.0
finger_millet,Mwanza,2025-05-19,2600.0,2600.0,2600.0,2500.0,2500.0,0.0,100.0,0.0,5,21,2025,2550.0,57.73502691896255,2500.0
finger_millet,Mwanza,2025-05-26,2500.0,2600.0,2600.0,2600.0,2500.0,0.0,0.0,0.0,5,22,2025,2575.0,50.0,2500.0
finger_millet,Mwanza,2025-06-02,2500.0,2500.0,2600.0,2600.0,2600.0,-100.0,0.0,-3.8461538461538463,6,23,2025,2575.0,50.0,2600.0
finger_millet,Mwanza,2025-06-09,2600.0,2500.0,2500.0,2600.0,2600.0,0.0,-100.0,0.0,6,24,2025,2550.0,57.73502691896255,2600.0
finger_millet,Mwanza,2025-06-16,2600.0,2600.0,2500.0,2500.0,2600.0,100.0,0.0,4.0,6,25,2025,2550.0,57.73502691896255,2600.0
finger_millet,Mwanza,2025-06-30,,2600.0,2600.0,2600.0,2500.0,0.0,0.0,0.0,6,27,2025,2575.0,50.0,2600.0
finger_millet,Mwanza,2025-09-15,2300.0,2250.0,2300.0,2300.0,2300.0,-50.0,0.0,-2.1739130434782608,9,38,2025,2287.5,25.0,2400.0
finger_millet,Mwanza,2025-09-22,2400.0,2300.0,2250.0,2300.0,2300.0,50.0,-50.0,2.2222222222222223,9,39,2025,2287.5,25.0,2400.0
finger_millet,Mwanza,2025-09-29,2400.0,2400.0,2300.0,2250.0,2300.0,100.0,50.0,4.3478260869565215,9,40,2025,2312.5,62.91528696058955,2300.0
finger_millet,Mwanza,2025-10-13,,2300.0,2400.0,2400.0,2300.0,-100.0,0.0,-4.166666666666666,10,42,2025,2350.0,57.735026918962596,2200.0
finger_millet,Mwanza,2026-02-16,2700.0,2700.0,2600.0,2600.0,2400.0,100.0,0.0,3.8461538461538463,2,8,2026,2575.0,125.83057392117917,2700.0
finger_millet,Mwanza,2026-02-23,2700.0,2700.0,2700.0,2600.0,2600.0,0.0,100.0,0.0,2,9,2026,2650.0,57.735026918962504,2400.0
finger_millet,Mwanza,2026-03-02,2400.0,2700.0,2700.0,2700.0,2600.0,0.0,0.0,0.0,3,10,2026,2675.0,49.99999999999995,2400.0
finger_millet,Mwanza,2026-03-09,2400.0,2400.0,2700.0,2700.0,2700.0,-300.0,0.0,-11.11111111111111,3,11,2026,2625.0,150.0,2400.0
finger_millet,Mwanza,2026-03-16,2400.0,2400.0,2400.0,2700.0,2700.0,0.0,-300.0,0.0,3,12,2026,2550.0,173.20508075688772,2400.0
finger_millet,Mwanza,2026-03-23,2400.0,2400.0,2400.0,2400.0,2700.0,0.0,0.0,0.0,3,13,2026,2475.0,150.0,2200.0
finger_millet,Mwanza,2026-03-30,2200.0,2400.0,2400.0,2400.0,2400.0,0.0,0.0,0.0,3,14,2026,2400.0,0.0,2400.0
finger_millet,Mwanza,2026-04-06,2400.0,2200.0,2400.0,2400.0,2400.0,-200.0,0.0,-8.333333333333332,4,15,2026,2350.0,100.0,2300.0
finger_millet,Mwanza,2026-04-13,2300.0,2400.0,2200.0,2400.0,2400.0,200.0,-200.0,9.090909090909092,4,16,2026,2350.0,100.0,2400.0
finger_millet,Mwanza,2026-04-20,2400.0,2300.0,2400.0,2200.0,2400.0,-100.0,200.0,-4.166666666666666,4,17,2026,2325.0,95.74271077563382,2300.0
finger_millet,Mwanza,2026-04-27,2300.0,2400.0,2300.0,2400.0,2200.0,100.0,-100.0,4.3478260869565215,4,18,2026,2325.0,95.74271077563382,2300.0
finger_millet,Njombe,2024-12-30,2200.0,2300.0,2300.0,2100.0,1700.0,0.0,200.0,0.0,12,1,2024,2100.0,282.842712474619,2300.0
finger_millet,Njombe,2025-01-06,2300.0,2200.0,2300.0,2300.0,2100.0,-100.0,0.0,-4.3478260869565215,1,2,2025,2225.0,95.74271077563375,2300.0
finger_millet,Njombe,2025-01-13,2300.0,2300.0,2200.0,2300.0,2300.0,100.0,-100.0,4.545454545454546,1,3,2025,2275.0,49.99999999999996,2300.0
finger_millet,Njombe,2025-01-20,2300.0,2300.0,2300.0,2200.0,2300.0,0.0,100.0,0.0,1,4,2025,2275.0,49.99999999999996,2400.0
finger_millet,Njombe,2025-01-27,2400.0,2300.0,2300.0,2300.0,2200.0,0.0,0.0,0.0,1,5,2025,2275.0,49.99999999999996,2400.0
finger_millet,Njombe,2025-02-03,2400.0,2400.0,2300.0,2300.0,2300.0,100.0,0.0,4.3478260869565215,2,6,2025,2325.0,50.0,2300.0
finger_millet,Njombe,2025-02-10,2300.0,2400.0,2400.0,2300.0,2300.0,0.0,100.0,0.0,2,7,2025,2350.0,57.73502691896255,2500.0
finger_millet,Njombe,2025-02-24,,2500.0,2300.0,2400.0,2400.0,200.0,-100.0,8.695652173913043,2,9,2025,2400.0,81.64965809277263,2500.0
finger_millet,Njombe,2025-04-21,1900.0,2600.0,2500.0,2600.0,2600.0,100.0,-100.0,4.0,4,17,2025,2575.0,49.999999999999964,2000.0
finger_millet,Njombe,2025-04-28,2000.0,1900.0,2600.0,2500.0,2600.0,-700.0,100.0,-26.923076923076923,4,18,2025,2400.0,336.6501646120692,2200.0
finger_millet,Njombe,2025-05-05,2200.0,2000.0,1900.0,2600.0,2500.0,100.0,-700.0,5.263157894736842,5,19,2025,2250.0,351.1884584284246,2700.0
finger_millet,Njombe,2025-05-12,2700.0,2200.0,2000.0,1900.0,2600.0,200.0,100.0,10.0,5,20,2025,2175.0,309.56959368344513,2700.0
finger_millet,Njombe,2025-05-19,2700.0,2700.0,2200.0,2000.0,1900.0,500.0,200.0,22.727272727272727,5,21,2025,2200.0,355.90260840104366,2700.0
finger_millet,Njombe,2025-05-26,2700.0,2700.0,2700.0,2200.0,2000.0,0.0,500.0,0.0,5,22,2025,2400.0,355.90260840104366,2800.0
finger_millet,Njombe,2025-06-02,2800.0,2700.0,2700.0,2700.0,2200.0,0.0,0.0,0.0,6,23,2025,2575.0,249.99999999999986,2800.0
finger_millet,Njombe,2025-06-09,2800.0,2800.0,2700.0,2700.0,2700.0,100.0,0.0,3.7037037037037033,6,24,2025,2725.0,50.0,2700.0
finger_millet,Njombe,2025-06-16,2700.0,2800.0,2800.0,2700.0,2700.0,0.0,100.0,0.0,6,25,2025,2750.0,57.73502691896255,2700.0
finger_millet,Njombe,2025-08-18,2500.0,2000.0,2000.0,2000.0,2400.0,0.0,0.0,0.0,8,34,2025,2100.0,200.00000000000003,2100.0
finger_millet,Njombe,2025-08-25,2100.0,2500.0,2000.0,2000.0,2000.0,500.0,0.0,25.0,8,35,2025,2125.0,250.0,1600.0
finger_millet,Njombe,2025-09-08,,1600.0,2100.0,2500.0,2000.0,-500.0,-400.0,-23.809523809523807,9,37,2025,2050.0,369.68455021364724,1900.0
finger_millet,Njombe,2025-10-13,,1700.0,1800.0,1900.0,1900.0,-100.0,-100.0,-5.555555555555555,10,42,2025,1825.0,95.74271077563385,1800.0
finger_millet,Njombe,2025-12-22,,1800.0,1700.0,1400.0,1100.0,100.0,300.0,5.88235294117647,12,52,2025,1500.0,316.22776601683796,1800.0
finger_millet,Njombe,2026-02-16,1800.0,1900.0,1900.0,1800.0,1900.0,0.0,100.0,0.0,2,8,2026,1875.0,50.000000000000014,1800.0
finger_millet,Njombe,2026-02-23,1800.0,1800.0,1900.0,1900.0,1800.0,-100.0,0.0,-5.263157894736842,2,9,2026,1850.0,57.73502691896261,1900.0
finger_millet,Njombe,2026-03-02,1900.0,1800.0,1800.0,1900.0,1900.0,0.0,-100.0,0.0,3,10,2026,1850.0,57.73502691896261,1900.0
finger_millet,Njombe,2026-03-09,1900.0,1900.0,1800.0,1800.0,1900.0,100.0,0.0,5.555555555555555,3,11,2026,1850.0,57.73502691896261,1800.0
finger_millet,Njombe,2026-03-16,1800.0,1900.0,1900.0,1800.0,1800.0,0.0,100.0,0.0,3,12,2026,1850.0,57.73502691896261,1900.0
finger_millet,Njombe,2026-03-23,1900.0,1800.0,1900.0,1900.0,1800.0,-100.0,0.0,-5.263157894736842,3,13,2026,1850.0,57.73502691896261,1900.0
finger_millet,Njombe,2026-03-30,1900.0,1900.0,1800.0,1900.0,1900.0,100.0,-100.0,5.555555555555555,3,14,2026,1875.0,50.000000000000014,1900.0
finger_millet,Njombe,2026-04-06,1900.0,1900.0,1900.0,1800.0,1900.0,0.0,100.0,0.0,4,15,2026,1875.0,50.000000000000014,1800.0
finger_millet,Njombe,2026-04-13,1800.0,1900.0,1900.0,1900.0,1800.0,0.0,0.0,0.0,4,16,2026,1875.0,50.000000000000014,1900.0
finger_millet,Njombe,2026-04-20,1900.0,1800.0,1900.0,1900.0,1900.0,-100.0,0.0,-5.263157894736842,4,17,2026,1875.0,50.0,1800.0
finger_millet,Njombe,2026-04-27,1800.0,1900.0,1800.0,1900.0,1900.0,100.0,-100.0,5.555555555555555,4,18,2026,1875.0,50.0,1800.0
finger_millet,Njombe,2026-05-11,,1800.0,1800.0,1900.0,1800.0,0.0,-100.0,0.0,5,20,2026,1825.0,49.99999999999999,1900.0
finger_millet,Njombe,2026-06-15,1800.0,1700.0,1600.0,1800.0,1900.0,100.0,-200.0,6.25,6,25,2026,1750.0,129.0994448735806,1600.0
finger_millet,Pwani,2025-04-21,,3400.0,3400.0,3400.0,2900.0,0.0,0.0,0.0,4,17,2025,3275.0,250.0000000000002,3400.0
finger_millet,Pwani,2025-05-26,3400.0,3400.0,3400.0,3400.0,3400.0,0.0,0.0,0.0,5,22,2025,3400.0,0.0,3400.0
finger_millet,Pwani,2025-06-02,3400.0,3400.0,3400.0,3400.0,3400.0,0.0,0.0,0.0,6,23,2025,3400.0,0.0,3400.0
finger_millet,Pwani,2025-06-09,3400.0,3400.0,3400.0,3400.0,3400.0,0.0,0.0,0.0,6,24,2025,3400.0,0.0,3400.0
finger_millet,Pwani,2025-06-16,3400.0,3400.0,3400.0,3400.0,3400.0,0.0,0.0,0.0,6,25,2025,3400.0,0.0,3500.0
finger_millet,Pwani,2025-09-15,3200.0,3200.0,3200.0,3200.0,3200.0,0.0,0.0,0.0,9,38,2025,3200.0,0.0,3200.0
finger_millet,Pwani,2025-09-22,3200.0,3200.0,3200.0,3200.0,3200.0,0.0,0.0,0.0,9,39,2025,3200.0,0.0,3000.0
finger_millet,Pwani,2025-09-29,3000.0,3200.0,3200.0,3200.0,3200.0,0.0,0.0,0.0,9,40,2025,3200.0,0.0,3000.0
finger_millet,Pwani,2025-10-13,,3000.0,3000.0,3200.0,3200.0,0.0,-200.0,0.0,10,42,2025,3100.0,115.47005383792519,3000.0
finger_millet,Pwani,2026-02-23,,2900.0,3000.0,3000.0,3000.0,-100.0,0.0,-3.3333333333333335,2,9,2026,2975.0,50.0,2900.0
finger_millet,Rukwa,2024-12-30,1800.0,1800.0,1700.0,1500.0,1500.0,100.0,200.0,5.88235294117647,12,1,2024,1625.0,149.99999999999997,1800.0
finger_millet,Rukwa,2025-01-06,1800.0,1800.0,1800.0,1700.0,1500.0,0.0,100.0,0.0,1,2,2025,1700.0,141.42135623730945,1900.0
finger_millet,Rukwa,2025-01-13,1900.0,1800.0,1800.0,1800.0,1700.0,0.0,0.0,0.0,1,3,2025,1775.0,49.999999999999794,2000.0
finger_millet,Rukwa,2025-01-27,,2000.0,1900.0,1800.0,1800.0,100.0,100.0,5.263157894736842,1,5,2025,1875.0,95.74271077563382,2000.0
finger_millet,Rukwa,2025-03-03,2400.0,2400.0,2000.0,2000.0,2000.0,400.0,0.0,20.0,3,10,2025,2100.0,200.0,2100.0
finger_millet,Rukwa,2025-03-17,,2100.0,2400.0,2400.0,2000.0,-300.0,0.0,-12.5,3,12,2025,2225.0,206.155281280883,2100.0
finger_millet,Rukwa,2025-04-21,2100.0,2100.0,2100.0,2100.0,2100.0,0.0,0.0,0.0,4,17,2025,2100.0,0.0,1900.0
finger_millet,Rukwa,2025-04-28,1900.0,2100.0,2100.0,2100.0,2100.0,0.0,0.0,0.0,4,18,2025,2100.0,0.0,1500.0
finger_millet,Rukwa,2025-05-05,1500.0,1900.0,2100.0,2100.0,2100.0,-200.0,0.0,-9.523809523809524,5,19,2025,2050.0,100.0,1400.0
finger_millet,Rukwa,2025-05-12,1400.0,1500.0,1900.0,2100.0,2100.0,-400.0,-200.0,-21.052631578947366,5,20,2025,1900.0,282.84271247461896,1500.0
finger_millet,Rukwa,2025-05-19,1500.0,1400.0,1500.0,1900.0,2100.0,-100.0,-400.0,-6.666666666666667,5,21,2025,1725.0,330.40379335998347,1600.0
finger_millet,Rukwa,2025-05-26,1600.0,1500.0,1400.0,1500.0,1900.0,100.0,-100.0,7.142857142857142,5,22,2025,1575.0,221.73557826083447,1300.0
finger_millet,Rukwa,2025-06-02,1300.0,1600.0,1500.0,1400.0,1500.0,100.0,100.0,6.666666666666667,6,23,2025,1500.0,81.64965809277251,1300.0
finger_millet,Rukwa,2025-06-09,1300.0,1300.0,1600.0,1500.0,1400.0,-300.0,100.0,-18.75,6,24,2025,1450.0,129.09944487358052,1300.0
finger_millet,Rukwa,2025-06-16,1300.0,1300.0,1300.0,1600.0,1500.0,0.0,-300.0,0.0,6,25,2025,1425.0,149.99999999999997,1300.0
finger_millet,Rukwa,2025-06-30,,1300.0,1300.0,1300.0,1300.0,0.0,0.0,0.0,6,27,2025,1300.0,0.0,1000.0
finger_millet,Rukwa,2025-09-15,1200.0,1400.0,1100.0,1100.0,1100.0,300.0,0.0,27.27272727272727,9,38,2025,1175.0,150.0,1200.0
finger_millet,Rukwa,2025-09-22,1200.0,1200.0,1400.0,1100.0,1100.0,-200.0,300.0,-14.285714285714285,9,39,2025,1200.0,141.4213562373095,1200.0
finger_millet,Rukwa,2025-09-29,1200.0,1200.0,1200.0,1400.0,1100.0,0.0,-200.0,0.0,9,40,2025,1225.0,125.83057392117917,1200.0
finger_millet,Rukwa,2025-10-06,1200.0,1200.0,1200.0,1200.0,1400.0,0.0,0.0,0.0,10,41,2025,1250.0,99.99999999999999,1200.0
finger_millet,Rukwa,2025-10-13,1200.0,1200.0,1200.0,1200.0,1200.0,0.0,0.0,0.0,10,42,2025,1200.0,0.0,1200.0
finger_millet,Rukwa,2025-10-27,,1200.0,1200.0,1200.0,1200.0,0.0,0.0,0.0,10,44,2025,1200.0,0.0,1200.0
finger_millet,Rukwa,2025-12-01,1200.0,1200.0,1200.0,1200.0,1200.0,0.0,0.0,0.0,12,49,2025,1200.0,0.0,1200.0
finger_millet,Rukwa,2025-12-08,1200.0,1200.0,1200.0,1200.0,1200.0,0.0,0.0,0.0,12,50,2025,1200.0,0.0,1300.0
finger_millet,Rukwa,2025-12-22,,1300.0,1200.0,1200.0,1200.0,100.0,0.0,8.333333333333332,12,52,2025,1225.0,50.0,1300.0
finger_millet,Rukwa,2026-02-16,1300.0,1400.0,1400.0,1400.0,1400.0,0.0,0.0,0.0,2,8,2026,1400.0,0.0,1300.0
finger_millet,Rukwa,2026-02-23,1300.0,1300.0,1400.0,1400.0,1400.0,-100.0,0.0,-7.142857142857142,2,9,2026,1375.0,50.0,1200.0
finger_millet,Rukwa,2026-03-02,1200.0,1300.0,1300.0,1400.0,1400.0,0.0,-100.0,0.0,3,10,2026,1350.0,57.735026918962596,1200.0
finger_millet,Rukwa,2026-03-09,1200.0,1200.0,1300.0,1300.0,1400.0,-100.0,0.0,-7.6923076923076925,3,11,2026,1300.0,81.64965809277258,1200.0
finger_millet,Rukwa,2026-03-16,1200.0,1200.0,1200.0,1300.0,1300.0,0.0,-100.0,0.0,3,12,2026,1250.0,57.735026918962596,1200.0
finger_millet,Rukwa,2026-03-23,1200.0,1200.0,1200.0,1200.0,1300.0,0.0,0.0,0.0,3,13,2026,1225.0,49.99999999999999,1200.0
finger_millet,Rukwa,2026-03-30,1200.0,1200.0,1200.0,1200.0,1200.0,0.0,0.0,0.0,3,14,2026,1200.0,0.0,1200.0
finger_millet,Rukwa,2026-04-06,1200.0,1200.0,1200.0,1200.0,1200.0,0.0,0.0,0.0,4,15,2026,1200.0,0.0,1200.0
finger_millet,Rukwa,2026-04-13,1200.0,1200.0,1200.0,1200.0,1200.0,0.0,0.0,0.0,4,16,2026,1200.0,0.0,1200.0
finger_millet,Rukwa,2026-04-20,1200.0,1200.0,1200.0,1200.0,1200.0,0.0,0.0,0.0,4,17,2026,1200.0,0.0,1200.0
finger_millet,Rukwa,2026-04-27,1200.0,1200.0,1200.0,1200.0,1200.0,0.0,0.0,0.0,4,18,2026,1200.0,0.0,1200.0
finger_millet,Rukwa,2026-05-04,1200.0,1200.0,1200.0,1200.0,1200.0,0.0,0.0,0.0,5,19,2026,1200.0,0.0,700.0
finger_millet,Rukwa,2026-05-11,700.0,1200.0,1200.0,1200.0,1200.0,0.0,0.0,0.0,5,20,2026,1200.0,0.0,1100.0
finger_millet,Rukwa,2026-05-18,1100.0,700.0,1200.0,1200.0,1200.0,-500.0,0.0,-41.66666666666667,5,21,2026,1075.0,250.0,1100.0
finger_millet,Rukwa,2026-05-25,1100.0,1100.0,700.0,1200.0,1200.0,400.0,-500.0,57.14285714285714,5,22,2026,1050.0,238.04761428476166,800.0
finger_millet,Rukwa,2026-06-01,800.0,1100.0,1100.0,700.0,1200.0,0.0,400.0,0.0,6,23,2026,1025.0,221.7355782608345,800.0
finger_millet,Rukwa,2026-06-15,,800.0,800.0,1100.0,1100.0,0.0,-300.0,0.0,6,25,2026,950.0,173.20508075688772,800.0
finger_millet,Shinyanga,2025-02-03,2400.0,2500.0,2500.0,2500.0,2500.0,0.0,0.0,0.0,2,6,2025,2500.0,0.0,2600.0
finger_millet,Shinyanga,2025-02-10,2600.0,2400.0,2500.0,2500.0,2500.0,-100.0,0.0,-4.0,2,7,2025,2475.0,50.0,2600.0
finger_millet,Shinyanga,2025-02-24,,2600.0,2600.0,2400.0,2500.0,0.0,200.0,0.0,2,9,2025,2525.0,95.74271077563382,2500.0
finger_millet,Shinyanga,2025-04-21,3000.0,3000.0,3200.0,2200.0,2600.0,-200.0,1000.0,-6.25,4,17,2025,2750.0,443.4711565216691,2900.0
finger_millet,Shinyanga,2025-04-28,2900.0,3000.0,3000.0,3200.0,2200.0,0.0,-200.0,0.0,4,18,2025,2850.0,443.4711565216691,2900.0
finger_millet,Shinyanga,2025-05-05,2900.0,2900.0,3000.0,3000.0,3200.0,-100.0,0.0,-3.3333333333333335,5,19,2025,3025.0,125.83057392117955,2700.0
finger_millet,Shinyanga,2025-05-12,2700.0,2900.0,2900.0,3000.0,3000.0,0.0,-100.0,0.0,5,20,2025,2950.0,57.73502691896332,2700.0
finger_millet,Shinyanga,2025-05-19,2700.0,2700.0,2900.0,2900.0,3000.0,-200.0,0.0,-6.896551724137931,5,21,2025,2875.0,125.83057392117955,2700.0
finger_millet,Shinyanga,2025-05-26,2700.0,2700.0,2700.0,2900.0,2900.0,0.0,-200.0,0.0,5,22,2025,2800.0,115.47005383792563,3000.0
finger_millet,Shinyanga,2025-06-02,3000.0,2700.0,2700.0,2700.0,2900.0,0.0,0.0,0.0,6,23,2025,2750.0,100.0000000000005,2900.0
finger_millet,Shinyanga,2025-06-09,2900.0,3000.0,2700.0,2700.0,2700.0,300.0,0.0,11.11111111111111,6,24,2025,2775.0,150.0,3000.0
finger_millet,Shinyanga,2025-06-16,3000.0,2900.0,3000.0,2700.0,2700.0,-100.0,300.0,-3.3333333333333335,6,25,2025,2825.0,150.0,2800.0
finger_millet,Shinyanga,2025-06-30,,2800.0,3000.0,2900.0,3000.0,-200.0,100.0,-6.666666666666667,6,27,2025,2925.0,95.74271077563391,2900.0
finger_millet,Shinyanga,2025-08-04,2800.0,2800.0,2800.0,2900.0,2900.0,0.0,-100.0,0.0,8,32,2025,2850.0,57.73502691896252,2700.0
finger_millet,Shinyanga,2025-08-11,2700.0,2800.0,2800.0,2800.0,2900.0,0.0,0.0,0.0,8,33,2025,2825.0,49.999999999999964,2500.0
finger_millet,Shinyanga,2025-08-18,2500.0,2700.0,2800.0,2800.0,2800.0,-100.0,0.0,-3.571428571428571,8,34,2025,2775.0,50.0,2600.0
finger_millet,Shinyanga,2025-08-25,2600.0,2500.0,2700.0,2800.0,2800.0,-200.0,-100.0,-7.4074074074074066,8,35,2025,2700.0,141.42135623730945,2500.0
finger_millet,Shinyanga,2025-09-01,2500.0,2600.0,2500.0,2700.0,2800.0,100.0,-200.0,4.0,9,36,2025,2650.0,129.0994448735805,2900.0
finger_millet,Shinyanga,2025-09-08,2900.0,2500.0,2600.0,2500.0,2700.0,-100.0,100.0,-3.8461538461538463,9,37,2025,2575.0,95.74271077563371,2800.0
finger_millet,Shinyanga,2025-09-15,2800.0,2900.0,2500.0,2600.0,2500.0,400.0,-100.0,16.0,9,38,2025,2625.0,189.29694486000906,2400.0
finger_millet,Shinyanga,2025-09-22,2400.0,2800.0,2900.0,2500.0,2600.0,-100.0,400.0,-3.4482758620689653,9,39,2025,2700.0,182.57418583505532,2500.0
finger_millet,Shinyanga,2025-09-29,2500.0,2400.0,2800.0,2900.0,2500.0,-400.0,-100.0,-14.285714285714285,9,40,2025,2650.0,238.04761428476164,2400.0
finger_millet,Shinyanga,2025-10-13,,2400.0,2500.0,2400.0,2800.0,-100.0,100.0,-4.0,10,42,2025,2525.0,189.29694486000906,2300.0
finger_millet,Shinyanga,2025-12-08,2400.0,2400.0,2500.0,2500.0,2500.0,-100.0,0.0,-4.0,12,50,2025,2475.0,50.0,2500.0
finger_millet,Shinyanga,2026-02-16,2300.0,2000.0,2300.0,2500.0,2500.0,-300.0,-200.0,-13.043478260869565,2,8,2026,2325.0,236.29078131263046,2500.0
finger_millet,Shinyanga,2026-02-23,2500.0,2300.0,2000.0,2300.0,2500.0,300.0,-300.0,15.0,2,9,2026,2275.0,206.15528128088306,2500.0
finger_millet,Shinyanga,2026-03-02,2500.0,2500.0,2300.0,2000.0,2300.0,200.0,300.0,8.695652173913043,3,10,2026,2275.0,206.15528128088306,2200.0
finger_millet,Shinyanga,2026-03-09,2200.0,2500.0,2500.0,2300.0,2000.0,0.0,200.0,0.0,3,11,2026,2325.0,236.29078131263046,2500.0
finger_millet,Shinyanga,2026-03-16,2500.0,2200.0,2500.0,2500.0,2300.0,-300.0,0.0,-12.0,3,12,2026,2375.0,150.00000000000006,2500.0
finger_millet,Shinyanga,2026-03-23,2500.0,2500.0,2200.0,2500.0,2500.0,300.0,-300.0,13.636363636363635,3,13,2026,2425.0,150.00000000000006,2200.0
finger_millet,Shinyanga,2026-03-30,2200.0,2500.0,2500.0,2200.0,2500.0,0.0,300.0,0.0,3,14,2026,2425.0,150.00000000000006,2500.0
finger_millet,Shinyanga,2026-04-06,2500.0,2200.0,2500.0,2500.0,2200.0,-300.0,0.0,-12.0,4,15,2026,2350.0,173.20508075688778,2200.0
finger_millet,Shinyanga,2026-04-13,2200.0,2500.0,2200.0,2500.0,2500.0,300.0,-300.0,13.636363636363635,4,16,2026,2425.0,150.00000000000006,2200.0
finger_millet,Shinyanga,2026-04-20,2200.0,2200.0,2500.0,2200.0,2500.0,-300.0,300.0,-12.0,4,17,2026,2350.0,173.20508075688778,2500.0
finger_millet,Shinyanga,2026-04-27,2500.0,2200.0,2200.0,2500.0,2200.0,0.0,-300.0,0.0,4,18,2026,2275.0,150.00000000000006,2400.0
finger_millet,Shinyanga,2026-05-04,2400.0,2500.0,2200.0,2200.0,2500.0,300.0,0.0,13.636363636363635,5,19,2026,2350.0,173.20508075688778,2200.0
finger_millet,Shinyanga,2026-05-11,2200.0,2400.0,2500.0,2200.0,2200.0,-100.0,300.0,-4.0,5,20,2026,2325.0,150.00000000000006,2000.0
finger_millet,Shinyanga,2026-05-18,2000.0,2200.0,2400.0,2500.0,2200.0,-200.0,-100.0,-8.333333333333332,5,21,2026,2325.0,150.00000000000006,2500.0
finger_millet,Shinyanga,2026-05-25,2500.0,2000.0,2200.0,2400.0,2500.0,-200.0,-200.0,-9.090909090909092,5,22,2026,2275.0,221.7355782608345,2500.0
finger_millet,Shinyanga,2026-06-01,2500.0,2500.0,2000.0,2200.0,2400.0,500.0,-200.0,25.0,6,23,2026,2275.0,221.7355782608345,2000.0
finger_millet,Shinyanga,2026-06-08,2000.0,2500.0,2500.0,2000.0,2200.0,0.0,500.0,0.0,6,24,2026,2300.0,244.94897427831782,2000.0
finger_millet,Shinyanga,2026-06-15,2000.0,2000.0,2500.0,2500.0,2000.0,-500.0,0.0,-20.0,6,25,2026,2250.0,288.6751345948129,2400.0
finger_millet,Simiyu,2024-12-30,,2300.0,2300.0,2300.0,2300.0,0.0,0.0,0.0,12,1,2024,2300.0,0.0,2300.0
finger_millet,Simiyu,2025-02-10,,1900.0,2500.0,2600.0,2300.0,-600.0,-100.0,-24.0,2,7,2025,2325.0,309.56959368344513,2500.0
finger_millet,Simiyu,2025-04-21,2500.0,2700.0,2700.0,2700.0,2700.0,0.0,0.0,0.0,4,17,2025,2700.0,0.0,2500.0
finger_millet,Simiyu,2025-06-16,2200.0,2500.0,2500.0,2500.0,2500.0,0.0,0.0,0.0,6,25,2025,2500.0,0.0,2100.0
finger_millet,Simiyu,2025-06-30,,2100.0,2200.0,2500.0,2500.0,-100.0,-300.0,-4.545454545454546,6,27,2025,2325.0,206.15528128088303,2200.0
finger_millet,Simiyu,2025-08-04,2500.0,2500.0,2300.0,2200.0,2200.0,200.0,100.0,8.695652173913043,8,32,2025,2300.0,141.42135623730945,2200.0
finger_millet,Simiyu,2025-08-11,2200.0,2500.0,2500.0,2300.0,2200.0,0.0,200.0,0.0,8,33,2025,2375.0,149.99999999999991,2200.0
finger_millet,Simiyu,2025-08-25,,2200.0,2200.0,2500.0,2500.0,0.0,-300.0,0.0,8,35,2025,2350.0,173.20508075688764,2100.0
finger_millet,Simiyu,2025-12-08,2800.0,2800.0,2800.0,2800.0,2600.0,0.0,0.0,0.0,12,50,2025,2750.0,99.99999999999996,2800.0
finger_millet,Simiyu,2025-12-22,,2800.0,2800.0,2800.0,2800.0,0.0,0.0,0.0,12,52,2025,2800.0,0.0,2800.0
finger_millet,Simiyu,2026-02-16,2800.0,2800.0,2800.0,2800.0,2800.0,0.0,0.0,0.0,2,8,2026,2800.0,0.0,2800.0
finger_millet,Simiyu,2026-02-23,2800.0,2800.0,2800.0,2800.0,2800.0,0.0,0.0,0.0,2,9,2026,2800.0,0.0,2900.0
finger_millet,Simiyu,2026-03-02,2900.0,2800.0,2800.0,2800.0,2800.0,0.0,0.0,0.0,3,10,2026,2800.0,0.0,2900.0
finger_millet,Simiyu,2026-03-09,2900.0,2900.0,2800.0,2800.0,2800.0,100.0,0.0,3.571428571428571,3,11,2026,2825.0,50.0,2900.0
finger_millet,Simiyu,2026-03-23,,2900.0,2900.0,2900.0,2800.0,0.0,0.0,0.0,3,13,2026,2875.0,50.0,2900.0
finger_millet,Simiyu,2026-04-27,2900.0,2900.0,2900.0,2900.0,2900.0,0.0,0.0,0.0,4,18,2026,2900.0,0.0,2900.0
finger_millet,Simiyu,2026-05-04,2900.0,2900.0,2900.0,2900.0,2900.0,0.0,0.0,0.0,5,19,2026,2900.0,0.0,2900.0
finger_millet,Simiyu,2026-05-11,2900.0,2900.0,2900.0,2900.0,2900.0,0.0,0.0,0.0,5,20,2026,2900.0,0.0,2900.0
finger_millet,Simiyu,2026-05-18,2900.0,2900.0,2900.0,2900.0,2900.0,0.0,0.0,0.0,5,21,2026,2900.0,0.0,2900.0
finger_millet,Simiyu,2026-05-25,2900.0,2900.0,2900.0,2900.0,2900.0,0.0,0.0,0.0,5,22,2026,2900.0,0.0,2900.0
finger_millet,Simiyu,2026-06-01,2900.0,2900.0,2900.0,2900.0,2900.0,0.0,0.0,0.0,6,23,2026,2900.0,0.0,2900.0
finger_millet,Simiyu,2026-06-15,,2900.0,2900.0,2900.0,2900.0,0.0,0.0,0.0,6,25,2026,2900.0,0.0,2900.0
finger_millet,Singida,2025-04-28,,1300.0,1200.0,1500.0,1500.0,100.0,-300.0,8.333333333333332,4,18,2025,1375.0,150.00000000000003,1200.0
finger_millet,Singida,2025-06-02,1300.0,1400.0,1400.0,1200.0,1200.0,0.0,200.0,0.0,6,23,2025,1300.0,115.47005383792511,1500.0
finger_millet,Singida,2025-06-09,1500.0,1300.0,1400.0,1400.0,1200.0,-100.0,0.0,-7.142857142857142,6,24,2025,1325.0,95.74271077563377,1700.0
finger_millet,Singida,2025-06-16,1700.0,1500.0,1300.0,1400.0,1400.0,200.0,-100.0,15.384615384615385,6,25,2025,1400.0,81.64965809277253,1700.0
finger_millet,Singida,2026-06-08,,1200.0,1300.0,1300.0,1400.0,-100.0,0.0,-7.6923076923076925,6,24,2026,1300.0,81.64965809277261,900.0
finger_millet,Tabora,2025-04-28,2500.0,2500.0,2000.0,2000.0,2600.0,500.0,0.0,25.0,4,18,2025,2275.0,320.1562118716424,2700.0
finger_millet,Tabora,2025-05-05,2700.0,2500.0,2500.0,2000.0,2000.0,0.0,500.0,0.0,5,19,2025,2250.0,288.67513459481285,2700.0
finger_millet,Tabora,2025-05-12,2700.0,2700.0,2500.0,2500.0,2000.0,200.0,0.0,8.0,5,20,2025,2425.0,298.6078811194819,2300.0
finger_millet,Tabora,2025-05-19,2300.0,2700.0,2700.0,2500.0,2500.0,0.0,200.0,0.0,5,21,2025,2600.0,115.47005383792512,2200.0
finger_millet,Tabora,2025-05-26,2200.0,2300.0,2700.0,2700.0,2500.0,-400.0,0.0,-14.814814814814813,5,22,2025,2550.0,191.48542155126762,1900.0
finger_millet,Tabora,2025-06-02,1900.0,2200.0,2300.0,2700.0,2700.0,-100.0,-400.0,-4.3478260869565215,6,23,2025,2475.0,262.9955639676583,1900.0
finger_millet,Tabora,2025-06-16,,1900.0,1900.0,2200.0,2300.0,0.0,-300.0,0.0,6,25,2025,2075.0,206.15528128088306,1800.0
finger_millet,Tabora,2025-09-15,2500.0,2500.0,1900.0,1900.0,1900.0,600.0,0.0,31.57894736842105,9,38,2025,2050.0,300.0,2600.0
finger_millet,Tabora,2025-09-22,2600.0,2500.0,2500.0,1900.0,1900.0,0.0,600.0,0.0,9,39,2025,2200.0,346.41016151377545,2600.0
finger_millet,Tabora,2025-10-06,,2600.0,2600.0,2500.0,2500.0,0.0,100.0,0.0,10,41,2025,2550.0,57.73502691896227,2600.0
finger_millet,Tabora,2025-12-01,2400.0,2400.0,2700.0,2700.0,2700.0,-300.0,0.0,-11.11111111111111,12,49,2025,2625.0,150.0,2400.0
finger_millet,Tabora,2025-12-08,2400.0,2400.0,2400.0,2700.0,2700.0,0.0,-300.0,0.0,12,50,2025,2550.0,173.20508075688772,2400.0
finger_millet,Tabora,2026-02-16,2200.0,2200.0,2200.0,2400.0,2400.0,0.0,-200.0,0.0,2,8,2026,2300.0,115.47005383792522,2100.0
finger_millet,Tabora,2026-02-23,2100.0,2200.0,2200.0,2200.0,2400.0,0.0,0.0,0.0,2,9,2026,2250.0,100.00000000000003,2200.0
finger_millet,Tabora,2026-03-02,2200.0,2100.0,2200.0,2200.0,2200.0,-100.0,0.0,-4.545454545454546,3,10,2026,2175.0,50.0,2200.0
finger_millet,Tabora,2026-03-09,2200.0,2200.0,2100.0,2200.0,2200.0,100.0,-100.0,4.761904761904762,3,11,2026,2175.0,50.0,2200.0
finger_millet,Tabora,2026-03-16,2200.0,2200.0,2200.0,2100.0,2200.0,0.0,100.0,0.0,3,12,2026,2175.0,50.0,2200.0
finger_millet,Tabora,2026-03-23,2200.0,2200.0,2200.0,2200.0,2100.0,0.0,0.0,0.0,3,13,2026,2175.0,50.0,2400.0
finger_millet,Tabora,2026-03-30,2400.0,2200.0,2200.0,2200.0,2200.0,0.0,0.0,0.0,3,14,2026,2200.0,0.0,2400.0
finger_millet,Tabora,2026-04-06,2400.0,2400.0,2200.0,2200.0,2200.0,200.0,0.0,9.090909090909092,4,15,2026,2250.0,100.0,2400.0
finger_millet,Tabora,2026-04-13,2400.0,2400.0,2400.0,2200.0,2200.0,0.0,200.0,0.0,4,16,2026,2300.0,115.47005383792519,2400.0
finger_millet,Tabora,2026-04-20,2400.0,2400.0,2400.0,2400.0,2200.0,0.0,0.0,0.0,4,17,2026,2350.0,99.99999999999999,2400.0
finger_millet,Tabora,2026-04-27,2400.0,2400.0,2400.0,2400.0,2400.0,0.0,0.0,0.0,4,18,2026,2400.0,0.0,2400.0
finger_millet,Tabora,2026-05-04,2400.0,2400.0,2400.0,2400.0,2400.0,0.0,0.0,0.0,5,19,2026,2400.0,0.0,2100.0
finger_millet,Tabora,2026-05-11,2100.0,2400.0,2400.0,2400.0,2400.0,0.0,0.0,0.0,5,20,2026,2400.0,0.0,2100.0
finger_millet,Tabora,2026-05-18,2100.0,2100.0,2400.0,2400.0,2400.0,-300.0,0.0,-12.5,5,21,2026,2325.0,150.0,2100.0
finger_millet,Tabora,2026-05-25,2100.0,2100.0,2100.0,2400.0,2400.0,0.0,-300.0,0.0,5,22,2026,2250.0,173.20508075688772,2100.0
finger_millet,Tabora,2026-06-01,2100.0,2100.0,2100.0,2100.0,2400.0,0.0,0.0,0.0,6,23,2026,2175.0,150.0,2100.0
finger_millet,Tabora,2026-06-15,,2100.0,2100.0,2100.0,2100.0,0.0,0.0,0.0,6,25,2026,2100.0,0.0,2000.0
finger_millet,Tanga,2026-02-16,,3300.0,3300.0,3300.0,3300.0,0.0,0.0,0.0,2,8,2026,3300.0,0.0,3300.0
finger_millet,Tanga,2026-03-23,2500.0,2500.0,4000.0,3500.0,3300.0,-1500.0,500.0,-37.5,3,13,2026,3325.0,623.8322424070967,2500.0
finger_millet,Tanga,2026-03-30,2500.0,2500.0,2500.0,4000.0,3500.0,0.0,-1500.0,0.0,3,14,2026,3125.0,750.0000000000001,2500.0
finger_millet,Tanga,2026-04-06,2500.0,2500.0,2500.0,2500.0,4000.0,0.0,0.0,0.0,4,15,2026,2875.0,750.0000000000001,2700.0
finger_millet,Tanga,2026-04-13,2700.0,2500.0,2500.0,2500.0,2500.0,0.0,0.0,0.0,4,16,2026,2500.0,0.0,2300.0
finger_millet,Tanga,2026-04-20,2300.0,2700.0,2500.0,2500.0,2500.0,200.0,0.0,8.0,4,17,2026,2550.0,100.0,2300.0
finger_millet,Tanga,2026-04-27,2300.0,2300.0,2700.0,2500.0,2500.0,-400.0,200.0,-14.814814814814813,4,18,2026,2500.0,163.29931618554517,2300.0
finger_millet,Tanga,2026-05-04,2300.0,2300.0,2300.0,2700.0,2500.0,0.0,-400.0,0.0,5,19,2026,2450.0,191.4854215512676,2500.0
finger_millet,Tanga,2026-05-11,2500.0,2300.0,2300.0,2300.0,2700.0,0.0,0.0,0.0,5,20,2026,2400.0,199.99999999999997,2500.0
finger_millet,Tanga,2026-05-18,2500.0,2500.0,2300.0,2300.0,2300.0,200.0,0.0,8.695652173913043,5,21,2026,2350.0,100.0,2500.0
finger_millet,Tanga,2026-05-25,2500.0,2500.0,2500.0,2300.0,2300.0,0.0,200.0,0.0,5,22,2026,2400.0,115.47005383792519,2500.0
finger_millet,Tanga,2026-06-01,2500.0,2500.0,2500.0,2500.0,2300.0,0.0,0.0,0.0,6,23,2026,2450.0,99.99999999999999,2500.0
finger_millet,Tanga,2026-06-08,2500.0,2500.0,2500.0,2500.0,2500.0,0.0,0.0,0.0,6,24,2026,2500.0,0.0,2000.0
finger_millet,Tanga,2026-06-15,2000.0,2500.0,2500.0,2500.0,2500.0,0.0,0.0,0.0,6,25,2026,2500.0,0.0,2000.0
maize,Arusha,2025-01-06,700.0,600.0,600.0,600.0,700.0,0.0,0.0,0.0,1,2,2025,625.0,50.00000000000001,700.0
maize,Arusha,2025-01-13,700.0,700.0,600.0,600.0,600.0,100.0,0.0,16.666666666666664,1,3,2025,625.0,50.0,800.0
maize,Arusha,2025-01-20,800.0,700.0,700.0,600.0,600.0,0.0,100.0,0.0,1,4,2025,650.0,57.73502691896257,700.0
maize,Arusha,2025-01-27,700.0,800.0,700.0,700.0,600.0,100.0,0.0,14.285714285714285,1,5,2025,700.0,81.64965809277261,700.0
maize,Arusha,2025-02-03,700.0,700.0,800.0,700.0,700.0,-100.0,100.0,-12.5,2,6,2025,725.0,50.0,700.0
maize,Arusha,2025-02-10,700.0,700.0,700.0,800.0,700.0,0.0,-100.0,0.0,2,7,2025,725.0,50.0,800.0
maize,Arusha,2025-02-17,800.0,700.0,700.0,700.0,800.0,0.0,0.0,0.0,2,8,2025,725.0,50.0,800.0
maize,Arusha,2025-02-24,800.0,800.0,700.0,700.0,700.0,100.0,0.0,14.285714285714285,2,9,2025,725.0,50.0,1000.0
maize,Arusha,2025-03-03,1000.0,800.0,800.0,700.0,700.0,0.0,100.0,0.0,3,10,2025,750.0,57.73502691896257,900.0
maize,Arusha,2025-03-17,,900.0,1000.0,800.0,800.0,-100.0,200.0,-10.0,3,12,2025,875.0,95.74271077563384,800.0
maize,Arusha,2025-04-21,800.0,800.0,900.0,900.0,800.0,-100.0,0.0,-11.11111111111111,4,17,2025,850.0,57.73502691896262,800.0
maize,Arusha,2025-04-28,800.0,800.0,800.0,900.0,900.0,0.0,-100.0,0.0,4,18,2025,850.0,57.73502691896262,800.0
maize,Arusha,2025-05-05,800.0,800.0,800.0,800.0,900.0,0.0,0.0,0.0,5,19,2025,825.0,50.00000000000006,800.0
maize,Arusha,2025-05-12,800.0,800.0,800.0,800.0,800.0,0.0,0.0,0.0,5,20,2025,800.0,0.0,900.0
maize,Arusha,2025-05-19,900.0,800.0,800.0,800.0,800.0,0.0,0.0,0.0,5,21,2025,800.0,0.0,900.0
maize,Arusha,2025-05-26,900.0,900.0,800.0,800.0,800.0,100.0,0.0,12.5,5,22,2025,825.0,50.0,800.0
maize,Arusha,2025-06-02,800.0,900.0,900.0,800.0,800.0,0.0,100.0,0.0,6,23,2025,850.0,57.73502691896257,800.0
maize,Arusha,2025-06-09,800.0,800.0,900.0,900.0,800.0,-100.0,0.0,-11.11111111111111,6,24,2025,850.0,57.73502691896257,800.0
maize,Arusha,2025-06-16,800.0,800.0,800.0,900.0,900.0,0.0,-100.0,0.0,6,25,2025,850.0,57.73502691896257,800.0
maize,Arusha,2025-06-30,,800.0,800.0,800.0,800.0,0.0,0.0,0.0,6,27,2025,800.0,0.0,800.0
maize,Arusha,2025-08-04,700.0,800.0,800.0,800.0,800.0,0.0,0.0,0.0,8,32,2025,800.0,0.0,800.0
maize,Arusha,2025-08-11,800.0,700.0,800.0,800.0,800.0,-100.0,0.0,-12.5,8,33,2025,775.0,50.0,700.0
maize,Arusha,2025-08-18,700.0,800.0,700.0,800.0,800.0,100.0,-100.0,14.285714285714285,8,34,2025,775.0,50.0,800.0
maize,Arusha,2025-08-25,800.0,700.0,800.0,700.0,800.0,-100.0,100.0,-12.5,8,35,2025,750.0,57.73502691896257,700.0
maize,Arusha,2025-09-01,700.0,800.0,700.0,800.0,700.0,100.0,-100.0,14.285714285714285,9,36,2025,750.0,57.73502691896257,700.0
maize,Arusha,2025-09-08,700.0,700.0,800.0,700.0,800.0,-100.0,100.0,-12.5,9,37,2025,750.0,57.73502691896257,700.0
maize,Arusha,2025-09-15,700.0,700.0,700.0,800.0,700.0,0.0,-100.0,0.0,9,38,2025,725.0,49.99999999999999,700.0
maize,Arusha,2025-09-22,700.0,700.0,700.0,700.0,800.0,0.0,0.0,0.0,9,39,2025,725.0,49.99999999999999,700.0
maize,Arusha,2025-09-29,700.0,700.0,700.0,700.0,700.0,0.0,0.0,0.0,9,40,2025,700.0,0.0,700.0
maize,Arusha,2025-10-06,700.0,700.0,700.0,700.0,700.0,0.0,0.0,0.0,10,41,2025,700.0,0.0,700.0
maize,Arusha,2025-10-13,700.0,700.0,700.0,700.0,700.0,0.0,0.0,0.0,10,42,2025,700.0,0.0,700.0
maize,Arusha,2025-10-27,,700.0,700.0,700.0,700.0,0.0,0.0,0.0,10,44,2025,700.0,0.0,700.0
maize,Arusha,2025-12-01,700.0,700.0,700.0,700.0,700.0,0.0,0.0,0.0,12,49,2025,700.0,0.0,700.0
maize,Arusha,2025-12-08,700.0,700.0,700.0,700.0,700.0,0.0,0.0,0.0,12,50,2025,700.0,0.0,900.0
maize,Arusha,2025-12-22,,900.0,700.0,700.0,700.0,200.0,0.0,28.57142857142857,12,52,2025,750.0,100.0,900.0
maize,Arusha,2026-02-16,800.0,800.0,900.0,800.0,800.0,-100.0,100.0,-11.11111111111111,2,8,2026,825.0,49.999999999999986,800.0
maize,Arusha,2026-02-23,800.0,800.0,800.0,900.0,800.0,0.0,-100.0,0.0,2,9,2026,825.0,49.999999999999986,800.0
maize,Arusha,2026-03-02,800.0,800.0,800.0,800.0,900.0,0.0,0.0,0.0,3,10,2026,825.0,49.999999999999986,800.0
maize,Arusha,2026-03-09,800.0,800.0,800.0,800.0,800.0,0.0,0.0,0.0,3,11,2026,800.0,0.0,800.0
maize,Arusha,2026-03-16,800.0,800.0,800.0,800.0,800.0,0.0,0.0,0.0,3,12,2026,800.0,0.0,800.0
maize,Arusha,2026-03-23,800.0,800.0,800.0,800.0,800.0,0.0,0.0,0.0,3,13,2026,800.0,0.0,800.0
maize,Arusha,2026-03-30,800.0,800.0,800.0,800.0,800.0,0.0,0.0,0.0,3,14,2026,800.0,0.0,800.0
maize,Arusha,2026-04-06,800.0,800.0,800.0,800.0,800.0,0.0,0.0,0.0,4,15,2026,800.0,0.0,800.0
maize,Arusha,2026-04-13,800.0,800.0,800.0,800.0,800.0,0.0,0.0,0.0,4,16,2026,800.0,0.0,800.0
maize,Arusha,2026-04-20,800.0,800.0,800.0,800.0,800.0,0.0,0.0,0.0,4,17,2026,800.0,0.0,800.0
maize,Arusha,2026-04-27,800.0,800.0,800.0,800.0,800.0,0.0,0.0,0.0,4,18,2026,800.0,0.0,800.0
maize,Arusha,2026-05-04,800.0,800.0,800.0,800.0,800.0,0.0,0.0,0.0,5,19,2026,800.0,0.0,800.0
maize,Arusha,2026-05-11,800.0,800.0,800.0,800.0,800.0,0.0,0.0,0.0,5,20,2026,800.0,0.0,800.0
maize,Arusha,2026-05-18,800.0,800.0,800.0,800.0,800.0,0.0,0.0,0.0,5,21,2026,800.0,0.0,600.0
maize,Arusha,2026-05-25,600.0,800.0,800.0,800.0,800.0,0.0,0.0,0.0,5,22,2026,800.0,0.0,700.0
maize,Arusha,2026-06-01,700.0,600.0,800.0,800.0,800.0,-200.0,0.0,-25.0,6,23,2026,750.0,100.0,700.0
maize,Arusha,2026-06-08,700.0,700.0,600.0,800.0,800.0,100.0,-200.0,16.666666666666664,6,24,2026,725.0,95.74271077563381,600.0
maize,Arusha,2026-06-15,600.0,700.0,700.0,600.0,800.0,0.0,100.0,0.0,6,25,2026,700.0,81.64965809277261,600.0
maize,Dar es Salaam,2025-03-17,,1000.0,900.0,800.0,800.0,100.0,100.0,11.11111111111111,3,12,2025,875.0,95.7427107756338,1000.0
maize,Dar es Salaam,2025-04-21,1200.0,1000.0,900.0,900.0,1000.0,100.0,0.0,11.11111111111111,4,17,2025,950.0,57.735026918962554,1100.0
maize,Dar es Salaam,2025-04-28,1100.0,1200.0,1000.0,900.0,900.0,200.0,100.0,20.0,4,18,2025,1000.0,141.42135623730948,1100.0
maize,Dar es Salaam,2025-05-05,1100.0,1100.0,1200.0,1000.0,900.0,-100.0,200.0,-8.333333333333332,5,19,2025,1050.0,129.09944487358058,1000.0
maize,Dar es Salaam,2025-05-12,1000.0,1100.0,1100.0,1200.0,1000.0,0.0,-100.0,0.0,5,20,2025,1100.0,81.64965809277261,1000.0
maize,Dar es Salaam,2025-05-19,1000.0,1000.0,1100.0,1100.0,1200.0,-100.0,0.0,-9.090909090909092,5,21,2025,1100.0,81.64965809277261,1000.0
maize,Dar es Salaam,2025-05-26,1000.0,1000.0,1000.0,1100.0,1100.0,0.0,-100.0,0.0,5,22,2025,1050.0,57.73502691896263,1000.0
maize,Dar es Salaam,2025-06-02,1000.0,1000.0,1000.0,1000.0,1100.0,0.0,0.0,0.0,6,23,2025,1025.0,50.00000000000004,1100.0
maize,Dar es Salaam,2025-06-09,1100.0,1000.0,1000.0,1000.0,1000.0,0.0,0.0,0.0,6,24,2025,1000.0,0.0,1000.0
maize,Dar es Salaam,2025-06-16,1000.0,1100.0,1000.0,1000.0,1000.0,100.0,0.0,10.0,6,25,2025,1025.0,50.0,1000.0
maize,Dar es Salaam,2025-06-30,,1000.0,1000.0,1100.0,1000.0,0.0,-100.0,0.0,6,27,2025,1025.0,50.0,1100.0
maize,Dar es Salaam,2025-09-08,700.0,1000.0,1000.0,1000.0,900.0,0.0,0.0,0.0,9,37,2025,975.0,50.00000000000001,800.0
maize,Dar es Salaam,2025-09-15,800.0,700.0,1000.0,1000.0,1000.0,-300.0,0.0,-30.0,9,38,2025,925.0,150.0,900.0
maize,Dar es Salaam,2025-09-22,900.0,800.0,700.0,1000.0,1000.0,100.0,-300.0,14.285714285714285,9,39,2025,875.0,150.0,800.0
maize,Dar es Salaam,2025-09-29,800.0,900.0,800.0,700.0,1000.0,100.0,100.0,12.5,9,40,2025,850.0,129.09944487358058,1000.0
maize,Dar es Salaam,2025-10-13,,1000.0,800.0,900.0,800.0,200.0,-100.0,25.0,10,42,2025,875.0,95.7427107756338,800.0
maize,Dar es Salaam,2025-12-01,,900.0,900.0,900.0,900.0,0.0,0.0,0.0,12,49,2025,900.0,0.0,900.0
maize,Dar es Salaam,2026-02-16,1000.0,900.0,1100.0,1000.0,1000.0,-200.0,100.0,-18.181818181818183,2,8,2026,1000.0,81.64965809277261,1000.0
maize,Dar es Salaam,2026-02-23,1000.0,1000.0,900.0,1100.0,1000.0,100.0,-200.0,11.11111111111111,2,9,2026,1000.0,81.64965809277261,1000.0
maize,Dar es Salaam,2026-03-02,1000.0,1000.0,1000.0,900.0,1100.0,0.0,100.0,0.0,3,10,2026,1000.0,81.64965809277261,1000.0
maize,Dar es Salaam,2026-03-09,1000.0,1000.0,1000.0,1000.0,900.0,0.0,0.0,0.0,3,11,2026,975.0,49.999999999999986,1100.0
maize,Dar es Salaam,2026-03-16,1100.0,1000.0,1000.0,1000.0,1000.0,0.0,0.0,0.0,3,12,2026,1000.0,0.0,1100.0
maize,Dar es Salaam,2026-03-23,1100.0,1100.0,1000.0,1000.0,1000.0,100.0,0.0,10.0,3,13,2026,1025.0,50.0,1100.0
maize,Dar es Salaam,2026-03-30,1100.0,1100.0,1100.0,1000.0,1000.0,0.0,100.0,0.0,3,14,2026,1050.0,57.735026918962596,900.0
maize,Dar es Salaam,2026-04-06,900.0,1100.0,1100.0,1100.0,1000.0,0.0,0.0,0.0,4,15,2026,1075.0,49.99999999999999,900.0
maize,Dar es Salaam,2026-04-13,900.0,900.0,1100.0,1100.0,1100.0,-200.0,0.0,-18.181818181818183,4,16,2026,1050.0,100.0,900.0
maize,Dar es Salaam,2026-04-20,900.0,900.0,900.0,1100.0,1100.0,0.0,-200.0,0.0,4,17,2026,1000.0,115.47005383792514,900.0
maize,Dar es Salaam,2026-04-27,900.0,900.0,900.0,900.0,1100.0,0.0,0.0,0.0,4,18,2026,950.0,99.99999999999997,1100.0
maize,Dar es Salaam,2026-05-04,1100.0,900.0,900.0,900.0,900.0,0.0,0.0,0.0,5,19,2026,900.0,0.0,900.0
maize,Dar es Salaam,2026-05-18,,900.0,1100.0,900.0,900.0,-200.0,200.0,-18.181818181818183,5,21,2026,950.0,100.0,1100.0
maize,Dodoma,2025-03-17,,700.0,700.0,700.0,700.0,0.0,0.0,0.0,3,12,2025,700.0,0.0,800.0
maize,Dodoma,2025-05-12,800.0,800.0,800.0,800.0,800.0,0.0,0.0,0.0,5,20,2025,800.0,0.0,800.0
maize,Dodoma,2025-05-19,800.0,800.0,800.0,800.0,800.0,0.0,0.0,0.0,5,21,2025,800.0,0.0,800.0
maize,Dodoma,2025-05-26,800.0,800.0,800.0,800.0,800.0,0.0,0.0,0.0,5,22,2025,800.0,0.0,800.0
maize,Dodoma,2025-06-02,800.0,800.0,800.0,800.0,800.0,0.0,0.0,0.0,6,23,2025,800.0,0.0,800.0
maize,Dodoma,2025-06-09,800.0,800.0,800.0,800.0,800.0,0.0,0.0,0.0,6,24,2025,800.0,0.0,800.0
maize,Dodoma,2025-06-16,800.0,800.0,800.0,800.0,800.0,0.0,0.0,0.0,6,25,2025,800.0,0.0,800.0
maize,Dodoma,2025-06-30,,800.0,800.0,800.0,800.0,0.0,0.0,0.0,6,27,2025,800.0,0.0,700.0
maize,Dodoma,2025-09-01,700.0,600.0,800.0,800.0,800.0,-200.0,0.0,-25.0,9,36,2025,750.0,100.0,700.0
maize,Dodoma,2025-09-08,700.0,700.0,600.0,800.0,800.0,100.0,-200.0,16.666666666666664,9,37,2025,725.0,95.74271077563381,700.0
maize,Dodoma,2025-09-15,700.0,700.0,700.0,600.0,800.0,0.0,100.0,0.0,9,38,2025,700.0,81.64965809277261,700.0
maize,Dodoma,2025-09-22,700.0,700.0,700.0,700.0,600.0,0.0,0.0,0.0,9,39,2025,675.0,50.0,700.0
maize,Dodoma,2025-09-29,700.0,700.0,700.0,700.0,700.0,0.0,0.0,0.0,9,40,2025,700.0,0.0,700.0
maize,Dodoma,2025-10-06,700.0,700.0,700.0,700.0,700.0,0.0,0.0,0.0,10,41,2025,700.0,0.0,700.0
maize,Dodoma,2025-10-13,700.0,700.0,700.0,700.0,700.0,0.0,0.0,0.0,10,42,2025,700.0,0.0,700.0
maize,Dodoma,2025-10-27,,700.0,700.0,700.0,700.0,0.0,0.0,0.0,10,44,2025,700.0,0.0,700.0
maize,Dodoma,2025-12-22,,800.0,800.0,700.0,700.0,0.0,100.0,0.0,12,52,2025,750.0,57.73502691896257,800.0
maize,Dodoma,2026-02-16,900.0,900.0,800.0,900.0,800.0,100.0,-100.0,12.5,2,8,2026,850.0,57.735026918962554,800.0
maize,Dodoma,2026-02-23,800.0,900.0,900.0,800.0,900.0,0.0,100.0,0.0,2,9,2026,875.0,49.999999999999986,800.0
maize,Dodoma,2026-03-02,800.0,800.0,900.0,900.0,800.0,-100.0,0.0,-11.11111111111111,3,10,2026,850.0,57.735026918962554,800.0
maize,Dodoma,2026-03-09,800.0,800.0,800.0,900.0,900.0,0.0,-100.0,0.0,3,11,2026,850.0,57.735026918962554,800.0
maize,Dodoma,2026-03-16,800.0,800.0,800.0,800.0,900.0,0.0,0.0,0.0,3,12,2026,825.0,49.999999999999986,800.0
maize,Dodoma,2026-03-23,800.0,800.0,800.0,800.0,800.0,0.0,0.0,0.0,3,13,2026,800.0,0.0,800.0
maize,Dodoma,2026-03-30,800.0,800.0,800.0,800.0,800.0,0.0,0.0,0.0,3,14,2026,800.0,0.0,800.0
maize,Dodoma,2026-04-06,800.0,800.0,800.0,800.0,800.0,0.0,0.0,0.0,4,15,2026,800.0,0.0,800.0
maize,Dodoma,2026-04-13,800.0,800.0,800.0,800.0,800.0,0.0,0.0,0.0,4,16,2026,800.0,0.0,700.0
maize,Dodoma,2026-04-20,700.0,800.0,800.0,800.0,800.0,0.0,0.0,0.0,4,17,2026,800.0,0.0,700.0
maize,Dodoma,2026-04-27,700.0,700.0,800.0,800.0,800.0,-100.0,0.0,-12.5,4,18,2026,775.0,50.0,700.0
maize,Dodoma,2026-05-04,700.0,700.0,700.0,800.0,800.0,0.0,-100.0,0.0,5,19,2026,750.0,57.73502691896257,700.0
maize,Dodoma,2026-05-11,700.0,700.0,700.0,700.0,800.0,0.0,0.0,0.0,5,20,2026,725.0,49.99999999999999,700.0
maize,Dodoma,2026-05-18,700.0,700.0,700.0,700.0,700.0,0.0,0.0,0.0,5,21,2026,700.0,0.0,600.0
maize,Dodoma,2026-05-25,600.0,700.0,700.0,700.0,700.0,0.0,0.0,0.0,5,22,2026,700.0,0.0,600.0
maize,Dodoma,2026-06-01,600.0,600.0,700.0,700.0,700.0,-100.0,0.0,-14.285714285714285,6,23,2026,675.0,50.0,600.0
maize,Dodoma,2026-06-08,600.0,600.0,600.0,700.0,700.0,0.0,-100.0,0.0,6,24,2026,650.0,57.73502691896257,600.0
maize,Dodoma,2026-06-15,600.0,600.0,600.0,600.0,700.0,0.0,0.0,0.0,6,25,2026,625.0,49.99999999999999,700.0
maize,Geita,2025-04-21,800.0,800.0,800.0,800.0,700.0,0.0,0.0,0.0,4,17,2025,775.0,49.999999999999986,800.0
maize,Geita,2025-04-28,800.0,800.0,800.0,800.0,800.0,0.0,0.0,0.0,4,18,2025,800.0,0.0,800.0
maize,Geita,2025-05-05,800.0,800.0,800.0,800.0,800.0,0.0,0.0,0.0,5,19,2025,800.0,0.0,800.0
maize,Geita,2025-05-12,800.0,800.0,800.0,800.0,800.0,0.0,0.0,0.0,5,20,2025,800.0,0.0,700.0
maize,Geita,2025-05-19,700.0,800.0,800.0,800.0,800.0,0.0,0.0,0.0,5,21,2025,800.0,0.0,700.0
maize,Geita,2025-05-26,700.0,700.0,800.0,800.0,800.0,-100.0,0.0,-12.5,5,22,2025,775.0,50.0,800.0
maize,Geita,2025-06-02,800.0,700.0,700.0,800.0,800.0,0.0,-100.0,0.0,6,23,2025,750.0,57.73502691896257,800.0
maize,Geita,2025-06-09,800.0,800.0,700.0,700.0,800.0,100.0,0.0,14.285714285714285,6,24,2025,750.0,57.73502691896257,800.0
maize,Geita,2025-06-16,800.0,800.0,800.0,700.0,700.0,0.0,100.0,0.0,6,25,2025,750.0,57.73502691896257,800.0
maize,Geita,2025-06-30,,800.0,800.0,800.0,800.0,0.0,0.0,0.0,6,27,2025,800.0,0.0,800.0
maize,Geita,2025-09-15,900.0,1000.0,900.0,900.0,900.0,100.0,0.0,11.11111111111111,9,38,2025,925.0,50.0,900.0
maize,Geita,2025-09-22,900.0,900.0,1000.0,900.0,900.0,-100.0,100.0,-10.0,9,39,2025,925.0,50.0,1000.0
maize,Geita,2025-10-06,,1000.0,900.0,900.0,1000.0,100.0,0.0,11.11111111111111,10,41,2025,950.0,57.73502691896257,1000.0
maize,Geita,2026-02-16,1100.0,1100.0,1200.0,1200.0,1400.0,-100.0,0.0,-8.333333333333332,2,8,2026,1225.0,125.83057392117918,1000.0
maize,Geita,2026-02-23,1000.0,1100.0,1100.0,1200.0,1200.0,0.0,-100.0,0.0,2,9,2026,1150.0,57.73502691896267,1000.0
maize,Geita,2026-03-02,1000.0,1000.0,1100.0,1100.0,1200.0,-100.0,0.0,-9.090909090909092,3,10,2026,1100.0,81.64965809277264,1000.0
maize,Geita,2026-03-09,1000.0,1000.0,1000.0,1100.0,1100.0,0.0,-100.0,0.0,3,11,2026,1050.0,57.73502691896267,1000.0
maize,Geita,2026-03-16,1000.0,1000.0,1000.0,1000.0,1100.0,0.0,0.0,0.0,3,12,2026,1025.0,50.000000000000085,1000.0
maize,Geita,2026-03-23,1000.0,1000.0,1000.0,1000.0,1000.0,0.0,0.0,0.0,3,13,2026,1000.0,0.0,1000.0
maize,Geita,2026-03-30,1000.0,1000.0,1000.0,1000.0,1000.0,0.0,0.0,0.0,3,14,2026,1000.0,0.0,1000.0
maize,Geita,2026-04-06,1000.0,1000.0,1000.0,1000.0,1000.0,0.0,0.0,0.0,4,15,2026,1000.0,0.0,1000.0
maize,Geita,2026-04-13,1000.0,1000.0,1000.0,1000.0,1000.0,0.0,0.0,0.0,4,16,2026,1000.0,0.0,1000.0
maize,Geita,2026-04-20,1000.0,1000.0,1000.0,1000.0,1000.0,0.0,0.0,0.0,4,17,2026,1000.0,0.0,1000.0
maize,Geita,2026-04-27,1000.0,1000.0,1000.0,1000.0,1000.0,0.0,0.0,0.0,4,18,2026,1000.0,0.0,1000.0
maize,Geita,2026-05-04,1000.0,1000.0,1000.0,1000.0,1000.0,0.0,0.0,0.0,5,19,2026,1000.0,0.0,1000.0
maize,Geita,2026-05-11,1000.0,1000.0,1000.0,1000.0,1000.0,0.0,0.0,0.0,5,20,2026,1000.0,0.0,1000.0
maize,Geita,2026-05-18,1000.0,1000.0,1000.0,1000.0,1000.0,0.0,0.0,0.0,5,21,2026,1000.0,0.0,1000.0
maize,Geita,2026-05-25,1000.0,1000.0,1000.0,1000.0,1000.0,0.0,0.0,0.0,5,22,2026,1000.0,0.0,1000.0
maize,Geita,2026-06-01,1000.0,1000.0,1000.0,1000.0,1000.0,0.0,0.0,0.0,6,23,2026,1000.0,0.0,1000.0
maize,Geita,2026-06-08,1000.0,1000.0,1000.0,1000.0,1000.0,0.0,0.0,0.0,6,24,2026,1000.0,0.0,1000.0
maize,Geita,2026-06-15,1000.0,1000.0,1000.0,1000.0,1000.0,0.0,0.0,0.0,6,25,2026,1000.0,0.0,1000.0
maize,Iringa,2024-12-30,700.0,700.0,700.0,600.0,600.0,0.0,100.0,0.0,12,1,2024,650.0,57.735026918962554,700.0
maize,Iringa,2025-01-06,700.0,700.0,700.0,700.0,600.0,0.0,0.0,0.0,1,2,2025,675.0,49.999999999999986,500.0
maize,Iringa,2025-01-13,500.0,700.0,700.0,700.0,700.0,0.0,0.0,0.0,1,3,2025,700.0,0.0,800.0
maize,Iringa,2025-01-20,800.0,500.0,700.0,700.0,700.0,-200.0,0.0,-28.57142857142857,1,4,2025,650.0,100.0,700.0
maize,Iringa,2025-01-27,700.0,800.0,500.0,700.0,700.0,300.0,-200.0,60.0,1,5,2025,675.0,125.83057392117917,700.0
maize,Iringa,2025-02-03,700.0,700.0,800.0,500.0,700.0,-100.0,300.0,-12.5,2,6,2025,675.0,125.83057392117917,700.0
maize,Iringa,2025-02-10,700.0,700.0,700.0,800.0,500.0,0.0,-100.0,0.0,2,7,2025,675.0,125.83057392117917,700.0
maize,Iringa,2025-02-17,700.0,700.0,700.0,700.0,800.0,0.0,0.0,0.0,2,8,2025,725.0,49.99999999999997,800.0
maize,Iringa,2025-02-24,800.0,700.0,700.0,700.0,700.0,0.0,0.0,0.0,2,9,2025,700.0,0.0,800.0
maize,Iringa,2025-03-03,800.0,800.0,700.0,700.0,700.0,100.0,0.0,14.285714285714285,3,10,2025,725.0,50.0,800.0
maize,Iringa,2025-03-17,,800.0,800.0,800.0,700.0,0.0,0.0,0.0,3,12,2025,775.0,49.99999999999999,800.0
maize,Iringa,2025-04-21,800.0,800.0,800.0,800.0,800.0,0.0,0.0,0.0,4,17,2025,800.0,0.0,800.0
maize,Iringa,2025-04-28,800.0,800.0,800.0,800.0,800.0,0.0,0.0,0.0,4,18,2025,800.0,0.0,800.0
maize,Iringa,2025-05-05,800.0,800.0,800.0,800.0,800.0,0.0,0.0,0.0,5,19,2025,800.0,0.0,800.0
maize,Iringa,2025-05-12,800.0,800.0,800.0,800.0,800.0,0.0,0.0,0.0,5,20,2025,800.0,0.0,800.0
maize,Iringa,2025-05-19,800.0,800.0,800.0,800.0,800.0,0.0,0.0,0.0,5,21,2025,800.0,0.0,800.0
maize,Iringa,2025-05-26,800.0,800.0,800.0,800.0,800.0,0.0,0.0,0.0,5,22,2025,800.0,0.0,800.0
maize,Iringa,2025-06-02,800.0,800.0,800.0,800.0,800.0,0.0,0.0,0.0,6,23,2025,800.0,0.0,700.0
maize,Iringa,2025-06-09,700.0,800.0,800.0,800.0,800.0,0.0,0.0,0.0,6,24,2025,800.0,0.0,700.0
maize,Iringa,2025-06-16,700.0,700.0,800.0,800.0,800.0,-100.0,0.0,-12.5,6,25,2025,775.0,50.0,600.0
maize,Iringa,2025-06-30,,600.0,700.0,700.0,800.0,-100.0,0.0,-14.285714285714285,6,27,2025,700.0,81.64965809277261,600.0
maize,Iringa,2025-09-01,600.0,600.0,600.0,600.0,600.0,0.0,0.0,0.0,9,36,2025,600.0,0.0,600.0
maize,Iringa,2025-09-08,600.0,600.0,600.0,600.0,600.0,0.0,0.0,0.0,9,37,2025,600.0,0.0,600.0
maize,Iringa,2025-09-15,600.0,600.0,600.0,600.0,600.0,0.0,0.0,0.0,9,38,2025,600.0,0.0,600.0
maize,Iringa,2025-09-22,600.0,600.0,600.0,600.0,600.0,0.0,0.0,0.0,9,39,2025,600.0,0.0,600.0
maize,Iringa,2025-09-29,600.0,600.0,600.0,600.0,600.0,0.0,0.0,0.0,9,40,2025,600.0,0.0,600.0
maize,Iringa,2025-10-13,,600.0,600.0,600.0,600.0,0.0,0.0,0.0,10,42,2025,600.0,0.0,600.0
maize,Iringa,2026-02-16,700.0,700.0,800.0,800.0,800.0,-100.0,0.0,-12.5,2,8,2026,775.0,50.0,700.0
maize,Iringa,2026-02-23,700.0,700.0,700.0,800.0,800.0,0.0,-100.0,0.0,2,9,2026,750.0,57.73502691896257,700.0
maize,Iringa,2026-03-02,700.0,700.0,700.0,700.0,800.0,0.0,0.0,0.0,3,10,2026,725.0,49.99999999999999,700.0
maize,Iringa,2026-03-09,700.0,700.0,700.0,700.0,700.0,0.0,0.0,0.0,3,11,2026,700.0,0.0,700.0
maize,Iringa,2026-03-16,700.0,700.0,700.0,700.0,700.0,0.0,0.0,0.0,3,12,2026,700.0,0.0,700.0
maize,Iringa,2026-03-23,700.0,700.0,700.0,700.0,700.0,0.0,0.0,0.0,3,13,2026,700.0,0.0,700.0
maize,Iringa,2026-03-30,700.0,700.0,700.0,700.0,700.0,0.0,0.0,0.0,3,14,2026,700.0,0.0,700.0
maize,Iringa,2026-04-06,700.0,700.0,700.0,700.0,700.0,0.0,0.0,0.0,4,15,2026,700.0,0.0,700.0
maize,Iringa,2026-04-13,700.0,700.0,700.0,700.0,700.0,0.0,0.0,0.0,4,16,2026,700.0,0.0,800.0
maize,Iringa,2026-04-20,800.0,700.0,700.0,700.0,700.0,0.0,0.0,0.0,4,17,2026,700.0,0.0,800.0
maize,Iringa,2026-04-27,800.0,800.0,700.0,700.0,700.0,100.0,0.0,14.285714285714285,4,18,2026,725.0,50.0,800.0
maize,Iringa,2026-05-04,800.0,800.0,800.0,700.0,700.0,0.0,100.0,0.0,5,19,2026,750.0,57.73502691896257,700.0
maize,Iringa,2026-05-11,700.0,800.0,800.0,800.0,700.0,0.0,0.0,0.0,5,20,2026,775.0,49.99999999999999,700.0
maize,Iringa,2026-05-18,700.0,700.0,800.0,800.0,800.0,-100.0,0.0,-12.5,5,21,2026,775.0,50.0,700.0
maize,Iringa,2026-05-25,700.0,700.0,700.0,800.0,800.0,0.0,-100.0,0.0,5,22,2026,750.0,57.73502691896257,500.0
maize,Iringa,2026-06-01,500.0,700.0,700.0,700.0,800.0,0.0,0.0,0.0,6,23,2026,725.0,49.99999999999999,500.0
maize,Iringa,2026-06-08,500.0,500.0,700.0,700.0,700.0,-200.0,0.0,-28.57142857142857,6,24,2026,650.0,100.0,400.0
maize,Iringa,2026-06-15,400.0,500.0,500.0,700.0,700.0,0.0,-200.0,0.0,6,25,2026,600.0,115.47005383792516,500.0
maize,Kagera,2024-12-30,900.0,900.0,900.0,900.0,900.0,0.0,0.0,0.0,12,1,2024,900.0,0.0,900.0
maize,Kagera,2025-01-06,900.0,900.0,900.0,900.0,900.0,0.0,0.0,0.0,1,2,2025,900.0,0.0,800.0
maize,Kagera,2025-01-13,800.0,900.0,900.0,900.0,900.0,0.0,0.0,0.0,1,3,2025,900.0,0.0,900.0
maize,Kagera,2025-01-20,900.0,800.0,900.0,900.0,900.0,-100.0,0.0,-11.11111111111111,1,4,2025,875.0,50.0,900.0
maize,Kagera,2025-01-27,900.0,900.0,800.0,900.0,900.0,100.0,-100.0,12.5,1,5,2025,875.0,50.0,900.0
maize,Kagera,2025-02-03,900.0,900.0,900.0,800.0,900.0,0.0,100.0,0.0,2,6,2025,875.0,50.0,900.0
maize,Kagera,2025-02-10,900.0,900.0,900.0,900.0,800.0,0.0,0.0,0.0,2,7,2025,875.0,50.0,800.0
maize,Kagera,2025-02-24,,800.0,900.0,900.0,900.0,-100.0,0.0,-11.11111111111111,2,9,2025,875.0,50.0,900.0
maize,Kagera,2025-04-21,900.0,800.0,800.0,800.0,800.0,0.0,0.0,0.0,4,17,2025,800.0,0.0,900.0
maize,Kagera,2025-04-28,900.0,900.0,800.0,800.0,800.0,100.0,0.0,12.5,4,18,2025,825.0,50.0,900.0
maize,Kagera,2025-05-05,900.0,900.0,900.0,800.0,800.0,0.0,100.0,0.0,5,19,2025,850.0,57.73502691896257,900.0
maize,Kagera,2025-05-12,900.0,900.0,900.0,900.0,800.0,0.0,0.0,0.0,5,20,2025,875.0,49.99999999999999,1000.0
maize,Kagera,2025-05-19,1000.0,900.0,900.0,900.0,900.0,0.0,0.0,0.0,5,21,2025,900.0,0.0,1000.0
maize,Kagera,2025-05-26,1000.0,1000.0,900.0,900.0,900.0,100.0,0.0,11.11111111111111,5,22,2025,925.0,50.0,1000.0
maize,Kagera,2025-06-02,1000.0,1000.0,1000.0,900.0,900.0,0.0,100.0,0.0,6,23,2025,950.0,57.73502691896257,1000.0
maize,Kagera,2025-06-09,1000.0,1000.0,1000.0,1000.0,900.0,0.0,0.0,0.0,6,24,2025,975.0,49.99999999999999,1000.0
maize,Kagera,2025-06-16,1000.0,1000.0,1000.0,1000.0,1000.0,0.0,0.0,0.0,6,25,2025,1000.0,0.0,1000.0
maize,Kagera,2025-06-30,,1000.0,1000.0,1000.0,1000.0,0.0,0.0,0.0,6,27,2025,1000.0,0.0,1000.0
maize,Kagera,2025-09-15,900.0,900.0,900.0,900.0,900.0,0.0,0.0,0.0,9,38,2025,900.0,0.0,900.0
maize,Kagera,2025-09-22,900.0,900.0,900.0,900.0,900.0,0.0,0.0,0.0,9,39,2025,900.0,0.0,900.0
maize,Kagera,2025-09-29,900.0,900.0,900.0,900.0,900.0,0.0,0.0,0.0,9,40,2025,900.0,0.0,900.0
maize,Kagera,2025-10-13,,900.0,900.0,900.0,900.0,0.0,0.0,0.0,10,42,2025,900.0,0.0,900.0
maize,Kagera,2025-12-01,900.0,900.0,900.0,900.0,900.0,0.0,0.0,0.0,12,49,2025,900.0,0.0,900.0
maize,Kagera,2025-12-08,900.0,900.0,900.0,900.0,900.0,0.0,0.0,0.0,12,50,2025,900.0,0.0,900.0
maize,Kagera,2025-12-22,,900.0,900.0,900.0,900.0,0.0,0.0,0.0,12,52,2025,900.0,0.0,1000.0
maize,Kagera,2026-02-16,900.0,900.0,900.0,900.0,900.0,0.0,0.0,0.0,2,8,2026,900.0,0.0,900.0
maize,Kagera,2026-02-23,900.0,900.0,900.0,900.0,900.0,0.0,0.0,0.0,2,9,2026,900.0,0.0,800.0
maize,Kagera,2026-03-02,800.0,900.0,900.0,900.0,900.0,0.0,0.0,0.0,3,10,2026,900.0,0.0,800.0
maize,Kagera,2026-03-09,800.0,800.0,900.0,900.0,900.0,-100.0,0.0,-11.11111111111111,3,11,2026,875.0,50.0,800.0
maize,Kagera,2026-03-16,800.0,800.0,800.0,900.0,900.0,0.0,-100.0,0.0,3,12,2026,850.0,57.73502691896257,800.0
maize,Kagera,2026-03-23,800.0,800.0,800.0,800.0,900.0,0.0,0.0,0.0,3,13,2026,825.0,49.99999999999999,800.0
maize,Kagera,2026-03-30,800.0,800.0,800.0,800.0,800.0,0.0,0.0,0.0,3,14,2026,800.0,0.0,900.0
maize,Kagera,2026-04-06,900.0,800.0,800.0,800.0,800.0,0.0,0.0,0.0,4,15,2026,800.0,0.0,900.0
maize,Kagera,2026-04-13,900.0,900.0,800.0,800.0,800.0,100.0,0.0,12.5,4,16,2026,825.0,50.0,900.0
maize,Kagera,2026-04-20,900.0,900.0,900.0,800.0,800.0,0.0,100.0,0.0,4,17,2026,850.0,57.73502691896257,900.0
maize,Kagera,2026-04-27,900.0,900.0,900.0,900.0,800.0,0.0,0.0,0.0,4,18,2026,875.0,49.99999999999999,900.0
maize,Kagera,2026-05-04,900.0,900.0,900.0,900.0,900.0,0.0,0.0,0.0,5,19,2026,900.0,0.0,900.0
maize,Kagera,2026-05-11,900.0,900.0,900.0,900.0,900.0,0.0,0.0,0.0,5,20,2026,900.0,0.0,900.0
maize,Kagera,2026-05-18,900.0,900.0,900.0,900.0,900.0,0.0,0.0,0.0,5,21,2026,900.0,0.0,900.0
maize,Kagera,2026-05-25,900.0,900.0,900.0,900.0,900.0,0.0,0.0,0.0,5,22,2026,900.0,0.0,900.0
maize,Kagera,2026-06-01,900.0,900.0,900.0,900.0,900.0,0.0,0.0,0.0,6,23,2026,900.0,0.0,900.0
maize,Kagera,2026-06-08,900.0,900.0,900.0,900.0,900.0,0.0,0.0,0.0,6,24,2026,900.0,0.0,800.0
maize,Kagera,2026-06-15,800.0,900.0,900.0,900.0,900.0,0.0,0.0,0.0,6,25,2026,900.0,0.0,800.0
maize,Katavi,2025-04-21,500.0,500.0,600.0,600.0,700.0,-100.0,0.0,-16.666666666666664,4,17,2025,600.0,81.64965809277261,500.0
maize,Katavi,2025-09-15,600.0,700.0,600.0,600.0,600.0,100.0,0.0,16.666666666666664,9,38,2025,625.0,50.0,600.0
maize,Kigoma,2025-04-21,600.0,500.0,700.0,700.0,800.0,-200.0,0.0,-28.57142857142857,4,17,2025,675.0,125.83057392117918,600.0
maize,Kigoma,2025-04-28,600.0,600.0,500.0,700.0,700.0,100.0,-200.0,20.0,4,18,2025,625.0,95.74271077563385,700.0
maize,Kigoma,2025-05-05,700.0,600.0,600.0,500.0,700.0,0.0,100.0,0.0,5,19,2025,600.0,81.64965809277265,700.0
maize,Kigoma,2025-09-22,700.0,700.0,700.0,700.0,600.0,0.0,0.0,0.0,9,39,2025,675.0,50.00000000000001,700.0
maize,Kigoma,2025-09-29,700.0,700.0,700.0,700.0,700.0,0.0,0.0,0.0,9,40,2025,700.0,0.0,700.0
maize,Kigoma,2025-10-06,700.0,700.0,700.0,700.0,700.0,0.0,0.0,0.0,10,41,2025,700.0,0.0,700.0
maize,Kigoma,2025-10-13,700.0,700.0,700.0,700.0,700.0,0.0,0.0,0.0,10,42,2025,700.0,0.0,700.0
maize,Kigoma,2025-12-08,700.0,700.0,700.0,700.0,700.0,0.0,0.0,0.0,12,50,2025,700.0,0.0,700.0
maize,Kigoma,2025-12-22,,700.0,700.0,700.0,700.0,0.0,0.0,0.0,12,52,2025,700.0,0.0,800.0
maize,Kigoma,2026-03-02,700.0,800.0,800.0,800.0,800.0,0.0,0.0,0.0,3,10,2026,800.0,0.0,900.0
maize,Kigoma,2026-03-09,900.0,700.0,800.0,800.0,800.0,-100.0,0.0,-12.5,3,11,2026,775.0,50.0,800.0
maize,Kigoma,2026-03-16,800.0,900.0,700.0,800.0,800.0,200.0,-100.0,28.57142857142857,3,12,2026,800.0,81.64965809277261,900.0
maize,Kigoma,2026-03-23,900.0,800.0,900.0,700.0,800.0,-100.0,200.0,-11.11111111111111,3,13,2026,800.0,81.64965809277261,700.0
maize,Kigoma,2026-03-30,700.0,900.0,800.0,900.0,700.0,100.0,-100.0,12.5,3,14,2026,825.0,95.74271077563381,700.0
maize,Kigoma,2026-04-06,700.0,700.0,900.0,800.0,900.0,-200.0,100.0,-22.22222222222222,4,15,2026,825.0,95.74271077563381,600.0
maize,Kigoma,2026-04-13,600.0,700.0,700.0,900.0,800.0,0.0,-200.0,0.0,4,16,2026,775.0,95.74271077563381,600.0
maize,Kigoma,2026-04-20,600.0,600.0,700.0,700.0,900.0,-100.0,0.0,-14.285714285714285,4,17,2026,725.0,125.83057392117917,600.0
maize,Kigoma,2026-04-27,600.0,600.0,600.0,700.0,700.0,0.0,-100.0,0.0,4,18,2026,650.0,57.73502691896255,700.0
maize,Kigoma,2026-05-04,700.0,600.0,600.0,600.0,700.0,0.0,0.0,0.0,5,19,2026,625.0,49.99999999999997,700.0
maize,Kigoma,2026-05-11,700.0,700.0,600.0,600.0,600.0,100.0,0.0,16.666666666666664,5,20,2026,625.0,50.0,600.0
maize,Kigoma,2026-05-18,600.0,700.0,700.0,600.0,600.0,0.0,100.0,0.0,5,21,2026,650.0,57.73502691896257,600.0
maize,Lindi,2025-04-21,1000.0,1000.0,1100.0,1100.0,1100.0,-100.0,0.0,-9.090909090909092,4,17,2025,1075.0,50.0,1000.0
maize,Lindi,2025-04-28,1000.0,1000.0,1000.0,1100.0,1100.0,0.0,-100.0,0.0,4,18,2025,1050.0,57.735026918962596,1000.0
maize,Lindi,2025-05-05,1000.0,1000.0,1000.0,1000.0,1100.0,0.0,0.0,0.0,5,19,2025,1025.0,49.99999999999999,1000.0
maize,Lindi,2025-05-12,1000.0,1000.0,1000.0,1000.0,1000.0,0.0,0.0,0.0,5,20,2025,1000.0,0.0,1000.0
maize,Lindi,2025-05-19,1000.0,1000.0,1000.0,1000.0,1000.0,0.0,0.0,0.0,5,21,2025,1000.0,0.0,1000.0
maize,Lindi,2025-05-26,1000.0,1000.0,1000.0,1000.0,1000.0,0.0,0.0,0.0,5,22,2025,1000.0,0.0,1000.0
maize,Lindi,2025-06-02,1000.0,1000.0,1000.0,1000.0,1000.0,0.0,0.0,0.0,6,23,2025,1000.0,0.0,1000.0
maize,Lindi,2025-06-09,1000.0,1000.0,1000.0,1000.0,1000.0,0.0,0.0,0.0,6,24,2025,1000.0,0.0,1000.0
maize,Lindi,2025-06-16,1000.0,1000.0,1000.0,1000.0,1000.0,0.0,0.0,0.0,6,25,2025,1000.0,0.0,1000.0
maize,Lindi,2025-09-01,900.0,900.0,900.0,900.0,800.0,0.0,0.0,0.0,9,36,2025,875.0,50.00000000000001,900.0
maize,Lindi,2025-09-08,900.0,900.0,900.0,900.0,900.0,0.0,0.0,0.0,9,37,2025,900.0,0.0,900.0
maize,Lindi,2025-09-15,900.0,900.0,900.0,900.0,900.0,0.0,0.0,0.0,9,38,2025,900.0,0.0,900.0
maize,Lindi,2025-09-29,,900.0,900.0,900.0,900.0,0.0,0.0,0.0,9,40,2025,900.0,0.0,900.0
maize,Lindi,2025-12-01,900.0,900.0,900.0,900.0,900.0,0.0,0.0,0.0,12,49,2025,900.0,0.0,900.0
maize,Lindi,2026-02-16,1000.0,1000.0,1000.0,1000.0,1000.0,0.0,0.0,0.0,2,8,2026,1000.0,0.0,1000.0
maize,Lindi,2026-02-23,1000.0,1000.0,1000.0,1000.0,1000.0,0.0,0.0,0.0,2,9,2026,1000.0,0.0,1100.0
maize,Lindi,2026-03-02,1100.0,1000.0,1000.0,1000.0,1000.0,0.0,0.0,0.0,3,10,2026,1000.0,0.0,1100.0
maize,Lindi,2026-03-16,,1100.0,1100.0,1000.0,1000.0,0.0,100.0,0.0,3,12,2026,1050.0,57.735026918962596,1000.0
maize,Lindi,2026-05-04,900.0,1100.0,1000.0,1000.0,1000.0,100.0,0.0,10.0,5,19,2026,1025.0,50.0,800.0
maize,Lindi,2026-05-11,800.0,900.0,1100.0,1000.0,1000.0,-200.0,100.0,-18.181818181818183,5,20,2026,1000.0,81.64965809277258,800.0
maize,Lindi,2026-05-18,800.0,800.0,900.0,1100.0,1000.0,-100.0,-200.0,-11.11111111111111,5,21,2026,950.0,129.09944487358055,800.0
maize,Lindi,2026-05-25,800.0,800.0,800.0,900.0,1100.0,0.0,-100.0,0.0,5,22,2026,900.0,141.4213562373095,800.0
maize,Lindi,2026-06-01,800.0,800.0,800.0,800.0,900.0,0.0,0.0,0.0,6,23,2026,825.0,50.00000000000002,700.0
maize,Lindi,2026-06-15,,700.0,800.0,800.0,800.0,-100.0,0.0,-12.5,6,25,2026,775.0,50.0,800.0
maize,Manyara,2026-03-30,900.0,900.0,900.0,900.0,900.0,0.0,0.0,0.0,3,14,2026,900.0,0.0,900.0
maize,Manyara,2026-04-06,900.0,900.0,900.0,900.0,900.0,0.0,0.0,0.0,4,15,2026,900.0,0.0,800.0
maize,Manyara,2026-04-13,800.0,900.0,900.0,900.0,900.0,0.0,0.0,0.0,4,16,2026,900.0,0.0,800.0
maize,Manyara,2026-04-20,800.0,800.0,900.0,900.0,900.0,-100.0,0.0,-11.11111111111111,4,17,2026,875.0,50.0,900.0
maize,Manyara,2026-04-27,900.0,800.0,800.0,900.0,900.0,0.0,-100.0,0.0,4,18,2026,850.0,57.73502691896257,800.0
maize,Manyara,2026-05-04,800.0,900.0,800.0,800.0,900.0,100.0,0.0,12.5,5,19,2026,850.0,57.73502691896257,800.0
maize,Manyara,2026-05-11,800.0,800.0,900.0,800.0,800.0,-100.0,100.0,-11.11111111111111,5,20,2026,825.0,49.99999999999999,800.0
maize,Manyara,2026-05-18,800.0,800.0,800.0,900.0,800.0,0.0,-100.0,0.0,5,21,2026,825.0,49.99999999999999,700.0
maize,Manyara,2026-05-25,700.0,800.0,800.0,800.0,900.0,0.0,0.0,0.0,5,22,2026,825.0,49.99999999999999,700.0
maize,Manyara,2026-06-01,700.0,700.0,800.0,800.0,800.0,-100.0,0.0,-12.5,6,23,2026,775.0,50.0,800.0
maize,Manyara,2026-06-08,800.0,700.0,700.0,800.0,800.0,0.0,-100.0,0.0,6,24,2026,750.0,57.73502691896257,700.0
maize,Manyara,2026-06-15,700.0,800.0,700.0,700.0,800.0,100.0,0.0,14.285714285714285,6,25,2026,750.0,57.73502691896257,500.0
maize,Mara,2024-12-30,800.0,800.0,800.0,800.0,800.0,0.0,0.0,0.0,12,1,2024,800.0,0.0,800.0
maize,Mara,2025-01-06,800.0,800.0,800.0,800.0,800.0,0.0,0.0,0.0,1,2,2025,800.0,0.0,800.0
maize,Mara,2025-05-26,900.0,900.0,900.0,800.0,800.0,0.0,100.0,0.0,5,22,2025,850.0,57.735026918962554,700.0
maize,Mara,2025-06-02,700.0,900.0,900.0,900.0,800.0,0.0,0.0,0.0,6,23,2025,875.0,49.999999999999986,800.0
maize,Mara,2025-06-09,800.0,700.0,900.0,900.0,900.0,-200.0,0.0,-22.22222222222222,6,24,2025,850.0,100.0,900.0
maize,Mara,2025-08-11,,800.0,800.0,800.0,800.0,0.0,0.0,0.0,8,33,2025,800.0,0.0,700.0
maize,Mara,2025-12-08,,800.0,800.0,800.0,800.0,0.0,0.0,0.0,12,50,2025,800.0,0.0,900.0
maize,Mara,2026-02-16,900.0,900.0,900.0,900.0,900.0,0.0,0.0,0.0,2,8,2026,900.0,0.0,900.0
maize,Mara,2026-03-02,,900.0,900.0,900.0,900.0,0.0,0.0,0.0,3,10,2026,900.0,0.0,800.0
maize,Mbeya,2024-12-30,700.0,600.0,600.0,600.0,600.0,0.0,0.0,0.0,12,1,2024,600.0,0.0,600.0
maize,Morogoro,2024-12-30,800.0,800.0,800.0,900.0,700.0,0.0,-100.0,0.0,12,1,2024,800.0,81.64965809277261,800.0
maize,Morogoro,2025-01-06,800.0,800.0,800.0,800.0,900.0,0.0,0.0,0.0,1,2,2025,825.0,49.999999999999986,800.0
maize,Morogoro,2025-01-13,800.0,800.0,800.0,800.0,800.0,0.0,0.0,0.0,1,3,2025,800.0,0.0,900.0
maize,Morogoro,2025-01-20,900.0,800.0,800.0,800.0,800.0,0.0,0.0,0.0,1,4,2025,800.0,0.0,900.0
maize,Morogoro,2025-01-27,900.0,900.0,800.0,800.0,800.0,100.0,0.0,12.5,1,5,2025,825.0,50.0,900.0
maize,Morogoro,2025-02-03,900.0,900.0,900.0,800.0,800.0,0.0,100.0,0.0,2,6,2025,850.0,57.73502691896257,900.0
maize,Morogoro,2025-02-10,900.0,900.0,900.0,900.0,800.0,0.0,0.0,0.0,2,7,2025,875.0,49.99999999999999,800.0
maize,Morogoro,2025-02-17,800.0,900.0,900.0,900.0,900.0,0.0,0.0,0.0,2,8,2025,900.0,0.0,900.0
maize,Morogoro,2025-02-24,900.0,800.0,900.0,900.0,900.0,-100.0,0.0,-11.11111111111111,2,9,2025,875.0,50.0,900.0
maize,Morogoro,2025-03-03,900.0,900.0,800.0,900.0,900.0,100.0,-100.0,12.5,3,10,2025,875.0,50.0,800.0
maize,Morogoro,2025-03-17,,800.0,900.0,900.0,800.0,-100.0,0.0,-11.11111111111111,3,12,2025,850.0,57.73502691896257,1000.0
maize,Morogoro,2025-04-21,900.0,1000.0,900.0,900.0,1000.0,100.0,0.0,11.11111111111111,4,17,2025,950.0,57.73502691896257,900.0
maize,Morogoro,2025-04-28,900.0,900.0,1000.0,900.0,900.0,-100.0,100.0,-10.0,4,18,2025,925.0,49.99999999999999,900.0
maize,Morogoro,2025-05-05,900.0,900.0,900.0,1000.0,900.0,0.0,-100.0,0.0,5,19,2025,925.0,49.99999999999999,900.0
maize,Morogoro,2025-05-12,900.0,900.0,900.0,900.0,1000.0,0.0,0.0,0.0,5,20,2025,925.0,49.99999999999999,900.0
maize,Morogoro,2025-05-19,900.0,900.0,900.0,900.0,900.0,0.0,0.0,0.0,5,21,2025,900.0,0.0,900.0
maize,Morogoro,2025-05-26,900.0,900.0,900.0,900.0,900.0,0.0,0.0,0.0,5,22,2025,900.0,0.0,900.0
maize,Morogoro,2025-06-02,900.0,900.0,900.0,900.0,900.0,0.0,0.0,0.0,6,23,2025,900.0,0.0,900.0
maize,Morogoro,2025-06-09,900.0,900.0,900.0,900.0,900.0,0.0,0.0,0.0,6,24,2025,900.0,0.0,900.0
maize,Morogoro,2025-06-16,900.0,900.0,900.0,900.0,900.0,0.0,0.0,0.0,6,25,2025,900.0,0.0,800.0
maize,Morogoro,2025-06-30,,800.0,900.0,900.0,900.0,-100.0,0.0,-11.11111111111111,6,27,2025,875.0,50.0,900.0
maize,Morogoro,2025-09-01,700.0,600.0,700.0,800.0,700.0,-100.0,-100.0,-14.285714285714285,9,36,2025,700.0,81.64965809277261,600.0
maize,Morogoro,2025-09-15,,600.0,700.0,600.0,700.0,-100.0,100.0,-14.285714285714285,9,38,2025,650.0,57.735026918962554,600.0
maize,Morogoro,2025-10-27,,1000.0,1000.0,800.0,800.0,0.0,200.0,0.0,10,44,2025,900.0,115.47005383792516,800.0
maize,Morogoro,2025-12-01,800.0,900.0,1000.0,1000.0,800.0,-100.0,0.0,-10.0,12,49,2025,925.0,95.74271077563384,700.0
maize,Morogoro,2025-12-08,700.0,800.0,900.0,1000.0,1000.0,-100.0,-100.0,-11.11111111111111,12,50,2025,925.0,95.74271077563384,700.0
maize,Morogoro,2025-12-22,,700.0,700.0,800.0,900.0,0.0,-100.0,0.0,12,52,2025,775.0,95.74271077563384,1000.0
maize,Morogoro,2026-02-16,1300.0,1100.0,1000.0,1100.0,800.0,100.0,-100.0,10.0,2,8,2026,1000.0,141.4213562373095,1300.0
maize,Morogoro,2026-02-23,1300.0,1300.0,1100.0,1000.0,1100.0,200.0,100.0,18.181818181818183,2,9,2026,1125.0,125.83057392117914,900.0
maize,Morogoro,2026-03-02,900.0,1300.0,1300.0,1100.0,1000.0,0.0,200.0,0.0,3,10,2026,1175.0,150.0,1000.0
maize,Morogoro,2026-03-09,1000.0,900.0,1300.0,1300.0,1100.0,-400.0,0.0,-30.76923076923077,3,11,2026,1150.0,191.48542155126762,900.0
maize,Morogoro,2026-03-16,900.0,1000.0,900.0,1300.0,1300.0,100.0,-400.0,11.11111111111111,3,12,2026,1125.0,206.15528128088303,900.0
maize,Morogoro,2026-03-23,900.0,900.0,1000.0,900.0,1300.0,-100.0,100.0,-10.0,3,13,2026,1025.0,189.29694486000915,1100.0
maize,Morogoro,2026-04-06,,1100.0,900.0,900.0,1000.0,200.0,0.0,22.22222222222222,4,15,2026,975.0,95.74271077563387,900.0
maize,Morogoro,2026-06-08,600.0,600.0,600.0,600.0,900.0,0.0,0.0,0.0,6,24,2026,675.0,150.0,600.0
maize,Morogoro,2026-06-15,600.0,600.0,600.0,600.0,600.0,0.0,0.0,0.0,6,25,2026,600.0,0.0,410.0
maize,Mtwara,2026-02-16,900.0,900.0,1100.0,900.0,900.0,-200.0,200.0,-18.181818181818183,2,8,2026,950.0,100.00000000000001,900.0
maize,Mtwara,2026-02-23,900.0,900.0,900.0,1100.0,900.0,0.0,-200.0,0.0,2,9,2026,950.0,100.00000000000001,900.0
maize,Mtwara,2026-03-02,900.0,900.0,900.0,900.0,1100.0,0.0,0.0,0.0,3,10,2026,950.0,100.00000000000001,900.0
maize,Mtwara,2026-05-11,700.0,700.0,700.0,700.0,800.0,0.0,0.0,0.0,5,20,2026,725.0,50.00000000000001,700.0
maize,Mtwara,2026-05-18,700.0,700.0,700.0,700.0,700.0,0.0,0.0,0.0,5,21,2026,700.0,0.0,700.0
maize,Mtwara,2026-05-25,700.0,700.0,700.0,700.0,700.0,0.0,0.0,0.0,5,22,2026,700.0,0.0,600.0
maize,Mtwara,2026-06-08,,600.0,700.0,700.0,700.0,-100.0,0.0,-14.285714285714285,6,24,2026,675.0,50.0,600.0
maize,Mwanza,2024-12-30,,900.0,800.0,800.0,800.0,100.0,0.0,12.5,12,1,2024,825.0,50.0,900.0
maize,Mwanza,2025-02-03,,800.0,800.0,900.0,900.0,0.0,-100.0,0.0,2,6,2025,850.0,57.735026918962554,700.0
maize,Mwanza,2025-04-21,900.0,900.0,900.0,900.0,900.0,0.0,0.0,0.0,4,17,2025,900.0,0.0,900.0
maize,Mwanza,2025-04-28,900.0,900.0,900.0,900.0,900.0,0.0,0.0,0.0,4,18,2025,900.0,0.0,900.0
maize,Mwanza,2025-05-05,900.0,900.0,900.0,900.0,900.0,0.0,0.0,0.0,5,19,2025,900.0,0.0,900.0
maize,Mwanza,2025-05-12,900.0,900.0,900.0,900.0,900.0,0.0,0.0,0.0,5,20,2025,900.0,0.0,900.0
maize,Mwanza,2025-05-19,900.0,900.0,900.0,900.0,900.0,0.0,0.0,0.0,5,21,2025,900.0,0.0,1000.0
maize,Mwanza,2025-05-26,1000.0,900.0,900.0,900.0,900.0,0.0,0.0,0.0,5,22,2025,900.0,0.0,1000.0
maize,Mwanza,2025-06-02,1000.0,1000.0,900.0,900.0,900.0,100.0,0.0,11.11111111111111,6,23,2025,925.0,50.0,1000.0
maize,Mwanza,2025-06-09,1000.0,1000.0,1000.0,900.0,900.0,0.0,100.0,0.0,6,24,2025,950.0,57.73502691896257,900.0
maize,Mwanza,2025-06-16,900.0,1000.0,1000.0,1000.0,900.0,0.0,0.0,0.0,6,25,2025,975.0,49.99999999999999,900.0
maize,Mwanza,2025-06-30,,900.0,900.0,1000.0,1000.0,0.0,-100.0,0.0,6,27,2025,950.0,57.73502691896257,900.0
maize,Mwanza,2025-09-08,965.0,900.0,900.0,1000.0,1000.0,0.0,-100.0,0.0,9,37,2025,950.0,57.735026918962554,900.0
maize,Mwanza,2025-09-15,900.0,965.0,900.0,900.0,1000.0,65.0,0.0,7.222222222222221,9,38,2025,941.25,49.72842915945229,900.0
maize,Mwanza,2025-09-22,900.0,900.0,965.0,900.0,900.0,-65.0,65.0,-6.7357512953367875,9,39,2025,916.25,32.49999999999995,900.0
maize,Mwanza,2025-09-29,900.0,900.0,900.0,965.0,900.0,0.0,-65.0,0.0,9,40,2025,916.25,32.49999999999995,800.0
maize,Mwanza,2025-10-06,800.0,900.0,900.0,900.0,965.0,0.0,0.0,0.0,10,41,2025,916.25,32.49999999999995,1000.0
maize,Mwanza,2025-10-13,1000.0,800.0,900.0,900.0,900.0,-100.0,0.0,-11.11111111111111,10,42,2025,875.0,50.0,900.0
maize,Mwanza,2026-02-16,1100.0,1100.0,1100.0,1100.0,1000.0,0.0,0.0,0.0,2,8,2026,1075.0,50.000000000000014,1000.0
maize,Mwanza,2026-02-23,1000.0,1100.0,1100.0,1100.0,1100.0,0.0,0.0,0.0,2,9,2026,1100.0,0.0,1000.0
maize,Mwanza,2026-03-02,1000.0,1000.0,1100.0,1100.0,1100.0,-100.0,0.0,-9.090909090909092,3,10,2026,1075.0,50.0,1000.0
maize,Mwanza,2026-03-09,1000.0,1000.0,1000.0,1100.0,1100.0,0.0,-100.0,0.0,3,11,2026,1050.0,57.735026918962596,900.0
maize,Mwanza,2026-03-16,900.0,1000.0,1000.0,1000.0,1100.0,0.0,0.0,0.0,3,12,2026,1025.0,49.99999999999999,900.0
maize,Mwanza,2026-03-23,900.0,900.0,1000.0,1000.0,1000.0,-100.0,0.0,-10.0,3,13,2026,975.0,50.0,900.0
maize,Mwanza,2026-03-30,900.0,900.0,900.0,1000.0,1000.0,0.0,-100.0,0.0,3,14,2026,950.0,57.73502691896257,900.0
maize,Mwanza,2026-04-06,900.0,900.0,900.0,900.0,1000.0,0.0,0.0,0.0,4,15,2026,925.0,49.99999999999999,900.0
maize,Mwanza,2026-04-13,900.0,900.0,900.0,900.0,900.0,0.0,0.0,0.0,4,16,2026,900.0,0.0,900.0
maize,Mwanza,2026-04-20,900.0,900.0,900.0,900.0,900.0,0.0,0.0,0.0,4,17,2026,900.0,0.0,900.0
maize,Mwanza,2026-04-27,900.0,900.0,900.0,900.0,900.0,0.0,0.0,0.0,4,18,2026,900.0,0.0,900.0
maize,Njombe,2024-12-30,600.0,600.0,600.0,600.0,650.0,0.0,0.0,0.0,12,1,2024,612.5,24.99999999999999,700.0
maize,Njombe,2025-01-06,700.0,600.0,600.0,600.0,600.0,0.0,0.0,0.0,1,2,2025,600.0,0.0,900.0
maize,Njombe,2025-01-13,900.0,700.0,600.0,600.0,600.0,100.0,0.0,16.666666666666664,1,3,2025,625.0,50.0,700.0
maize,Njombe,2025-01-20,700.0,900.0,700.0,600.0,600.0,200.0,100.0,28.57142857142857,1,4,2025,700.0,141.42135623730948,700.0
maize,Njombe,2025-01-27,700.0,700.0,900.0,700.0,600.0,-200.0,200.0,-22.22222222222222,1,5,2025,725.0,125.83057392117915,700.0
maize,Njombe,2025-02-03,700.0,700.0,700.0,900.0,700.0,0.0,-200.0,0.0,2,6,2025,750.0,99.99999999999999,700.0
maize,Njombe,2025-02-10,700.0,700.0,700.0,700.0,900.0,0.0,0.0,0.0,2,7,2025,750.0,99.99999999999999,700.0
maize,Njombe,2025-02-24,,700.0,700.0,700.0,700.0,0.0,0.0,0.0,2,9,2025,700.0,0.0,700.0
maize,Njombe,2025-04-21,700.0,700.0,700.0,800.0,700.0,0.0,-100.0,0.0,4,17,2025,725.0,50.00000000000006,600.0
maize,Njombe,2025-04-28,600.0,700.0,700.0,700.0,800.0,0.0,0.0,0.0,4,18,2025,725.0,50.00000000000006,600.0
maize,Njombe,2025-05-05,600.0,600.0,700.0,700.0,700.0,-100.0,0.0,-14.285714285714285,5,19,2025,675.0,50.0,600.0
maize,Njombe,2025-05-12,600.0,600.0,600.0,700.0,700.0,0.0,-100.0,0.0,5,20,2025,650.0,57.73502691896257,600.0
maize,Njombe,2025-05-19,600.0,600.0,600.0,600.0,700.0,0.0,0.0,0.0,5,21,2025,625.0,49.99999999999999,600.0
maize,Njombe,2025-05-26,600.0,600.0,600.0,600.0,600.0,0.0,0.0,0.0,5,22,2025,600.0,0.0,700.0
maize,Njombe,2025-06-02,700.0,600.0,600.0,600.0,600.0,0.0,0.0,0.0,6,23,2025,600.0,0.0,600.0
maize,Njombe,2025-06-09,600.0,700.0,600.0,600.0,600.0,100.0,0.0,16.666666666666664,6,24,2025,625.0,50.0,600.0
maize,Njombe,2025-06-16,600.0,600.0,700.0,600.0,600.0,-100.0,100.0,-14.285714285714285,6,25,2025,625.0,50.0,600.0
maize,Njombe,2025-08-18,500.0,500.0,500.0,500.0,500.0,0.0,0.0,0.0,8,34,2025,500.0,0.0,600.0
maize,Njombe,2025-08-25,600.0,500.0,500.0,500.0,500.0,0.0,0.0,0.0,8,35,2025,500.0,0.0,500.0
maize,Njombe,2025-09-08,,500.0,600.0,500.0,500.0,-100.0,100.0,-16.666666666666664,9,37,2025,525.0,50.0,500.0
maize,Njombe,2025-10-13,,500.0,500.0,500.0,500.0,0.0,0.0,0.0,10,42,2025,500.0,0.0,500.0
maize,Njombe,2025-12-08,600.0,600.0,600.0,600.0,600.0,0.0,0.0,0.0,12,50,2025,600.0,0.0,700.0
maize,Njombe,2025-12-22,,700.0,600.0,600.0,600.0,100.0,0.0,16.666666666666664,12,52,2025,625.0,50.0,700.0
maize,Njombe,2026-02-16,700.0,700.0,700.0,700.0,700.0,0.0,0.0,0.0,2,8,2026,700.0,0.0,700.0
maize,Njombe,2026-02-23,700.0,700.0,700.0,700.0,700.0,0.0,0.0,0.0,2,9,2026,700.0,0.0,700.0
maize,Njombe,2026-03-02,700.0,700.0,700.0,700.0,700.0,0.0,0.0,0.0,3,10,2026,700.0,0.0,700.0
maize,Njombe,2026-03-09,700.0,700.0,700.0,700.0,700.0,0.0,0.0,0.0,3,11,2026,700.0,0.0,700.0
maize,Njombe,2026-03-16,700.0,700.0,700.0,700.0,700.0,0.0,0.0,0.0,3,12,2026,700.0,0.0,700.0
maize,Njombe,2026-03-23,700.0,700.0,700.0,700.0,700.0,0.0,0.0,0.0,3,13,2026,700.0,0.0,700.0
maize,Njombe,2026-03-30,700.0,700.0,700.0,700.0,700.0,0.0,0.0,0.0,3,14,2026,700.0,0.0,700.0
maize,Njombe,2026-04-06,700.0,700.0,700.0,700.0,700.0,0.0,0.0,0.0,4,15,2026,700.0,0.0,700.0
maize,Njombe,2026-04-13,700.0,700.0,700.0,700.0,700.0,0.0,0.0,0.0,4,16,2026,700.0,0.0,700.0
maize,Njombe,2026-04-20,700.0,700.0,700.0,700.0,700.0,0.0,0.0,0.0,4,17,2026,700.0,0.0,600.0
maize,Njombe,2026-04-27,600.0,700.0,700.0,700.0,700.0,0.0,0.0,0.0,4,18,2026,700.0,0.0,600.0
maize,Njombe,2026-05-11,,600.0,600.0,700.0,700.0,0.0,-100.0,0.0,5,20,2026,650.0,57.73502691896257,500.0
maize,Njombe,2026-06-15,400.0,400.0,500.0,500.0,500.0,-100.0,0.0,-20.0,6,25,2026,475.0,50.0,400.0
maize,Pwani,2025-04-21,,1500.0,1400.0,1400.0,1400.0,100.0,0.0,7.142857142857142,4,17,2025,1425.0,50.0,1300.0
maize,Pwani,2025-05-26,1500.0,1500.0,1500.0,1500.0,1300.0,0.0,0.0,0.0,5,22,2025,1450.0,100.00000000000003,1500.0
maize,Pwani,2025-06-02,1500.0,1500.0,1500.0,1500.0,1500.0,0.0,0.0,0.0,6,23,2025,1500.0,0.0,1500.0
maize,Pwani,2025-06-09,1500.0,1500.0,1500.0,1500.0,1500.0,0.0,0.0,0.0,6,24,2025,1500.0,0.0,1500.0
maize,Pwani,2025-06-16,1500.0,1500.0,1500.0,1500.0,1500.0,0.0,0.0,0.0,6,25,2025,1500.0,0.0,1500.0
maize,Pwani,2025-08-11,,1400.0,1400.0,1300.0,1200.0,0.0,100.0,0.0,8,33,2025,1325.0,95.74271077563381,1300.0
maize,Pwani,2025-09-15,1100.0,1300.0,1300.0,1300.0,1300.0,0.0,0.0,0.0,9,38,2025,1300.0,0.0,1300.0
maize,Pwani,2025-09-22,1300.0,1100.0,1300.0,1300.0,1300.0,-200.0,0.0,-15.384615384615385,9,39,2025,1250.0,100.0,1300.0
maize,Pwani,2025-09-29,1300.0,1300.0,1100.0,1300.0,1300.0,200.0,-200.0,18.181818181818183,9,40,2025,1250.0,100.0,1300.0
maize,Pwani,2025-10-13,,1300.0,1300.0,1300.0,1100.0,0.0,0.0,0.0,10,42,2025,1250.0,100.0,1300.0
maize,Pwani,2026-02-23,,1400.0,1400.0,1400.0,1400.0,0.0,0.0,0.0,2,9,2026,1400.0,0.0,1300.0
maize,Rukwa,2024-12-30,700.0,700.0,700.0,700.0,700.0,0.0,0.0,0.0,12,1,2024,700.0,0.0,700.0
maize,Rukwa,2025-01-06,700.0,700.0,700.0,700.0,700.0,0.0,0.0,0.0,1,2,2025,700.0,0.0,700.0
maize,Rukwa,2025-01-13,700.0,700.0,700.0,700.0,700.0,0.0,0.0,0.0,1,3,2025,700.0,0.0,700.0
maize,Rukwa,2025-01-27,,700.0,700.0,700.0,700.0,0.0,0.0,0.0,1,5,2025,700.0,0.0,800.0
maize,Rukwa,2025-03-03,800.0,700.0,700.0,800.0,800.0,0.0,-100.0,0.0,3,10,2025,750.0,57.735026918962554,600.0
maize,Rukwa,2025-03-17,,600.0,800.0,700.0,700.0,-200.0,100.0,-25.0,3,12,2025,700.0,81.64965809277261,600.0
maize,Rukwa,2025-04-21,600.0,600.0,600.0,600.0,600.0,0.0,0.0,0.0,4,17,2025,600.0,0.0,600.0
maize,Rukwa,2025-04-28,600.0,600.0,600.0,600.0,600.0,0.0,0.0,0.0,4,18,2025,600.0,0.0,600.0
maize,Rukwa,2025-05-05,600.0,600.0,600.0,600.0,600.0,0.0,0.0,0.0,5,19,2025,600.0,0.0,600.0
maize,Rukwa,2025-05-12,600.0,600.0,600.0,600.0,600.0,0.0,0.0,0.0,5,20,2025,600.0,0.0,700.0
maize,Rukwa,2025-05-19,700.0,600.0,600.0,600.0,600.0,0.0,0.0,0.0,5,21,2025,600.0,0.0,700.0
maize,Rukwa,2025-05-26,700.0,700.0,600.0,600.0,600.0,100.0,0.0,16.666666666666664,5,22,2025,625.0,50.0,600.0
maize,Rukwa,2025-06-02,600.0,700.0,700.0,600.0,600.0,0.0,100.0,0.0,6,23,2025,650.0,57.73502691896257,600.0
maize,Rukwa,2025-06-09,600.0,600.0,700.0,700.0,600.0,-100.0,0.0,-14.285714285714285,6,24,2025,650.0,57.73502691896257,600.0
maize,Rukwa,2025-06-16,600.0,600.0,600.0,700.0,700.0,0.0,-100.0,0.0,6,25,2025,650.0,57.73502691896257,600.0
maize,Rukwa,2025-06-30,,600.0,600.0,600.0,600.0,0.0,0.0,0.0,6,27,2025,600.0,0.0,600.0
maize,Rukwa,2025-09-15,600.0,600.0,600.0,600.0,600.0,0.0,0.0,0.0,9,38,2025,600.0,0.0,600.0
maize,Rukwa,2025-09-22,600.0,600.0,600.0,600.0,600.0,0.0,0.0,0.0,9,39,2025,600.0,0.0,600.0
maize,Rukwa,2025-09-29,600.0,600.0,600.0,600.0,600.0,0.0,0.0,0.0,9,40,2025,600.0,0.0,600.0
maize,Rukwa,2025-10-06,600.0,600.0,600.0,600.0,600.0,0.0,0.0,0.0,10,41,2025,600.0,0.0,600.0
maize,Rukwa,2025-10-13,600.0,600.0,600.0,600.0,600.0,0.0,0.0,0.0,10,42,2025,600.0,0.0,600.0
maize,Rukwa,2025-10-27,,600.0,600.0,600.0,600.0,0.0,0.0,0.0,10,44,2025,600.0,0.0,600.0
maize,Rukwa,2025-12-01,600.0,600.0,600.0,600.0,600.0,0.0,0.0,0.0,12,49,2025,600.0,0.0,600.0
maize,Rukwa,2025-12-08,600.0,600.0,600.0,600.0,600.0,0.0,0.0,0.0,12,50,2025,600.0,0.0,700.0
maize,Rukwa,2025-12-22,,700.0,600.0,600.0,600.0,100.0,0.0,16.666666666666664,12,52,2025,625.0,50.0,700.0
maize,Rukwa,2026-02-16,700.0,700.0,700.0,700.0,700.0,0.0,0.0,0.0,2,8,2026,700.0,0.0,700.0
maize,Rukwa,2026-02-23,700.0,700.0,700.0,700.0,700.0,0.0,0.0,0.0,2,9,2026,700.0,0.0,700.0
maize,Rukwa,2026-03-02,700.0,700.0,700.0,700.0,700.0,0.0,0.0,0.0,3,10,2026,700.0,0.0,700.0
maize,Rukwa,2026-03-09,700.0,700.0,700.0,700.0,700.0,0.0,0.0,0.0,3,11,2026,700.0,0.0,700.0
maize,Rukwa,2026-03-16,700.0,700.0,700.0,700.0,700.0,0.0,0.0,0.0,3,12,2026,700.0,0.0,700.0
maize,Rukwa,2026-03-23,700.0,700.0,700.0,700.0,700.0,0.0,0.0,0.0,3,13,2026,700.0,0.0,700.0
maize,Rukwa,2026-03-30,700.0,700.0,700.0,700.0,700.0,0.0,0.0,0.0,3,14,2026,700.0,0.0,600.0
maize,Rukwa,2026-04-06,600.0,700.0,700.0,700.0,700.0,0.0,0.0,0.0,4,15,2026,700.0,0.0,600.0
maize,Rukwa,2026-04-13,600.0,600.0,700.0,700.0,700.0,-100.0,0.0,-14.285714285714285,4,16,2026,675.0,50.0,600.0
maize,Rukwa,2026-04-20,600.0,600.0,600.0,700.0,700.0,0.0,-100.0,0.0,4,17,2026,650.0,57.73502691896257,600.0
maize,Rukwa,2026-04-27,600.0,600.0,600.0,600.0,700.0,0.0,0.0,0.0,4,18,2026,625.0,49.99999999999999,600.0
maize,Rukwa,2026-05-04,600.0,600.0,600.0,600.0,600.0,0.0,0.0,0.0,5,19,2026,600.0,0.0,600.0
maize,Rukwa,2026-05-11,600.0,600.0,600.0,600.0,600.0,0.0,0.0,0.0,5,20,2026,600.0,0.0,500.0
maize,Rukwa,2026-05-18,500.0,600.0,600.0,600.0,600.0,0.0,0.0,0.0,5,21,2026,600.0,0.0,500.0
maize,Rukwa,2026-05-25,500.0,500.0,600.0,600.0,600.0,-100.0,0.0,-16.666666666666664,5,22,2026,575.0,50.0,500.0
maize,Rukwa,2026-06-01,500.0,500.0,500.0,600.0,600.0,0.0,-100.0,0.0,6,23,2026,550.0,57.73502691896257,500.0
maize,Rukwa,2026-06-15,,500.0,500.0,500.0,500.0,0.0,0.0,0.0,6,25,2026,500.0,0.0,500.0
maize,Ruvuma,2025-02-03,,700.0,700.0,600.0,600.0,0.0,100.0,0.0,2,6,2025,650.0,57.73502691896257,600.0
maize,Ruvuma,2025-05-05,800.0,800.0,800.0,800.0,700.0,0.0,0.0,0.0,5,19,2025,775.0,50.00000000000001,800.0
maize,Ruvuma,2025-05-12,800.0,800.0,800.0,800.0,800.0,0.0,0.0,0.0,5,20,2025,800.0,0.0,800.0
maize,Ruvuma,2025-05-19,800.0,800.0,800.0,800.0,800.0,0.0,0.0,0.0,5,21,2025,800.0,0.0,700.0
maize,Ruvuma,2025-05-26,700.0,800.0,800.0,800.0,800.0,0.0,0.0,0.0,5,22,2025,800.0,0.0,700.0
maize,Ruvuma,2025-06-02,700.0,700.0,800.0,800.0,800.0,-100.0,0.0,-12.5,6,23,2025,775.0,50.0,700.0
maize,Ruvuma,2025-06-09,700.0,700.0,700.0,800.0,800.0,0.0,-100.0,0.0,6,24,2025,750.0,57.73502691896257,700.0
maize,Ruvuma,2025-06-16,700.0,700.0,700.0,700.0,800.0,0.0,0.0,0.0,6,25,2025,725.0,49.99999999999999,700.0
maize,Ruvuma,2025-06-30,,700.0,700.0,700.0,700.0,0.0,0.0,0.0,6,27,2025,700.0,0.0,700.0
maize,Ruvuma,2025-09-29,,600.0,600.0,600.0,600.0,0.0,0.0,0.0,9,40,2025,600.0,0.0,600.0
maize,Ruvuma,2025-12-01,600.0,600.0,600.0,600.0,700.0,0.0,0.0,0.0,12,49,2025,625.0,49.999999999999986,600.0
maize,Ruvuma,2025-12-08,600.0,600.0,600.0,600.0,600.0,0.0,0.0,0.0,12,50,2025,600.0,0.0,600.0
maize,Ruvuma,2025-12-22,,600.0,600.0,600.0,600.0,0.0,0.0,0.0,12,52,2025,600.0,0.0,600.0
maize,Ruvuma,2026-02-23,700.0,700.0,700.0,700.0,700.0,0.0,0.0,0.0,2,9,2026,700.0,0.0,700.0
maize,Ruvuma,2026-03-02,700.0,700.0,700.0,700.0,700.0,0.0,0.0,0.0,3,10,2026,700.0,0.0,700.0
maize,Ruvuma,2026-03-09,700.0,700.0,700.0,700.0,700.0,0.0,0.0,0.0,3,11,2026,700.0,0.0,700.0
maize,Ruvuma,2026-03-16,700.0,700.0,700.0,700.0,700.0,0.0,0.0,0.0,3,12,2026,700.0,0.0,800.0
maize,Ruvuma,2026-03-23,800.0,700.0,700.0,700.0,700.0,0.0,0.0,0.0,3,13,2026,700.0,0.0,700.0
maize,Ruvuma,2026-03-30,700.0,800.0,700.0,700.0,700.0,100.0,0.0,14.285714285714285,3,14,2026,725.0,50.0,700.0
maize,Ruvuma,2026-04-06,700.0,700.0,800.0,700.0,700.0,-100.0,100.0,-12.5,4,15,2026,725.0,50.0,700.0
maize,Ruvuma,2026-04-13,700.0,700.0,700.0,800.0,700.0,0.0,-100.0,0.0,4,16,2026,725.0,50.0,700.0
maize,Ruvuma,2026-04-20,700.0,700.0,700.0,700.0,800.0,0.0,0.0,0.0,4,17,2026,725.0,50.0,700.0
maize,Ruvuma,2026-04-27,700.0,700.0,700.0,700.0,700.0,0.0,0.0,0.0,4,18,2026,700.0,0.0,700.0
maize,Ruvuma,2026-05-04,700.0,700.0,700.0,700.0,700.0,0.0,0.0,0.0,5,19,2026,700.0,0.0,700.0
maize,Ruvuma,2026-05-11,700.0,700.0,700.0,700.0,700.0,0.0,0.0,0.0,5,20,2026,700.0,0.0,600.0
maize,Shinyanga,2025-02-03,800.0,800.0,900.0,800.0,700.0,-100.0,100.0,-11.11111111111111,2,6,2025,800.0,81.64965809277261,800.0
maize,Shinyanga,2025-02-10,800.0,800.0,800.0,900.0,800.0,0.0,-100.0,0.0,2,7,2025,825.0,49.999999999999986,800.0
maize,Shinyanga,2025-02-24,,800.0,800.0,800.0,800.0,0.0,0.0,0.0,2,9,2025,800.0,0.0,800.0
maize,Shinyanga,2025-04-21,800.0,700.0,700.0,700.0,800.0,0.0,0.0,0.0,4,17,2025,725.0,49.999999999999986,700.0
maize,Shinyanga,2025-04-28,700.0,800.0,700.0,700.0,700.0,100.0,0.0,14.285714285714285,4,18,2025,725.0,50.0,700.0
maize,Shinyanga,2025-05-05,700.0,700.0,800.0,700.0,700.0,-100.0,100.0,-12.5,5,19,2025,725.0,50.0,700.0
maize,Shinyanga,2025-05-12,700.0,700.0,700.0,800.0,700.0,0.0,-100.0,0.0,5,20,2025,725.0,50.0,800.0
maize,Shinyanga,2025-05-19,800.0,700.0,700.0,700.0,800.0,0.0,0.0,0.0,5,21,2025,725.0,50.0,800.0
maize,Shinyanga,2025-05-26,800.0,800.0,700.0,700.0,700.0,100.0,0.0,14.285714285714285,5,22,2025,725.0,50.0,800.0
maize,Shinyanga,2025-06-02,800.0,800.0,800.0,700.0,700.0,0.0,100.0,0.0,6,23,2025,750.0,57.73502691896257,800.0
maize,Shinyanga,2025-06-09,800.0,800.0,800.0,800.0,700.0,0.0,0.0,0.0,6,24,2025,775.0,49.99999999999999,800.0
maize,Shinyanga,2025-06-16,800.0,800.0,800.0,800.0,800.0,0.0,0.0,0.0,6,25,2025,800.0,0.0,800.0
maize,Shinyanga,2025-08-11,1000.0,800.0,800.0,800.0,800.0,0.0,0.0,0.0,8,33,2025,800.0,0.0,800.0
maize,Shinyanga,2025-08-18,800.0,1000.0,800.0,800.0,800.0,200.0,0.0,25.0,8,34,2025,850.0,100.0,800.0
maize,Shinyanga,2025-08-25,800.0,800.0,1000.0,800.0,800.0,-200.0,200.0,-20.0,8,35,2025,850.0,100.0,800.0
maize,Shinyanga,2025-09-01,800.0,800.0,800.0,1000.0,800.0,0.0,-200.0,0.0,9,36,2025,850.0,100.0,800.0
maize,Shinyanga,2025-09-08,800.0,800.0,800.0,800.0,1000.0,0.0,0.0,0.0,9,37,2025,850.0,100.0,800.0
maize,Shinyanga,2025-09-15,800.0,800.0,800.0,800.0,800.0,0.0,0.0,0.0,9,38,2025,800.0,0.0,700.0
maize,Shinyanga,2025-09-22,700.0,800.0,800.0,800.0,800.0,0.0,0.0,0.0,9,39,2025,800.0,0.0,700.0
maize,Shinyanga,2025-09-29,700.0,700.0,800.0,800.0,800.0,-100.0,0.0,-12.5,9,40,2025,775.0,50.0,700.0
maize,Shinyanga,2025-10-13,,700.0,700.0,700.0,800.0,0.0,0.0,0.0,10,42,2025,725.0,49.99999999999999,800.0
maize,Shinyanga,2025-12-08,800.0,800.0,800.0,800.0,800.0,0.0,0.0,0.0,12,50,2025,800.0,0.0,900.0
maize,Shinyanga,2025-12-22,,900.0,800.0,800.0,800.0,100.0,0.0,12.5,12,52,2025,825.0,50.0,900.0
maize,Shinyanga,2026-02-16,900.0,1000.0,1000.0,1000.0,1000.0,0.0,0.0,0.0,2,8,2026,1000.0,0.0,900.0
maize,Shinyanga,2026-02-23,900.0,900.0,1000.0,1000.0,1000.0,-100.0,0.0,-10.0,2,9,2026,975.0,50.0,900.0
maize,Shinyanga,2026-03-02,900.0,900.0,900.0,1000.0,1000.0,0.0,-100.0,0.0,3,10,2026,950.0,57.73502691896257,800.0
maize,Shinyanga,2026-03-09,800.0,900.0,900.0,900.0,1000.0,0.0,0.0,0.0,3,11,2026,925.0,49.99999999999999,800.0
maize,Shinyanga,2026-03-16,800.0,800.0,900.0,900.0,900.0,-100.0,0.0,-11.11111111111111,3,12,2026,875.0,50.0,800.0
maize,Shinyanga,2026-03-23,800.0,800.0,800.0,900.0,900.0,0.0,-100.0,0.0,3,13,2026,850.0,57.73502691896257,800.0
maize,Shinyanga,2026-03-30,800.0,800.0,800.0,800.0,900.0,0.0,0.0,0.0,3,14,2026,825.0,49.99999999999999,700.0
maize,Shinyanga,2026-04-06,700.0,800.0,800.0,800.0,800.0,0.0,0.0,0.0,4,15,2026,800.0,0.0,800.0
maize,Shinyanga,2026-04-13,800.0,700.0,800.0,800.0,800.0,-100.0,0.0,-12.5,4,16,2026,775.0,50.0,700.0
maize,Shinyanga,2026-04-20,700.0,800.0,700.0,800.0,800.0,100.0,-100.0,14.285714285714285,4,17,2026,775.0,50.0,700.0
maize,Shinyanga,2026-04-27,700.0,700.0,800.0,700.0,800.0,-100.0,100.0,-12.5,4,18,2026,750.0,57.73502691896257,700.0
maize,Shinyanga,2026-05-04,700.0,700.0,700.0,800.0,700.0,0.0,-100.0,0.0,5,19,2026,725.0,49.99999999999999,700.0
maize,Shinyanga,2026-05-11,700.0,700.0,700.0,700.0,800.0,0.0,0.0,0.0,5,20,2026,725.0,49.99999999999999,700.0
maize,Shinyanga,2026-05-18,700.0,700.0,700.0,700.0,700.0,0.0,0.0,0.0,5,21,2026,700.0,0.0,700.0
maize,Shinyanga,2026-05-25,700.0,700.0,700.0,700.0,700.0,0.0,0.0,0.0,5,22,2026,700.0,0.0,700.0
maize,Shinyanga,2026-06-01,700.0,700.0,700.0,700.0,700.0,0.0,0.0,0.0,6,23,2026,700.0,0.0,700.0
maize,Shinyanga,2026-06-08,700.0,700.0,700.0,700.0,700.0,0.0,0.0,0.0,6,24,2026,700.0,0.0,700.0
maize,Shinyanga,2026-06-15,700.0,700.0,700.0,700.0,700.0,0.0,0.0,0.0,6,25,2026,700.0,0.0,700.0
maize,Simiyu,2024-12-30,700.0,700.0,700.0,700.0,700.0,0.0,0.0,0.0,12,1,2024,700.0,0.0,700.0
maize,Simiyu,2025-01-06,700.0,700.0,700.0,700.0,700.0,0.0,0.0,0.0,1,2,2025,700.0,0.0,700.0
maize,Simiyu,2025-01-13,700.0,700.0,700.0,700.0,700.0,0.0,0.0,0.0,1,3,2025,700.0,0.0,700.0
maize,Simiyu,2025-01-20,700.0,700.0,700.0,700.0,700.0,0.0,0.0,0.0,1,4,2025,700.0,0.0,700.0
maize,Simiyu,2025-01-27,700.0,700.0,700.0,700.0,700.0,0.0,0.0,0.0,1,5,2025,700.0,0.0,700.0
maize,Simiyu,2025-02-03,700.0,700.0,700.0,700.0,700.0,0.0,0.0,0.0,2,6,2025,700.0,0.0,700.0
maize,Simiyu,2025-02-10,700.0,700.0,700.0,700.0,700.0,0.0,0.0,0.0,2,7,2025,700.0,0.0,700.0
maize,Simiyu,2025-02-24,,700.0,700.0,700.0,700.0,0.0,0.0,0.0,2,9,2025,700.0,0.0,700.0
maize,Simiyu,2025-05-05,,800.0,800.0,800.0,800.0,0.0,0.0,0.0,5,19,2025,800.0,0.0,700.0
maize,Simiyu,2025-06-09,800.0,800.0,800.0,800.0,700.0,0.0,0.0,0.0,6,24,2025,775.0,49.999999999999986,800.0
maize,Simiyu,2025-06-16,800.0,800.0,800.0,800.0,800.0,0.0,0.0,0.0,6,25,2025,800.0,0.0,800.0
maize,Simiyu,2025-06-30,,800.0,800.0,800.0,800.0,0.0,0.0,0.0,6,27,2025,800.0,0.0,900.0
maize,Simiyu,2025-08-04,900.0,900.0,900.0,900.0,900.0,0.0,0.0,0.0,8,32,2025,900.0,0.0,900.0
maize,Simiyu,2025-08-11,900.0,900.0,900.0,900.0,900.0,0.0,0.0,0.0,8,33,2025,900.0,0.0,900.0
maize,Simiyu,2025-08-18,900.0,900.0,900.0,900.0,900.0,0.0,0.0,0.0,8,34,2025,900.0,0.0,900.0
maize,Simiyu,2025-08-25,900.0,900.0,900.0,900.0,900.0,0.0,0.0,0.0,8,35,2025,900.0,0.0,900.0
maize,Simiyu,2025-09-01,900.0,900.0,900.0,900.0,900.0,0.0,0.0,0.0,9,36,2025,900.0,0.0,900.0
maize,Simiyu,2025-09-15,,900.0,900.0,900.0,900.0,0.0,0.0,0.0,9,38,2025,900.0,0.0,900.0
maize,Simiyu,2025-12-08,1000.0,900.0,900.0,900.0,900.0,0.0,0.0,0.0,12,50,2025,900.0,0.0,1100.0
maize,Simiyu,2025-12-22,,1100.0,1000.0,900.0,900.0,100.0,100.0,10.0,12,52,2025,975.0,95.7427107756338,1100.0
maize,Simiyu,2026-02-16,1000.0,1000.0,1000.0,1000.0,1000.0,0.0,0.0,0.0,2,8,2026,1000.0,0.0,1000.0
maize,Simiyu,2026-02-23,1000.0,1000.0,1000.0,1000.0,1000.0,0.0,0.0,0.0,2,9,2026,1000.0,0.0,1000.0
maize,Simiyu,2026-03-02,1000.0,1000.0,1000.0,1000.0,1000.0,0.0,0.0,0.0,3,10,2026,1000.0,0.0,900.0
maize,Simiyu,2026-03-09,900.0,1000.0,1000.0,1000.0,1000.0,0.0,0.0,0.0,3,11,2026,1000.0,0.0,900.0
maize,Simiyu,2026-03-23,,900.0,900.0,1000.0,1000.0,0.0,-100.0,0.0,3,13,2026,950.0,57.73502691896257,900.0
maize,Simiyu,2026-04-27,800.0,800.0,800.0,800.0,900.0,0.0,0.0,0.0,4,18,2026,825.0,49.999999999999986,800.0
maize,Simiyu,2026-05-04,800.0,800.0,800.0,800.0,800.0,0.0,0.0,0.0,5,19,2026,800.0,0.0,800.0
maize,Simiyu,2026-05-11,800.0,800.0,800.0,800.0,800.0,0.0,0.0,0.0,5,20,2026,800.0,0.0,800.0
maize,Simiyu,2026-05-18,800.0,800.0,800.0,800.0,800.0,0.0,0.0,0.0,5,21,2026,800.0,0.0,800.0
maize,Simiyu,2026-05-25,800.0,800.0,800.0,800.0,800.0,0.0,0.0,0.0,5,22,2026,800.0,0.0,800.0
maize,Simiyu,2026-06-01,800.0,800.0,800.0,800.0,800.0,0.0,0.0,0.0,6,23,2026,800.0,0.0,800.0
maize,Simiyu,2026-06-15,,800.0,800.0,800.0,800.0,0.0,0.0,0.0,6,25,2026,800.0,0.0,800.0
maize,Singida,2025-04-21,800.0,800.0,1000.0,1000.0,900.0,-200.0,0.0,-20.0,4,17,2025,925.0,95.74271077563381,800.0
maize,Singida,2025-04-28,800.0,800.0,800.0,1000.0,1000.0,0.0,-200.0,0.0,4,18,2025,900.0,115.47005383792515,800.0
maize,Singida,2025-05-05,800.0,800.0,800.0,800.0,1000.0,0.0,0.0,0.0,5,19,2025,850.0,99.99999999999999,800.0
maize,Singida,2025-05-12,800.0,800.0,800.0,800.0,800.0,0.0,0.0,0.0,5,20,2025,800.0,0.0,800.0
maize,Singida,2025-05-19,800.0,800.0,800.0,800.0,800.0,0.0,0.0,0.0,5,21,2025,800.0,0.0,800.0
maize,Singida,2025-05-26,800.0,800.0,800.0,800.0,800.0,0.0,0.0,0.0,5,22,2025,800.0,0.0,800.0
maize,Singida,2025-06-02,800.0,800.0,800.0,800.0,800.0,0.0,0.0,0.0,6,23,2025,800.0,0.0,700.0
maize,Singida,2025-06-09,700.0,800.0,800.0,800.0,800.0,0.0,0.0,0.0,6,24,2025,800.0,0.0,700.0
maize,Singida,2025-06-16,700.0,700.0,800.0,800.0,800.0,-100.0,0.0,-12.5,6,25,2025,775.0,50.0,800.0
maize,Singida,2025-09-15,,640.0,600.0,600.0,600.0,40.0,0.0,6.666666666666667,9,38,2025,610.0,20.0,700.0
maize,Singida,2026-06-08,,600.0,600.0,600.0,700.0,0.0,0.0,0.0,6,24,2026,625.0,49.999999999999986,600.0
maize,Songwe,2024-12-30,600.0,600.0,600.0,600.0,600.0,0.0,0.0,0.0,12,1,2024,600.0,0.0,600.0
maize,Songwe,2025-01-06,600.0,600.0,600.0,600.0,600.0,0.0,0.0,0.0,1,2,2025,600.0,0.0,600.0
maize,Songwe,2025-01-13,600.0,600.0,600.0,600.0,600.0,0.0,0.0,0.0,1,3,2025,600.0,0.0,600.0
maize,Songwe,2025-01-20,600.0,600.0,600.0,600.0,600.0,0.0,0.0,0.0,1,4,2025,600.0,0.0,600.0
maize,Songwe,2025-01-27,600.0,600.0,600.0,600.0,600.0,0.0,0.0,0.0,1,5,2025,600.0,0.0,700.0
maize,Songwe,2025-02-03,700.0,600.0,600.0,600.0,600.0,0.0,0.0,0.0,2,6,2025,600.0,0.0,700.0
maize,Songwe,2025-02-10,700.0,700.0,600.0,600.0,600.0,100.0,0.0,16.666666666666664,2,7,2025,625.0,50.0,700.0
maize,Songwe,2025-02-24,,700.0,700.0,700.0,600.0,0.0,0.0,0.0,2,9,2025,675.0,49.99999999999999,700.0
maize,Songwe,2025-04-21,700.0,900.0,700.0,700.0,800.0,200.0,0.0,28.57142857142857,4,17,2025,775.0,95.7427107756338,600.0
maize,Songwe,2025-04-28,600.0,700.0,900.0,700.0,700.0,-200.0,200.0,-22.22222222222222,4,18,2025,750.0,99.99999999999999,600.0
maize,Songwe,2025-05-05,600.0,600.0,700.0,900.0,700.0,-100.0,-200.0,-14.285714285714285,5,19,2025,725.0,125.83057392117914,700.0
maize,Songwe,2025-05-12,700.0,600.0,600.0,700.0,900.0,0.0,-100.0,0.0,5,20,2025,700.0,141.42135623730948,600.0
maize,Songwe,2025-05-19,600.0,700.0,600.0,600.0,700.0,100.0,0.0,16.666666666666664,5,21,2025,650.0,57.73502691896255,600.0
maize,Songwe,2025-05-26,600.0,600.0,700.0,600.0,600.0,-100.0,100.0,-14.285714285714285,5,22,2025,625.0,49.99999999999997,600.0
maize,Songwe,2025-06-02,600.0,600.0,600.0,700.0,600.0,0.0,-100.0,0.0,6,23,2025,625.0,49.99999999999997,600.0
maize,Songwe,2025-06-09,600.0,600.0,600.0,600.0,700.0,0.0,0.0,0.0,6,24,2025,625.0,49.99999999999997,500.0
maize,Songwe,2025-06-16,500.0,600.0,600.0,600.0,600.0,0.0,0.0,0.0,6,25,2025,600.0,0.0,550.0
maize,Songwe,2025-06-30,,550.0,500.0,600.0,600.0,50.0,-100.0,10.0,6,27,2025,562.5,47.871355387816905,600.0
maize,Songwe,2025-08-25,500.0,500.0,600.0,600.0,600.0,-100.0,0.0,-16.666666666666664,8,35,2025,575.0,50.0,500.0
maize,Songwe,2025-09-01,500.0,500.0,500.0,600.0,600.0,0.0,-100.0,0.0,9,36,2025,550.0,57.73502691896257,500.0
maize,Songwe,2025-09-08,500.0,500.0,500.0,500.0,600.0,0.0,0.0,0.0,9,37,2025,525.0,49.99999999999999,500.0
maize,Songwe,2025-09-15,500.0,500.0,500.0,500.0,500.0,0.0,0.0,0.0,9,38,2025,500.0,0.0,500.0
maize,Songwe,2025-09-22,500.0,500.0,500.0,500.0,500.0,0.0,0.0,0.0,9,39,2025,500.0,0.0,500.0
maize,Songwe,2025-09-29,500.0,500.0,500.0,500.0,500.0,0.0,0.0,0.0,9,40,2025,500.0,0.0,600.0
maize,Songwe,2025-10-13,,600.0,500.0,500.0,500.0,100.0,0.0,20.0,10,42,2025,525.0,50.0,500.0
maize,Songwe,2025-12-01,600.0,500.0,500.0,600.0,500.0,0.0,-100.0,0.0,12,49,2025,525.0,49.999999999999986,600.0
maize,Songwe,2025-12-08,600.0,600.0,500.0,500.0,600.0,100.0,0.0,20.0,12,50,2025,550.0,57.735026918962554,600.0
maize,Songwe,2026-02-23,,700.0,700.0,700.0,600.0,0.0,0.0,0.0,2,9,2026,675.0,49.999999999999986,700.0
maize,Songwe,2026-03-30,,700.0,700.0,700.0,700.0,0.0,0.0,0.0,3,14,2026,700.0,0.0,600.0
maize,Tabora,2025-04-21,800.0,800.0,800.0,800.0,800.0,0.0,0.0,0.0,4,17,2025,800.0,0.0,800.0
maize,Tabora,2025-04-28,800.0,800.0,800.0,800.0,800.0,0.0,0.0,0.0,4,18,2025,800.0,0.0,700.0
maize,Tabora,2025-05-05,700.0,800.0,800.0,800.0,800.0,0.0,0.0,0.0,5,19,2025,800.0,0.0,700.0
maize,Tabora,2025-05-12,700.0,700.0,800.0,800.0,800.0,-100.0,0.0,-12.5,5,20,2025,775.0,50.0,700.0
maize,Tabora,2025-05-19,700.0,700.0,700.0,800.0,800.0,0.0,-100.0,0.0,5,21,2025,750.0,57.73502691896257,700.0
maize,Tabora,2025-05-26,700.0,700.0,700.0,700.0,800.0,0.0,0.0,0.0,5,22,2025,725.0,49.99999999999999,700.0
maize,Tabora,2025-06-02,700.0,700.0,700.0,700.0,700.0,0.0,0.0,0.0,6,23,2025,700.0,0.0,700.0
maize,Tabora,2025-06-16,,700.0,700.0,700.0,700.0,0.0,0.0,0.0,6,25,2025,700.0,0.0,700.0
maize,Tabora,2025-09-15,700.0,700.0,800.0,800.0,700.0,-100.0,0.0,-12.5,9,38,2025,750.0,57.735026918962554,700.0
maize,Tabora,2025-09-22,700.0,700.0,700.0,800.0,800.0,0.0,-100.0,0.0,9,39,2025,750.0,57.735026918962554,800.0
maize,Tabora,2025-10-06,,800.0,700.0,700.0,700.0,100.0,0.0,14.285714285714285,10,41,2025,725.0,50.0,800.0
maize,Tabora,2025-12-01,800.0,800.0,800.0,800.0,800.0,0.0,0.0,0.0,12,49,2025,800.0,0.0,800.0
maize,Tabora,2025-12-08,800.0,800.0,800.0,800.0,800.0,0.0,0.0,0.0,12,50,2025,800.0,0.0,900.0
maize,Tabora,2026-02-16,900.0,900.0,900.0,900.0,900.0,0.0,0.0,0.0,2,8,2026,900.0,0.0,900.0
maize,Tabora,2026-02-23,900.0,900.0,900.0,900.0,900.0,0.0,0.0,0.0,2,9,2026,900.0,0.0,800.0
maize,Tabora,2026-03-02,800.0,900.0,900.0,900.0,900.0,0.0,0.0,0.0,3,10,2026,900.0,0.0,800.0
maize,Tabora,2026-03-09,800.0,800.0,900.0,900.0,900.0,-100.0,0.0,-11.11111111111111,3,11,2026,875.0,50.0,800.0
maize,Tabora,2026-03-16,800.0,800.0,800.0,900.0,900.0,0.0,-100.0,0.0,3,12,2026,850.0,57.73502691896257,900.0
maize,Tabora,2026-03-23,900.0,800.0,800.0,800.0,900.0,0.0,0.0,0.0,3,13,2026,825.0,49.99999999999999,800.0
maize,Tabora,2026-03-30,800.0,900.0,800.0,800.0,800.0,100.0,0.0,12.5,3,14,2026,825.0,50.0,800.0
maize,Tabora,2026-04-06,800.0,800.0,900.0,800.0,800.0,-100.0,100.0,-11.11111111111111,4,15,2026,825.0,50.0,800.0
maize,Tabora,2026-04-13,800.0,800.0,800.0,900.0,800.0,0.0,-100.0,0.0,4,16,2026,825.0,50.0,700.0
maize,Tabora,2026-04-20,700.0,800.0,800.0,800.0,900.0,0.0,0.0,0.0,4,17,2026,825.0,50.0,700.0
maize,Tabora,2026-04-27,700.0,700.0,800.0,800.0,800.0,-100.0,0.0,-12.5,4,18,2026,775.0,50.0,700.0
maize,Tabora,2026-05-04,700.0,700.0,700.0,800.0,800.0,0.0,-100.0,0.0,5,19,2026,750.0,57.73502691896257,600.0
maize,Tabora,2026-05-11,600.0,700.0,700.0,700.0,800.0,0.0,0.0,0.0,5,20,2026,725.0,49.99999999999999,600.0
maize,Tabora,2026-05-18,600.0,600.0,700.0,700.0,700.0,-100.0,0.0,-14.285714285714285,5,21,2026,675.0,50.0,600.0
maize,Tabora,2026-05-25,600.0,600.0,600.0,700.0,700.0,0.0,-100.0,0.0,5,22,2026,650.0,57.73502691896257,600.0
maize,Tabora,2026-06-01,600.0,600.0,600.0,600.0,700.0,0.0,0.0,0.0,6,23,2026,625.0,49.99999999999999,600.0
maize,Tabora,2026-06-15,,600.0,600.0,600.0,600.0,0.0,0.0,0.0,6,25,2026,600.0,0.0,600.0
maize,Tanga,2026-02-16,,1000.0,1000.0,1000.0,1000.0,0.0,0.0,0.0,2,8,2026,1000.0,0.0,1000.0
maize,Tanga,2026-03-23,1200.0,1200.0,1000.0,1000.0,1000.0,200.0,0.0,20.0,3,13,2026,1050.0,100.0,1200.0
maize,Tanga,2026-03-30,1200.0,1200.0,1200.0,1000.0,1000.0,0.0,200.0,0.0,3,14,2026,1100.0,115.47005383792514,1300.0
maize,Tanga,2026-04-06,1300.0,1200.0,1200.0,1200.0,1000.0,0.0,0.0,0.0,4,15,2026,1150.0,99.99999999999999,1000.0
maize,Tanga,2026-04-13,1000.0,1300.0,1200.0,1200.0,1200.0,100.0,0.0,8.333333333333332,4,16,2026,1225.0,50.0,1000.0
maize,Tanga,2026-04-20,1000.0,1000.0,1300.0,1200.0,1200.0,-300.0,100.0,-23.076923076923077,4,17,2026,1175.0,125.83057392117915,1000.0
maize,Tanga,2026-04-27,1000.0,1000.0,1000.0,1300.0,1200.0,0.0,-300.0,0.0,4,18,2026,1125.0,150.0,1000.0
maize,Tanga,2026-05-04,1000.0,1000.0,1000.0,1000.0,1300.0,0.0,0.0,0.0,5,19,2026,1075.0,150.0,900.0
maize,Tanga,2026-05-11,900.0,1000.0,1000.0,1000.0,1000.0,0.0,0.0,0.0,5,20,2026,1000.0,0.0,900.0
maize,Tanga,2026-05-18,900.0,900.0,1000.0,1000.0,1000.0,-100.0,0.0,-10.0,5,21,2026,975.0,50.0,900.0
maize,Tanga,2026-05-25,900.0,900.0,900.0,1000.0,1000.0,0.0,-100.0,0.0,5,22,2026,950.0,57.73502691896257,800.0
maize,Tanga,2026-06-01,800.0,900.0,900.0,900.0,1000.0,0.0,0.0,0.0,6,23,2026,925.0,49.99999999999999,800.0
maize,Tanga,2026-06-08,800.0,800.0,900.0,900.0,900.0,-100.0,0.0,-11.11111111111111,6,24,2026,875.0,50.0,600.0
maize,Tanga,2026-06-15,600.0,800.0,800.0,900.0,900.0,0.0,-100.0,0.0,6,25,2026,850.0,57.73502691896257,600.0
rice,Arusha,2025-01-06,3200.0,3400.0,3000.0,3000.0,2100.0,400.0,0.0,13.333333333333334,1,2,2025,2875.0,550.0,3000.0
rice,Arusha,2025-01-13,3000.0,3200.0,3400.0,3000.0,3000.0,-200.0,400.0,-5.88235294117647,1,3,2025,3150.0,191.48542155126748,2700.0
rice,Arusha,2025-01-20,2700.0,3000.0,3200.0,3400.0,3000.0,-200.0,-200.0,-6.25,1,4,2025,3150.0,191.48542155126748,2800.0
rice,Arusha,2025-01-27,2800.0,2700.0,3000.0,3200.0,3400.0,-300.0,-200.0,-10.0,1,5,2025,3075.0,298.6078811194819,2900.0
rice,Arusha,2025-02-03,2900.0,2800.0,2700.0,3000.0,3200.0,100.0,-300.0,3.7037037037037033,2,6,2025,2925.0,221.73557826083433,2900.0
rice,Arusha,2025-02-10,2900.0,2900.0,2800.0,2700.0,3000.0,100.0,100.0,3.571428571428571,2,7,2025,2850.0,129.09944487358032,2900.0
rice,Arusha,2025-02-17,2900.0,2900.0,2900.0,2800.0,2700.0,0.0,100.0,0.0,2,8,2025,2825.0,95.74271077563348,3000.0
rice,Arusha,2025-02-24,3000.0,2900.0,2900.0,2900.0,2800.0,0.0,0.0,0.0,2,9,2025,2875.0,49.99999999999945,2000.0
rice,Arusha,2025-03-03,2000.0,3000.0,2900.0,2900.0,2900.0,100.0,0.0,3.4482758620689653,3,10,2025,2925.0,50.0,3000.0
rice,Arusha,2025-03-17,,3000.0,2000.0,3000.0,2900.0,1000.0,-1000.0,50.0,3,12,2025,2725.0,485.62674281111555,2900.0
rice,Arusha,2025-04-21,2800.0,2900.0,2800.0,2900.0,2900.0,100.0,-100.0,3.571428571428571,4,17,2025,2875.0,49.999999999999964,2800.0
rice,Arusha,2025-04-28,2800.0,2800.0,2900.0,2800.0,2900.0,-100.0,100.0,-3.4482758620689653,4,18,2025,2850.0,57.73502691896252,2900.0
rice,Arusha,2025-05-05,2900.0,2800.0,2800.0,2900.0,2800.0,0.0,-100.0,0.0,5,19,2025,2825.0,49.999999999999964,2900.0
rice,Arusha,2025-05-12,2900.0,2900.0,2800.0,2800.0,2900.0,100.0,0.0,3.571428571428571,5,20,2025,2850.0,57.73502691896252,3000.0
rice,Arusha,2025-05-19,3000.0,2900.0,2900.0,2800.0,2800.0,0.0,100.0,0.0,5,21,2025,2850.0,57.73502691896252,2900.0
rice,Arusha,2025-05-26,2900.0,3000.0,2900.0,2900.0,2800.0,100.0,0.0,3.4482758620689653,5,22,2025,2900.0,81.64965809277261,2800.0
rice,Arusha,2025-06-02,2800.0,2900.0,3000.0,2900.0,2900.0,-100.0,100.0,-3.3333333333333335,6,23,2025,2925.0,49.999999999999964,2800.0
rice,Arusha,2025-06-09,2800.0,2800.0,2900.0,3000.0,2900.0,-100.0,-100.0,-3.4482758620689653,6,24,2025,2900.0,81.64965809277261,2900.0
rice,Arusha,2025-06-16,2900.0,2800.0,2800.0,2900.0,3000.0,0.0,-100.0,0.0,6,25,2025,2875.0,95.74271077563381,3000.0
rice,Arusha,2025-06-30,,3000.0,2900.0,2800.0,2800.0,100.0,100.0,3.4482758620689653,6,27,2025,2875.0,95.74271077563381,2900.0
rice,Arusha,2025-08-04,3000.0,3000.0,3000.0,3000.0,2900.0,0.0,0.0,0.0,8,32,2025,2975.0,50.000000000000036,3000.0
rice,Arusha,2025-08-11,3000.0,3000.0,3000.0,3000.0,3000.0,0.0,0.0,0.0,8,33,2025,3000.0,0.0,3000.0
rice,Arusha,2025-08-18,3000.0,3000.0,3000.0,3000.0,3000.0,0.0,0.0,0.0,8,34,2025,3000.0,0.0,3000.0
rice,Arusha,2025-08-25,3000.0,3000.0,3000.0,3000.0,3000.0,0.0,0.0,0.0,8,35,2025,3000.0,0.0,3000.0
rice,Arusha,2025-09-01,3000.0,3000.0,3000.0,3000.0,3000.0,0.0,0.0,0.0,9,36,2025,3000.0,0.0,3000.0
rice,Arusha,2025-09-08,3000.0,3000.0,3000.0,3000.0,3000.0,0.0,0.0,0.0,9,37,2025,3000.0,0.0,3000.0
rice,Arusha,2025-09-22,,3000.0,3000.0,3000.0,3000.0,0.0,0.0,0.0,9,39,2025,3000.0,0.0,2900.0
rice,Arusha,2025-10-27,,2900.0,2900.0,2900.0,2900.0,0.0,0.0,0.0,10,44,2025,2900.0,0.0,2800.0
rice,Arusha,2025-12-08,,2800.0,2800.0,3000.0,2800.0,0.0,-200.0,0.0,12,50,2025,2850.0,100.00000000000004,2800.0
rice,Arusha,2026-02-16,2900.0,2900.0,2900.0,3100.0,3100.0,0.0,-200.0,0.0,2,8,2026,3000.0,115.47005383792522,2900.0
rice,Arusha,2026-02-23,2900.0,2900.0,2900.0,2900.0,3100.0,0.0,0.0,0.0,2,9,2026,2950.0,100.00000000000003,2900.0
rice,Arusha,2026-03-02,2900.0,2900.0,2900.0,2900.0,2900.0,0.0,0.0,0.0,3,10,2026,2900.0,0.0,2900.0
rice,Arusha,2026-03-09,2900.0,2900.0,2900.0,2900.0,2900.0,0.0,0.0,0.0,3,11,2026,2900.0,0.0,3200.0
rice,Arusha,2026-03-16,3200.0,2900.0,2900.0,2900.0,2900.0,0.0,0.0,0.0,3,12,2026,2900.0,0.0,3000.0
rice,Arusha,2026-03-23,3000.0,3200.0,2900.0,2900.0,2900.0,300.0,0.0,10.344827586206897,3,13,2026,2975.0,150.0,2900.0
rice,Arusha,2026-03-30,2900.0,3000.0,3200.0,2900.0,2900.0,-200.0,300.0,-6.25,3,14,2026,3000.0,141.4213562373095,2900.0
rice,Arusha,2026-04-06,2900.0,2900.0,3000.0,3200.0,2900.0,-100.0,-200.0,-3.3333333333333335,4,15,2026,3000.0,141.4213562373095,2900.0
rice,Arusha,2026-04-13,2900.0,2900.0,2900.0,3000.0,3200.0,0.0,-100.0,0.0,4,16,2026,3000.0,141.4213562373095,2900.0
rice,Arusha,2026-04-20,2900.0,2900.0,2900.0,2900.0,3000.0,0.0,0.0,0.0,4,17,2026,2925.0,50.00000000000013,2900.0
rice,Arusha,2026-04-27,2900.0,2900.0,2900.0,2900.0,2900.0,0.0,0.0,0.0,4,18,2026,2900.0,0.0,2900.0
rice,Arusha,2026-05-04,2900.0,2900.0,2900.0,2900.0,2900.0,0.0,0.0,0.0,5,19,2026,2900.0,0.0,2900.0
rice,Arusha,2026-05-11,2900.0,2900.0,2900.0,2900.0,2900.0,0.0,0.0,0.0,5,20,2026,2900.0,0.0,2900.0
rice,Arusha,2026-05-18,2900.0,2900.0,2900.0,2900.0,2900.0,0.0,0.0,0.0,5,21,2026,2900.0,0.0,2200.0
rice,Arusha,2026-05-25,2200.0,2900.0,2900.0,2900.0,2900.0,0.0,0.0,0.0,5,22,2026,2900.0,0.0,2900.0
rice,Arusha,2026-06-01,2900.0,2200.0,2900.0,2900.0,2900.0,-700.0,0.0,-24.137931034482758,6,23,2026,2725.0,350.0,3000.0
rice,Arusha,2026-06-08,3000.0,2900.0,2200.0,2900.0,2900.0,700.0,-700.0,31.818181818181817,6,24,2026,2725.0,350.0,3100.0
rice,Arusha,2026-06-15,3100.0,3000.0,2900.0,2200.0,2900.0,100.0,700.0,3.4482758620689653,6,25,2026,2750.0,369.68455021364724,3100.0
rice,Dar es Salaam,2025-03-17,,2500.0,2500.0,2500.0,2400.0,0.0,0.0,0.0,3,12,2025,2475.0,50.000000000000036,2700.0
rice,Dar es Salaam,2025-04-21,2700.0,3000.0,2900.0,2900.0,2700.0,100.0,0.0,3.4482758620689653,4,17,2025,2875.0,125.83057392117917,2600.0
rice,Dar es Salaam,2025-04-28,2600.0,2700.0,3000.0,2900.0,2900.0,-300.0,100.0,-10.0,4,18,2025,2875.0,125.83057392117917,2700.0
rice,Dar es Salaam,2025-05-05,2700.0,2600.0,2700.0,3000.0,2900.0,-100.0,-300.0,-3.7037037037037033,5,19,2025,2800.0,182.57418583505535,2700.0
rice,Dar es Salaam,2025-05-12,2700.0,2700.0,2600.0,2700.0,3000.0,100.0,-100.0,3.8461538461538463,5,20,2025,2750.0,173.2050807568877,2600.0
rice,Dar es Salaam,2025-05-19,2600.0,2700.0,2700.0,2600.0,2700.0,0.0,100.0,0.0,5,21,2025,2675.0,49.999999999999744,2500.0
rice,Dar es Salaam,2025-05-26,2500.0,2600.0,2700.0,2700.0,2600.0,-100.0,0.0,-3.7037037037037033,5,22,2025,2650.0,57.73502691896231,2400.0
rice,Dar es Salaam,2025-06-02,2400.0,2500.0,2600.0,2700.0,2700.0,-100.0,-100.0,-3.8461538461538463,6,23,2025,2625.0,95.74271077563364,2500.0
rice,Dar es Salaam,2025-06-09,2500.0,2400.0,2500.0,2600.0,2700.0,-100.0,-100.0,-4.0,6,24,2025,2550.0,129.09944487358044,2600.0
rice,Dar es Salaam,2025-06-16,2600.0,2500.0,2400.0,2500.0,2600.0,100.0,-100.0,4.166666666666666,6,25,2025,2500.0,81.6496580927724,2700.0
rice,Dar es Salaam,2025-06-30,,2700.0,2600.0,2500.0,2400.0,100.0,100.0,3.8461538461538463,6,27,2025,2550.0,129.09944487358044,2500.0
rice,Dar es Salaam,2025-09-08,2600.0,2600.0,2500.0,2500.0,2400.0,100.0,0.0,4.0,9,37,2025,2500.0,81.64965809277265,2500.0
rice,Dar es Salaam,2025-09-15,2500.0,2600.0,2600.0,2500.0,2500.0,0.0,100.0,0.0,9,38,2025,2550.0,57.735026918962575,2200.0
rice,Dar es Salaam,2025-09-22,2200.0,2500.0,2600.0,2600.0,2500.0,-100.0,0.0,-3.8461538461538463,9,39,2025,2550.0,57.735026918962575,2500.0
rice,Dar es Salaam,2025-09-29,2500.0,2200.0,2500.0,2600.0,2600.0,-300.0,-100.0,-12.0,9,40,2025,2475.0,189.2969448600091,2700.0
rice,Dar es Salaam,2025-10-13,,2700.0,2500.0,2200.0,2500.0,200.0,300.0,8.0,10,42,2025,2475.0,206.155281280883,2600.0
rice,Dar es Salaam,2025-12-01,,2600.0,2700.0,2600.0,2500.0,-100.0,100.0,-3.7037037037037033,12,49,2025,2600.0,81.64965809277261,2700.0
rice,Dar es Salaam,2026-02-16,3000.0,2900.0,2900.0,2900.0,2800.0,0.0,0.0,0.0,2,8,2026,2875.0,50.00000000000028,2900.0
rice,Dar es Salaam,2026-02-23,2900.0,3000.0,2900.0,2900.0,2900.0,100.0,0.0,3.4482758620689653,2,9,2026,2925.0,50.0,3000.0
rice,Dar es Salaam,2026-03-02,3000.0,2900.0,3000.0,2900.0,2900.0,-100.0,100.0,-3.3333333333333335,3,10,2026,2925.0,50.0,3000.0
rice,Dar es Salaam,2026-03-09,3000.0,3000.0,2900.0,3000.0,2900.0,100.0,-100.0,3.4482758620689653,3,11,2026,2950.0,57.73502691896255,2800.0
rice,Dar es Salaam,2026-03-16,2800.0,3000.0,3000.0,2900.0,3000.0,0.0,100.0,0.0,3,12,2026,2975.0,50.0,3100.0
rice,Dar es Salaam,2026-03-23,3100.0,2800.0,3000.0,3000.0,2900.0,-200.0,0.0,-6.666666666666667,3,13,2026,2925.0,95.74271077563377,2900.0
rice,Dar es Salaam,2026-03-30,2900.0,3100.0,2800.0,3000.0,3000.0,300.0,-200.0,10.714285714285714,3,14,2026,2975.0,125.83057392117911,3000.0
rice,Dar es Salaam,2026-04-06,3000.0,2900.0,3100.0,2800.0,3000.0,-200.0,300.0,-6.451612903225806,4,15,2026,2950.0,129.0994448735805,3000.0
rice,Dar es Salaam,2026-04-13,3000.0,3000.0,2900.0,3100.0,2800.0,100.0,-200.0,3.4482758620689653,4,16,2026,2950.0,129.0994448735805,3000.0
rice,Dar es Salaam,2026-04-20,3000.0,3000.0,3000.0,2900.0,3100.0,0.0,100.0,0.0,4,17,2026,3000.0,81.6496580927725,3000.0
rice,Dar es Salaam,2026-04-27,3000.0,3000.0,3000.0,3000.0,2900.0,0.0,0.0,0.0,4,18,2026,2975.0,49.999999999999794,3200.0
rice,Dar es Salaam,2026-05-04,3200.0,3000.0,3000.0,3000.0,3000.0,0.0,0.0,0.0,5,19,2026,3000.0,0.0,2900.0
rice,Dar es Salaam,2026-05-18,,2900.0,3200.0,3000.0,3000.0,-300.0,200.0,-9.375,5,21,2026,3025.0,125.83057392117914,2700.0
rice,Dodoma,2025-05-12,2700.0,2700.0,2800.0,2600.0,2900.0,-100.0,200.0,-3.571428571428571,5,20,2025,2750.0,129.0994448735807,2600.0
rice,Dodoma,2025-05-19,2600.0,2700.0,2700.0,2800.0,2600.0,0.0,-100.0,0.0,5,21,2025,2700.0,81.64965809277278,2600.0
rice,Dodoma,2025-05-26,2600.0,2600.0,2700.0,2700.0,2800.0,-100.0,0.0,-3.7037037037037033,5,22,2025,2700.0,81.64965809277278,2700.0
rice,Dodoma,2025-06-02,2700.0,2600.0,2600.0,2700.0,2700.0,0.0,-100.0,0.0,6,23,2025,2650.0,57.73502691896277,2700.0
rice,Dodoma,2025-06-09,2700.0,2700.0,2600.0,2600.0,2700.0,100.0,0.0,3.8461538461538463,6,24,2025,2650.0,57.73502691896277,2700.0
rice,Dodoma,2025-06-16,2700.0,2700.0,2700.0,2600.0,2600.0,0.0,100.0,0.0,6,25,2025,2650.0,57.73502691896277,2800.0
rice,Dodoma,2025-06-30,,2800.0,2700.0,2700.0,2700.0,100.0,0.0,3.7037037037037033,6,27,2025,2725.0,50.0,2700.0
rice,Dodoma,2025-09-08,2300.0,2500.0,2500.0,2300.0,2500.0,0.0,200.0,0.0,9,37,2025,2450.0,99.99999999999996,2200.0
rice,Dodoma,2025-09-15,2200.0,2300.0,2500.0,2500.0,2300.0,-200.0,0.0,-8.0,9,38,2025,2400.0,115.47005383792515,2500.0
rice,Dodoma,2025-09-22,2500.0,2200.0,2300.0,2500.0,2500.0,-100.0,-200.0,-4.3478260869565215,9,39,2025,2375.0,150.0,2500.0
rice,Dodoma,2025-09-29,2500.0,2500.0,2200.0,2300.0,2500.0,300.0,-100.0,13.636363636363635,9,40,2025,2375.0,150.0,2600.0
rice,Dodoma,2025-10-06,2600.0,2500.0,2500.0,2200.0,2300.0,0.0,300.0,0.0,10,41,2025,2375.0,150.0,2400.0
rice,Dodoma,2025-10-13,2400.0,2600.0,2500.0,2500.0,2200.0,100.0,0.0,4.0,10,42,2025,2450.0,173.20508075688772,2400.0
rice,Dodoma,2025-10-27,,2400.0,2400.0,2600.0,2500.0,0.0,-200.0,0.0,10,44,2025,2475.0,95.74271077563377,2900.0
rice,Dodoma,2025-12-22,,2500.0,2500.0,2600.0,2500.0,0.0,-100.0,0.0,12,52,2025,2525.0,49.999999999999964,2500.0
rice,Dodoma,2026-02-16,3200.0,3200.0,3100.0,3200.0,2500.0,100.0,-100.0,3.225806451612903,2,8,2026,3000.0,336.65016461206915,2800.0
rice,Dodoma,2026-02-23,2800.0,3200.0,3200.0,3100.0,3200.0,0.0,100.0,0.0,2,9,2026,3175.0,49.99999999999969,3000.0
rice,Dodoma,2026-03-02,3000.0,2800.0,3200.0,3200.0,3100.0,-400.0,0.0,-12.5,3,10,2026,3075.0,189.296944860009,3200.0
rice,Dodoma,2026-03-09,3200.0,3000.0,2800.0,3200.0,3200.0,200.0,-400.0,7.142857142857142,3,11,2026,3050.0,191.48542155126748,3200.0
rice,Dodoma,2026-03-16,3200.0,3200.0,3000.0,2800.0,3200.0,200.0,200.0,6.666666666666667,3,12,2026,3050.0,191.48542155126748,3200.0
rice,Dodoma,2026-03-23,3200.0,3200.0,3200.0,3000.0,2800.0,0.0,200.0,0.0,3,13,2026,3050.0,191.48542155126748,3200.0
rice,Dodoma,2026-03-30,3200.0,3200.0,3200.0,3200.0,3000.0,0.0,0.0,0.0,3,14,2026,3150.0,99.99999999999966,3200.0
rice,Dodoma,2026-04-06,3200.0,3200.0,3200.0,3200.0,3200.0,0.0,0.0,0.0,4,15,2026,3200.0,0.0,3200.0
rice,Dodoma,2026-04-13,3200.0,3200.0,3200.0,3200.0,3200.0,0.0,0.0,0.0,4,16,2026,3200.0,0.0,3100.0
rice,Dodoma,2026-04-20,3100.0,3200.0,3200.0,3200.0,3200.0,0.0,0.0,0.0,4,17,2026,3200.0,0.0,3000.0
rice,Dodoma,2026-04-27,3000.0,3100.0,3200.0,3200.0,3200.0,-100.0,0.0,-3.125,4,18,2026,3175.0,50.0,3000.0
rice,Dodoma,2026-05-04,3000.0,3000.0,3100.0,3200.0,3200.0,-100.0,-100.0,-3.225806451612903,5,19,2026,3125.0,95.74271077563377,2900.0
rice,Dodoma,2026-05-11,2900.0,3000.0,3000.0,3100.0,3200.0,0.0,-100.0,0.0,5,20,2026,3075.0,95.74271077563377,2900.0
rice,Dodoma,2026-05-18,2900.0,2900.0,3000.0,3000.0,3100.0,-100.0,0.0,-3.3333333333333335,5,21,2026,3000.0,81.64965809277264,2200.0
rice,Dodoma,2026-05-25,2200.0,2900.0,2900.0,3000.0,3000.0,0.0,-100.0,0.0,5,22,2026,2950.0,57.735026918962554,2300.0
rice,Dodoma,2026-06-01,2300.0,2200.0,2900.0,2900.0,3000.0,-700.0,0.0,-24.137931034482758,6,23,2026,2750.0,369.6845502136473,2400.0
rice,Dodoma,2026-06-08,2400.0,2300.0,2200.0,2900.0,2900.0,100.0,-700.0,4.545454545454546,6,24,2026,2575.0,377.4917217635375,2600.0
rice,Dodoma,2026-06-15,2600.0,2400.0,2300.0,2200.0,2900.0,100.0,100.0,4.3478260869565215,6,25,2026,2450.0,310.91263510296045,2400.0
rice,Geita,2025-04-21,2400.0,2200.0,2200.0,2300.0,2300.0,0.0,-100.0,0.0,4,17,2025,2250.0,57.73502691896252,2400.0
rice,Geita,2025-04-28,2400.0,2400.0,2200.0,2200.0,2300.0,200.0,0.0,9.090909090909092,4,18,2025,2275.0,95.74271077563375,2400.0
rice,Geita,2025-05-05,2400.0,2400.0,2400.0,2200.0,2200.0,0.0,200.0,0.0,5,19,2025,2300.0,115.47005383792512,2400.0
rice,Geita,2025-05-12,2400.0,2400.0,2400.0,2400.0,2200.0,0.0,0.0,0.0,5,20,2025,2350.0,99.99999999999991,2400.0
rice,Geita,2025-05-19,2400.0,2400.0,2400.0,2400.0,2400.0,0.0,0.0,0.0,5,21,2025,2400.0,0.0,2400.0
rice,Geita,2025-05-26,2400.0,2400.0,2400.0,2400.0,2400.0,0.0,0.0,0.0,5,22,2025,2400.0,0.0,2300.0
rice,Geita,2025-06-02,2300.0,2400.0,2400.0,2400.0,2400.0,0.0,0.0,0.0,6,23,2025,2400.0,0.0,2200.0
rice,Geita,2025-06-09,2200.0,2300.0,2400.0,2400.0,2400.0,-100.0,0.0,-4.166666666666666,6,24,2025,2375.0,50.0,2000.0
rice,Geita,2025-06-16,2000.0,2200.0,2300.0,2400.0,2400.0,-100.0,-100.0,-4.3478260869565215,6,25,2025,2325.0,95.74271077563377,2200.0
rice,Geita,2025-06-30,,2200.0,2000.0,2200.0,2300.0,200.0,-200.0,10.0,6,27,2025,2175.0,125.8305739211791,2300.0
rice,Geita,2025-09-15,2400.0,2300.0,2300.0,2200.0,2100.0,0.0,100.0,0.0,9,38,2025,2225.0,95.74271077563381,2300.0
rice,Geita,2025-09-22,2300.0,2400.0,2300.0,2300.0,2200.0,100.0,0.0,4.3478260869565215,9,39,2025,2300.0,81.64965809277268,2500.0
rice,Geita,2025-10-06,,2500.0,2300.0,2400.0,2300.0,200.0,-100.0,8.695652173913043,10,41,2025,2375.0,95.74271077563381,2200.0
rice,Geita,2026-02-16,2700.0,2700.0,2800.0,3000.0,3000.0,-100.0,-200.0,-3.571428571428571,2,8,2026,2875.0,150.00000000000006,2700.0
rice,Geita,2026-02-23,2700.0,2700.0,2700.0,2800.0,3000.0,0.0,-100.0,0.0,2,9,2026,2800.0,141.42135623730962,2700.0
rice,Geita,2026-03-02,2700.0,2700.0,2700.0,2700.0,2800.0,0.0,0.0,0.0,3,10,2026,2725.0,50.00000000000044,2700.0
rice,Geita,2026-03-09,2700.0,2700.0,2700.0,2700.0,2700.0,0.0,0.0,0.0,3,11,2026,2700.0,0.0,2600.0
rice,Geita,2026-03-16,2600.0,2700.0,2700.0,2700.0,2700.0,0.0,0.0,0.0,3,12,2026,2700.0,0.0,2600.0
rice,Geita,2026-03-23,2600.0,2600.0,2700.0,2700.0,2700.0,-100.0,0.0,-3.7037037037037033,3,13,2026,2675.0,50.0,2600.0
rice,Geita,2026-03-30,2600.0,2600.0,2600.0,2700.0,2700.0,0.0,-100.0,0.0,3,14,2026,2650.0,57.73502691896255,2600.0
rice,Geita,2026-04-06,2600.0,2600.0,2600.0,2600.0,2700.0,0.0,0.0,0.0,4,15,2026,2625.0,50.0,2600.0
rice,Geita,2026-04-13,2600.0,2600.0,2600.0,2600.0,2600.0,0.0,0.0,0.0,4,16,2026,2600.0,0.0,2600.0
rice,Geita,2026-04-20,2600.0,2600.0,2600.0,2600.0,2600.0,0.0,0.0,0.0,4,17,2026,2600.0,0.0,2300.0
rice,Geita,2026-04-27,2300.0,2600.0,2600.0,2600.0,2600.0,0.0,0.0,0.0,4,18,2026,2600.0,0.0,2300.0
rice,Geita,2026-05-04,2300.0,2300.0,2600.0,2600.0,2600.0,-300.0,0.0,-11.538461538461538,5,19,2026,2525.0,150.0,2200.0
rice,Geita,2026-05-11,2200.0,2300.0,2300.0,2600.0,2600.0,0.0,-300.0,0.0,5,20,2026,2450.0,173.20508075688772,2100.0
rice,Geita,2026-05-18,2100.0,2200.0,2300.0,2300.0,2600.0,-100.0,0.0,-4.3478260869565215,5,21,2026,2350.0,173.20508075688772,2100.0
rice,Geita,2026-05-25,2100.0,2100.0,2200.0,2300.0,2300.0,-100.0,-100.0,-4.545454545454546,5,22,2026,2225.0,95.74271077563371,2100.0
rice,Geita,2026-06-01,2100.0,2100.0,2100.0,2200.0,2300.0,0.0,-100.0,0.0,6,23,2026,2175.0,95.74271077563371,2000.0
rice,Geita,2026-06-08,2000.0,2100.0,2100.0,2100.0,2200.0,0.0,0.0,0.0,6,24,2026,2125.0,49.999999999999886,2000.0
rice,Geita,2026-06-15,2000.0,2000.0,2100.0,2100.0,2100.0,-100.0,0.0,-4.761904761904762,6,25,2026,2075.0,50.0,1900.0
rice,Iringa,2024-12-30,2000.0,2100.0,2000.0,2000.0,2000.0,100.0,0.0,5.0,12,1,2024,2025.0,50.0,2000.0
rice,Iringa,2025-01-13,,2000.0,2000.0,2100.0,2000.0,0.0,-100.0,0.0,1,3,2025,2025.0,50.0,2400.0
rice,Iringa,2025-02-17,2400.0,2600.0,2700.0,2700.0,2400.0,-100.0,0.0,-3.7037037037037033,2,8,2025,2600.0,141.42135623730957,2600.0
rice,Iringa,2025-02-24,2600.0,2400.0,2600.0,2700.0,2700.0,-200.0,-100.0,-7.6923076923076925,2,9,2025,2600.0,141.42135623730957,2400.0
rice,Iringa,2025-03-03,2400.0,2600.0,2400.0,2600.0,2700.0,200.0,-200.0,8.333333333333332,3,10,2025,2575.0,125.83057392117922,2600.0
rice,Iringa,2025-03-17,,2600.0,2400.0,2600.0,2400.0,200.0,-200.0,8.333333333333332,3,12,2025,2500.0,115.47005383792526,2800.0
rice,Iringa,2025-04-21,2700.0,2700.0,2700.0,2700.0,2800.0,0.0,0.0,0.0,4,17,2025,2725.0,50.00000000000033,2600.0
rice,Iringa,2025-04-28,2600.0,2700.0,2700.0,2700.0,2700.0,0.0,0.0,0.0,4,18,2025,2700.0,0.0,2400.0
rice,Iringa,2025-05-05,2400.0,2600.0,2700.0,2700.0,2700.0,-100.0,0.0,-3.7037037037037033,5,19,2025,2675.0,50.0,2400.0
rice,Iringa,2025-05-12,2400.0,2400.0,2600.0,2700.0,2700.0,-200.0,-100.0,-7.6923076923076925,5,20,2025,2600.0,141.42135623730945,2300.0
rice,Iringa,2025-05-19,2300.0,2400.0,2400.0,2600.0,2700.0,0.0,-200.0,0.0,5,21,2025,2525.0,149.99999999999991,2300.0
rice,Iringa,2025-05-26,2300.0,2300.0,2400.0,2400.0,2600.0,-100.0,0.0,-4.166666666666666,5,22,2025,2425.0,125.83057392117901,2300.0
rice,Iringa,2025-06-02,2300.0,2300.0,2300.0,2400.0,2400.0,0.0,-100.0,0.0,6,23,2025,2350.0,57.73502691896214,2200.0
rice,Iringa,2025-06-09,2200.0,2300.0,2300.0,2300.0,2400.0,0.0,0.0,0.0,6,24,2025,2325.0,49.99999999999954,2300.0
rice,Iringa,2025-06-16,2300.0,2200.0,2300.0,2300.0,2300.0,-100.0,0.0,-4.3478260869565215,6,25,2025,2275.0,50.0,2200.0
rice,Iringa,2025-06-30,,2200.0,2300.0,2200.0,2300.0,-100.0,100.0,-4.3478260869565215,6,27,2025,2250.0,57.73502691896255,2200.0
rice,Iringa,2025-09-01,2300.0,2400.0,2300.0,2300.0,2300.0,100.0,0.0,4.3478260869565215,9,36,2025,2325.0,50.0,2300.0
rice,Iringa,2025-09-08,2300.0,2300.0,2400.0,2300.0,2300.0,-100.0,100.0,-4.166666666666666,9,37,2025,2325.0,50.0,2300.0
rice,Iringa,2025-09-15,2300.0,2300.0,2300.0,2400.0,2300.0,0.0,-100.0,0.0,9,38,2025,2325.0,50.0,2300.0
rice,Iringa,2025-09-22,2300.0,2300.0,2300.0,2300.0,2400.0,0.0,0.0,0.0,9,39,2025,2325.0,50.0,2300.0
rice,Iringa,2025-09-29,2300.0,2300.0,2300.0,2300.0,2300.0,0.0,0.0,0.0,9,40,2025,2300.0,0.0,2300.0
rice,Iringa,2025-10-13,,2300.0,2300.0,2300.0,2300.0,0.0,0.0,0.0,10,42,2025,2300.0,0.0,2400.0
rice,Iringa,2026-02-16,2800.0,2800.0,2800.0,2800.0,2700.0,0.0,0.0,0.0,2,8,2026,2775.0,50.000000000000036,2800.0
rice,Iringa,2026-02-23,2800.0,2800.0,2800.0,2800.0,2800.0,0.0,0.0,0.0,2,9,2026,2800.0,0.0,2800.0
rice,Iringa,2026-03-02,2800.0,2800.0,2800.0,2800.0,2800.0,0.0,0.0,0.0,3,10,2026,2800.0,0.0,2800.0
rice,Iringa,2026-03-09,2800.0,2800.0,2800.0,2800.0,2800.0,0.0,0.0,0.0,3,11,2026,2800.0,0.0,2800.0
rice,Iringa,2026-03-16,2800.0,2800.0,2800.0,2800.0,2800.0,0.0,0.0,0.0,3,12,2026,2800.0,0.0,2800.0
rice,Iringa,2026-03-23,2800.0,2800.0,2800.0,2800.0,2800.0,0.0,0.0,0.0,3,13,2026,2800.0,0.0,2800.0
rice,Iringa,2026-03-30,2800.0,2800.0,2800.0,2800.0,2800.0,0.0,0.0,0.0,3,14,2026,2800.0,0.0,2800.0
rice,Iringa,2026-04-06,2800.0,2800.0,2800.0,2800.0,2800.0,0.0,0.0,0.0,4,15,2026,2800.0,0.0,2800.0
rice,Iringa,2026-04-13,2800.0,2800.0,2800.0,2800.0,2800.0,0.0,0.0,0.0,4,16,2026,2800.0,0.0,2800.0
rice,Iringa,2026-04-20,2800.0,2800.0,2800.0,2800.0,2800.0,0.0,0.0,0.0,4,17,2026,2800.0,0.0,2800.0
rice,Iringa,2026-04-27,2800.0,2800.0,2800.0,2800.0,2800.0,0.0,0.0,0.0,4,18,2026,2800.0,0.0,2600.0
rice,Iringa,2026-05-04,2600.0,2800.0,2800.0,2800.0,2800.0,0.0,0.0,0.0,5,19,2026,2800.0,0.0,2500.0
rice,Iringa,2026-05-11,2500.0,2600.0,2800.0,2800.0,2800.0,-200.0,0.0,-7.142857142857142,5,20,2026,2750.0,100.0,2700.0
rice,Iringa,2026-05-18,2700.0,2500.0,2600.0,2800.0,2800.0,-100.0,-200.0,-3.8461538461538463,5,21,2026,2675.0,150.00000000000003,2700.0
rice,Iringa,2026-05-25,2700.0,2700.0,2500.0,2600.0,2800.0,200.0,-100.0,8.0,5,22,2026,2650.0,129.09944487358064,2400.0
rice,Iringa,2026-06-01,2400.0,2700.0,2700.0,2500.0,2600.0,0.0,200.0,0.0,6,23,2026,2625.0,95.74271077563388,2400.0
rice,Iringa,2026-06-08,2400.0,2400.0,2700.0,2700.0,2500.0,-300.0,0.0,-11.11111111111111,6,24,2026,2575.0,150.00000000000006,2300.0
rice,Iringa,2026-06-15,2300.0,2400.0,2400.0,2700.0,2700.0,0.0,-300.0,0.0,6,25,2026,2550.0,173.20508075688778,2300.0
rice,Kagera,2024-12-30,2300.0,2200.0,2300.0,2300.0,2300.0,-100.0,0.0,-4.3478260869565215,12,1,2024,2275.0,50.0,2300.0
rice,Kagera,2025-01-06,2300.0,2300.0,2200.0,2300.0,2300.0,100.0,-100.0,4.545454545454546,1,2,2025,2275.0,50.0,1800.0
rice,Kagera,2025-01-13,1800.0,2300.0,2300.0,2200.0,2300.0,0.0,100.0,0.0,1,3,2025,2275.0,50.0,2300.0
rice,Kagera,2025-01-20,2300.0,1800.0,2300.0,2300.0,2200.0,-500.0,0.0,-21.73913043478261,1,4,2025,2150.0,238.04761428476164,2200.0
rice,Kagera,2025-01-27,2200.0,2300.0,1800.0,2300.0,2300.0,500.0,-500.0,27.77777777777778,1,5,2025,2175.0,249.99999999999994,2200.0
rice,Kagera,2025-02-03,2200.0,2200.0,2300.0,1800.0,2300.0,-100.0,500.0,-4.3478260869565215,2,6,2025,2150.0,238.04761428476164,2200.0
rice,Kagera,2025-02-10,2200.0,2200.0,2200.0,2300.0,1800.0,0.0,-100.0,0.0,2,7,2025,2125.0,221.73557826083447,1900.0
rice,Kagera,2025-02-24,,1900.0,2200.0,2200.0,2200.0,-300.0,0.0,-13.636363636363635,2,9,2025,2125.0,150.0,2200.0
rice,Kagera,2025-04-21,2300.0,2300.0,2300.0,2300.0,2300.0,0.0,0.0,0.0,4,17,2025,2300.0,0.0,2300.0
rice,Kagera,2025-04-28,2300.0,2300.0,2300.0,2300.0,2300.0,0.0,0.0,0.0,4,18,2025,2300.0,0.0,2300.0
rice,Kagera,2025-05-05,2300.0,2300.0,2300.0,2300.0,2300.0,0.0,0.0,0.0,5,19,2025,2300.0,0.0,2300.0
rice,Kagera,2025-05-12,2300.0,2300.0,2300.0,2300.0,2300.0,0.0,0.0,0.0,5,20,2025,2300.0,0.0,2300.0
rice,Kagera,2025-05-19,2300.0,2300.0,2300.0,2300.0,2300.0,0.0,0.0,0.0,5,21,2025,2300.0,0.0,2300.0
rice,Kagera,2025-05-26,2300.0,2300.0,2300.0,2300.0,2300.0,0.0,0.0,0.0,5,22,2025,2300.0,0.0,2200.0
rice,Kagera,2025-06-02,2200.0,2300.0,2300.0,2300.0,2300.0,0.0,0.0,0.0,6,23,2025,2300.0,0.0,2200.0
rice,Kagera,2025-06-09,2200.0,2200.0,2300.0,2300.0,2300.0,-100.0,0.0,-4.3478260869565215,6,24,2025,2275.0,50.0,2300.0
rice,Kagera,2025-06-16,2300.0,2200.0,2200.0,2300.0,2300.0,0.0,-100.0,0.0,6,25,2025,2250.0,57.73502691896255,2200.0
rice,Kagera,2025-06-30,,2200.0,2300.0,2200.0,2200.0,-100.0,100.0,-4.3478260869565215,6,27,2025,2225.0,50.0,2300.0
rice,Kagera,2025-09-15,2300.0,2300.0,2000.0,2300.0,2300.0,300.0,-300.0,15.0,9,38,2025,2225.0,150.0,2300.0
rice,Kagera,2025-09-22,2300.0,2300.0,2300.0,2000.0,2300.0,0.0,300.0,0.0,9,39,2025,2225.0,150.0,2300.0
rice,Kagera,2025-09-29,2300.0,2300.0,2300.0,2300.0,2000.0,0.0,0.0,0.0,9,40,2025,2225.0,150.0,2300.0
rice,Kagera,2025-10-06,2300.0,2300.0,2300.0,2300.0,2300.0,0.0,0.0,0.0,10,41,2025,2300.0,0.0,1900.0
rice,Kagera,2025-10-13,1900.0,2300.0,2300.0,2300.0,2300.0,0.0,0.0,0.0,10,42,2025,2300.0,0.0,2200.0
rice,Kagera,2025-10-27,,2200.0,1900.0,2300.0,2300.0,300.0,-400.0,15.789473684210526,10,44,2025,2175.0,189.29694486000912,2400.0
rice,Kagera,2025-12-01,2400.0,2400.0,2400.0,2400.0,2400.0,0.0,0.0,0.0,12,49,2025,2400.0,0.0,2300.0
rice,Kagera,2025-12-08,2300.0,2400.0,2400.0,2400.0,2400.0,0.0,0.0,0.0,12,50,2025,2400.0,0.0,2200.0
rice,Kagera,2025-12-22,,2200.0,2300.0,2400.0,2400.0,-100.0,-100.0,-4.3478260869565215,12,52,2025,2325.0,95.74271077563377,2400.0
rice,Kagera,2026-02-16,2400.0,2400.0,2400.0,2400.0,2400.0,0.0,0.0,0.0,2,8,2026,2400.0,0.0,1900.0
rice,Kagera,2026-02-23,1900.0,2400.0,2400.0,2400.0,2400.0,0.0,0.0,0.0,2,9,2026,2400.0,0.0,2500.0
rice,Kagera,2026-03-02,2500.0,1900.0,2400.0,2400.0,2400.0,-500.0,0.0,-20.833333333333336,3,10,2026,2275.0,250.0,2500.0
rice,Kagera,2026-03-09,2500.0,2500.0,1900.0,2400.0,2400.0,600.0,-500.0,31.57894736842105,3,11,2026,2300.0,270.801280154532,2500.0
rice,Kagera,2026-03-16,2500.0,2500.0,2500.0,1900.0,2400.0,0.0,600.0,0.0,3,12,2026,2325.0,287.22813232690146,2500.0
rice,Kagera,2026-03-23,2500.0,2500.0,2500.0,2500.0,1900.0,0.0,0.0,0.0,3,13,2026,2350.0,300.0,2500.0
rice,Kagera,2026-03-30,2500.0,2500.0,2500.0,2500.0,2500.0,0.0,0.0,0.0,3,14,2026,2500.0,0.0,2500.0
rice,Kagera,2026-04-06,2500.0,2500.0,2500.0,2500.0,2500.0,0.0,0.0,0.0,4,15,2026,2500.0,0.0,2600.0
rice,Kagera,2026-04-13,2600.0,2500.0,2500.0,2500.0,2500.0,0.0,0.0,0.0,4,16,2026,2500.0,0.0,2600.0
rice,Kagera,2026-04-20,2600.0,2600.0,2500.0,2500.0,2500.0,100.0,0.0,4.0,4,17,2026,2525.0,50.0,2700.0
rice,Kagera,2026-04-27,2700.0,2600.0,2600.0,2500.0,2500.0,0.0,100.0,0.0,4,18,2026,2550.0,57.73502691896255,2700.0
rice,Kagera,2026-05-04,2700.0,2700.0,2600.0,2600.0,2500.0,100.0,0.0,3.8461538461538463,5,19,2026,2600.0,81.64965809277263,2700.0
rice,Kagera,2026-05-11,2700.0,2700.0,2700.0,2600.0,2600.0,0.0,100.0,0.0,5,20,2026,2650.0,57.73502691896255,2700.0
rice,Kagera,2026-05-18,2700.0,2700.0,2700.0,2700.0,2600.0,0.0,0.0,0.0,5,21,2026,2675.0,50.0,2200.0
rice,Kagera,2026-05-25,2200.0,2700.0,2700.0,2700.0,2700.0,0.0,0.0,0.0,5,22,2026,2700.0,0.0,2200.0
rice,Kagera,2026-06-01,2200.0,2200.0,2700.0,2700.0,2700.0,-500.0,0.0,-18.51851851851852,6,23,2026,2575.0,250.0,2200.0
rice,Kagera,2026-06-08,2200.0,2200.0,2200.0,2700.0,2700.0,0.0,-500.0,0.0,6,24,2026,2450.0,288.6751345948129,2200.0
rice,Kagera,2026-06-15,2200.0,2200.0,2200.0,2200.0,2700.0,0.0,0.0,0.0,6,25,2026,2325.0,250.0,2200.0
rice,Katavi,2025-04-21,2200.0,2200.0,2100.0,2100.0,2000.0,100.0,0.0,4.761904761904762,4,17,2025,2100.0,81.64965809277265,2000.0
rice,Katavi,2025-04-28,2000.0,2200.0,2200.0,2100.0,2100.0,0.0,100.0,0.0,4,18,2025,2150.0,57.735026918962575,2000.0
rice,Katavi,2025-09-15,2200.0,2200.0,2100.0,2100.0,1900.0,100.0,0.0,4.761904761904762,9,38,2025,2075.0,125.83057392117918,2200.0
rice,Kigoma,2025-04-21,2300.0,2500.0,2400.0,2400.0,2400.0,100.0,0.0,4.166666666666666,4,17,2025,2425.0,50.0,2300.0
rice,Kigoma,2025-04-28,2300.0,2300.0,2500.0,2400.0,2400.0,-200.0,100.0,-8.0,4,18,2025,2400.0,81.64965809277263,2600.0
rice,Kigoma,2025-05-05,2600.0,2300.0,2300.0,2500.0,2400.0,0.0,-200.0,0.0,5,19,2025,2375.0,95.74271077563382,2600.0
rice,Kigoma,2025-09-22,2400.0,2300.0,2300.0,2200.0,2200.0,0.0,100.0,0.0,9,39,2025,2250.0,57.73502691896252,2400.0
rice,Kigoma,2025-09-29,2400.0,2400.0,2300.0,2300.0,2200.0,100.0,0.0,4.3478260869565215,9,40,2025,2300.0,81.64965809277261,2500.0
rice,Kigoma,2025-10-06,2500.0,2400.0,2400.0,2300.0,2300.0,0.0,100.0,0.0,10,41,2025,2350.0,57.73502691896252,2300.0
rice,Kigoma,2025-10-13,2300.0,2500.0,2400.0,2400.0,2300.0,100.0,0.0,4.166666666666666,10,42,2025,2400.0,81.64965809277261,2300.0
rice,Kigoma,2025-12-08,2400.0,2400.0,2400.0,2400.0,2500.0,0.0,0.0,0.0,12,50,2025,2425.0,50.000000000000036,2500.0
rice,Kigoma,2025-12-22,,2500.0,2400.0,2400.0,2400.0,100.0,0.0,4.166666666666666,12,52,2025,2425.0,50.0,2500.0
rice,Kigoma,2026-03-02,2600.0,2800.0,2800.0,2800.0,2800.0,0.0,0.0,0.0,3,10,2026,2800.0,0.0,2600.0
rice,Kigoma,2026-03-09,2600.0,2600.0,2800.0,2800.0,2800.0,-200.0,0.0,-7.142857142857142,3,11,2026,2750.0,100.0,2600.0
rice,Kigoma,2026-03-16,2600.0,2600.0,2600.0,2800.0,2800.0,0.0,-200.0,0.0,3,12,2026,2700.0,115.47005383792519,2600.0
rice,Kigoma,2026-03-23,2600.0,2600.0,2600.0,2600.0,2800.0,0.0,0.0,0.0,3,13,2026,2650.0,99.99999999999999,2700.0
rice,Kigoma,2026-03-30,2700.0,2600.0,2600.0,2600.0,2600.0,0.0,0.0,0.0,3,14,2026,2600.0,0.0,2700.0
rice,Kigoma,2026-04-06,2700.0,2700.0,2600.0,2600.0,2600.0,100.0,0.0,3.8461538461538463,4,15,2026,2625.0,50.0,2700.0
rice,Kigoma,2026-04-13,2700.0,2700.0,2700.0,2600.0,2600.0,0.0,100.0,0.0,4,16,2026,2650.0,57.73502691896255,2700.0
rice,Kigoma,2026-04-20,2700.0,2700.0,2700.0,2700.0,2600.0,0.0,0.0,0.0,4,17,2026,2675.0,50.0,2300.0
rice,Kigoma,2026-04-27,2300.0,2700.0,2700.0,2700.0,2700.0,0.0,0.0,0.0,4,18,2026,2700.0,0.0,2500.0
rice,Kigoma,2026-05-04,2500.0,2300.0,2700.0,2700.0,2700.0,-400.0,0.0,-14.814814814814813,5,19,2026,2600.0,200.0,2600.0
rice,Kigoma,2026-05-11,2600.0,2500.0,2300.0,2700.0,2700.0,200.0,-400.0,8.695652173913043,5,20,2026,2550.0,191.48542155126762,2100.0
rice,Kigoma,2026-05-18,2100.0,2600.0,2500.0,2300.0,2700.0,100.0,200.0,4.0,5,21,2026,2525.0,170.7825127659933,2000.0
rice,Lindi,2025-04-21,2800.0,2800.0,2900.0,2800.0,2800.0,-100.0,100.0,-3.4482758620689653,4,17,2025,2825.0,49.999999999999964,2700.0
rice,Lindi,2025-04-28,2700.0,2800.0,2800.0,2900.0,2800.0,0.0,-100.0,0.0,4,18,2025,2825.0,49.999999999999964,2900.0
rice,Lindi,2025-05-05,2900.0,2700.0,2800.0,2800.0,2900.0,-100.0,0.0,-3.571428571428571,5,19,2025,2800.0,81.64965809277261,2900.0
rice,Lindi,2025-05-12,2900.0,2900.0,2700.0,2800.0,2800.0,200.0,-100.0,7.4074074074074066,5,20,2025,2800.0,81.64965809277261,2900.0
rice,Lindi,2025-05-19,2900.0,2900.0,2900.0,2700.0,2800.0,0.0,200.0,0.0,5,21,2025,2825.0,95.74271077563381,2800.0
rice,Lindi,2025-05-26,2800.0,2900.0,2900.0,2900.0,2700.0,0.0,0.0,0.0,5,22,2025,2850.0,99.99999999999999,2200.0
rice,Lindi,2025-06-02,2200.0,2800.0,2900.0,2900.0,2900.0,-100.0,0.0,-3.4482758620689653,6,23,2025,2875.0,50.0,2400.0
rice,Lindi,2025-06-09,2400.0,2200.0,2800.0,2900.0,2900.0,-600.0,-100.0,-21.428571428571427,6,24,2025,2700.0,336.65016461206926,2500.0
rice,Lindi,2025-06-16,2500.0,2400.0,2200.0,2800.0,2900.0,200.0,-600.0,9.090909090909092,6,25,2025,2575.0,330.40379335998347,2700.0
rice,Lindi,2025-09-01,2500.0,2700.0,2600.0,2600.0,2700.0,100.0,0.0,3.8461538461538463,9,36,2025,2650.0,57.735026918962575,2700.0
rice,Lindi,2025-09-08,2700.0,2500.0,2700.0,2600.0,2600.0,-200.0,100.0,-7.4074074074074066,9,37,2025,2600.0,81.64965809277265,2700.0
rice,Lindi,2025-09-15,2700.0,2700.0,2500.0,2700.0,2600.0,200.0,-200.0,8.0,9,38,2025,2625.0,95.74271077563385,2700.0
rice,Lindi,2025-09-29,,2700.0,2700.0,2700.0,2500.0,0.0,0.0,0.0,9,40,2025,2650.0,100.00000000000001,2700.0
rice,Lindi,2025-12-01,3000.0,3000.0,3000.0,2900.0,2800.0,0.0,100.0,0.0,12,49,2025,2925.0,95.74271077563381,3000.0
rice,Lindi,2026-02-16,3000.0,3000.0,3000.0,3000.0,2800.0,0.0,0.0,0.0,2,8,2026,2950.0,99.99999999999996,3000.0
rice,Lindi,2026-02-23,3000.0,3000.0,3000.0,3000.0,3000.0,0.0,0.0,0.0,2,9,2026,3000.0,0.0,3000.0
rice,Lindi,2026-03-02,3000.0,3000.0,3000.0,3000.0,3000.0,0.0,0.0,0.0,3,10,2026,3000.0,0.0,3000.0
rice,Lindi,2026-03-16,,3000.0,3000.0,3000.0,3000.0,0.0,0.0,0.0,3,12,2026,3000.0,0.0,3100.0
rice,Lindi,2026-05-04,2700.0,3100.0,3100.0,3100.0,3100.0,0.0,0.0,0.0,5,19,2026,3100.0,0.0,2700.0
rice,Lindi,2026-05-11,2700.0,2700.0,3100.0,3100.0,3100.0,-400.0,0.0,-12.903225806451612,5,20,2026,3000.0,200.0,2700.0
rice,Lindi,2026-05-18,2700.0,2700.0,2700.0,3100.0,3100.0,0.0,-400.0,0.0,5,21,2026,2900.0,230.94010767585027,2600.0
rice,Lindi,2026-05-25,2600.0,2700.0,2700.0,2700.0,3100.0,0.0,0.0,0.0,5,22,2026,2800.0,199.99999999999997,2500.0
rice,Lindi,2026-06-01,2500.0,2600.0,2700.0,2700.0,2700.0,-100.0,0.0,-3.7037037037037033,6,23,2026,2675.0,50.0,2500.0
rice,Lindi,2026-06-15,,2500.0,2500.0,2600.0,2700.0,0.0,-100.0,0.0,6,25,2026,2575.0,95.74271077563377,2400.0
rice,Manyara,2026-03-30,2700.0,2800.0,2800.0,2700.0,3000.0,0.0,100.0,0.0,3,14,2026,2825.0,125.83057392117917,2800.0
rice,Manyara,2026-04-06,2800.0,2700.0,2800.0,2800.0,2700.0,-100.0,0.0,-3.571428571428571,4,15,2026,2750.0,57.735026918962504,2800.0
rice,Manyara,2026-04-13,2800.0,2800.0,2700.0,2800.0,2800.0,100.0,-100.0,3.7037037037037033,4,16,2026,2775.0,49.99999999999995,2700.0
rice,Manyara,2026-04-20,2700.0,2800.0,2800.0,2700.0,2800.0,0.0,100.0,0.0,4,17,2026,2775.0,49.99999999999995,2500.0
rice,Manyara,2026-04-27,2500.0,2700.0,2800.0,2800.0,2700.0,-100.0,0.0,-3.571428571428571,4,18,2026,2750.0,57.735026918962504,2500.0
rice,Manyara,2026-05-04,2500.0,2500.0,2700.0,2800.0,2800.0,-200.0,-100.0,-7.4074074074074066,5,19,2026,2700.0,141.42135623730945,2500.0
rice,Manyara,2026-05-11,2500.0,2500.0,2500.0,2700.0,2800.0,0.0,-200.0,0.0,5,20,2026,2625.0,149.99999999999991,2700.0
rice,Manyara,2026-05-18,2700.0,2500.0,2500.0,2500.0,2700.0,0.0,0.0,0.0,5,21,2026,2550.0,99.9999999999998,2600.0
rice,Manyara,2026-05-25,2600.0,2700.0,2500.0,2500.0,2500.0,200.0,0.0,8.0,5,22,2026,2550.0,100.0,2500.0
rice,Manyara,2026-06-01,2500.0,2600.0,2700.0,2500.0,2500.0,-100.0,200.0,-3.7037037037037033,6,23,2026,2575.0,95.74271077563382,2700.0
rice,Manyara,2026-06-08,2700.0,2500.0,2600.0,2700.0,2500.0,-100.0,-100.0,-3.8461538461538463,6,24,2026,2575.0,95.74271077563382,2600.0
rice,Manyara,2026-06-15,2600.0,2700.0,2500.0,2600.0,2700.0,200.0,-100.0,8.0,6,25,2026,2625.0,95.74271077563382,2500.0
rice,Mara,2024-12-30,1700.0,1700.0,1700.0,1600.0,1600.0,0.0,100.0,0.0,12,1,2024,1650.0,57.73502691896261,1700.0
rice,Mara,2025-01-06,1700.0,1700.0,1700.0,1700.0,1600.0,0.0,0.0,0.0,1,2,2025,1675.0,50.000000000000014,1700.0
rice,Mara,2025-05-26,2300.0,2300.0,2200.0,2200.0,2300.0,100.0,0.0,4.545454545454546,5,22,2025,2250.0,57.735026918962575,2000.0
rice,Mara,2025-06-02,2000.0,2300.0,2300.0,2200.0,2200.0,0.0,100.0,0.0,6,23,2025,2250.0,57.735026918962575,2000.0
rice,Mara,2025-06-09,2000.0,2000.0,2300.0,2300.0,2200.0,-300.0,0.0,-13.043478260869565,6,24,2025,2200.0,141.42135623730945,1900.0
rice,Mara,2025-08-11,,2100.0,2200.0,2100.0,2100.0,-100.0,100.0,-4.545454545454546,8,33,2025,2125.0,49.999999999999964,2200.0
rice,Mara,2025-12-08,,2500.0,2400.0,2400.0,2500.0,100.0,0.0,4.166666666666666,12,50,2025,2450.0,57.735026918962575,2700.0
rice,Mara,2026-02-16,2900.0,2900.0,2900.0,2900.0,2800.0,0.0,0.0,0.0,2,8,2026,2875.0,49.999999999999964,2900.0
rice,Mara,2026-03-02,,2900.0,2900.0,2900.0,2900.0,0.0,0.0,0.0,3,10,2026,2900.0,0.0,2700.0
rice,Mbeya,2024-12-30,2200.0,1700.0,2000.0,1400.0,1700.0,-300.0,600.0,-15.0,12,1,2024,1700.0,244.94897427831782,1800.0
rice,Morogoro,2024-12-30,1800.0,2100.0,1900.0,2100.0,2100.0,200.0,-200.0,10.526315789473683,12,1,2024,2050.0,99.99999999999997,1800.0
rice,Morogoro,2025-01-06,1800.0,1800.0,2100.0,1900.0,2100.0,-300.0,200.0,-14.285714285714285,1,2,2025,1975.0,149.99999999999997,2000.0
rice,Morogoro,2025-01-13,2000.0,1800.0,1800.0,2100.0,1900.0,0.0,-300.0,0.0,1,3,2025,1900.0,141.42135623730945,2200.0
rice,Morogoro,2025-01-20,2200.0,2000.0,1800.0,1800.0,2100.0,200.0,0.0,11.11111111111111,1,4,2025,1925.0,149.99999999999994,1900.0
rice,Morogoro,2025-01-27,1900.0,2200.0,2000.0,1800.0,1800.0,200.0,200.0,10.0,1,5,2025,1950.0,191.48542155126756,2000.0
rice,Morogoro,2025-02-03,2000.0,1900.0,2200.0,2000.0,1800.0,-300.0,200.0,-13.636363636363635,2,6,2025,1975.0,170.78251276599323,2000.0
rice,Morogoro,2025-02-10,2000.0,2000.0,1900.0,2200.0,2000.0,100.0,-300.0,5.263157894736842,2,7,2025,2025.0,125.8305739211791,2000.0
rice,Morogoro,2025-02-17,2000.0,2000.0,2000.0,1900.0,2200.0,0.0,100.0,0.0,2,8,2025,2025.0,125.8305739211791,2200.0
rice,Morogoro,2025-02-24,2200.0,2000.0,2000.0,2000.0,1900.0,0.0,0.0,0.0,2,9,2025,1975.0,49.999999999999865,2200.0
rice,Morogoro,2025-03-03,2200.0,2200.0,2000.0,2000.0,2000.0,200.0,0.0,10.0,3,10,2025,2050.0,100.0,2500.0
rice,Morogoro,2025-03-17,,2500.0,2200.0,2200.0,2000.0,300.0,0.0,13.636363636363635,3,12,2025,2225.0,206.155281280883,2300.0
rice,Morogoro,2025-04-21,2100.0,2300.0,2400.0,2700.0,2300.0,-100.0,-300.0,-4.166666666666666,4,17,2025,2425.0,189.29694486000903,2200.0
rice,Morogoro,2025-04-28,2200.0,2100.0,2300.0,2400.0,2700.0,-200.0,-100.0,-8.695652173913043,4,18,2025,2375.0,249.99999999999991,2200.0
rice,Morogoro,2025-05-05,2200.0,2200.0,2100.0,2300.0,2400.0,100.0,-200.0,4.761904761904762,5,19,2025,2250.0,129.09944487358035,2200.0
rice,Morogoro,2025-05-12,2200.0,2200.0,2200.0,2100.0,2300.0,0.0,100.0,0.0,5,20,2025,2200.0,81.64965809277227,2200.0
rice,Morogoro,2025-05-19,2200.0,2200.0,2200.0,2200.0,2100.0,0.0,0.0,0.0,5,21,2025,2175.0,49.99999999999943,2200.0
rice,Morogoro,2025-05-26,2200.0,2200.0,2200.0,2200.0,2200.0,0.0,0.0,0.0,5,22,2025,2200.0,0.0,2200.0
rice,Morogoro,2025-06-02,2200.0,2200.0,2200.0,2200.0,2200.0,0.0,0.0,0.0,6,23,2025,2200.0,0.0,2200.0
rice,Morogoro,2025-06-09,2200.0,2200.0,2200.0,2200.0,2200.0,0.0,0.0,0.0,6,24,2025,2200.0,0.0,2200.0
rice,Morogoro,2025-06-16,2200.0,2200.0,2200.0,2200.0,2200.0,0.0,0.0,0.0,6,25,2025,2200.0,0.0,2200.0
rice,Morogoro,2025-06-30,,2200.0,2200.0,2200.0,2200.0,0.0,0.0,0.0,6,27,2025,2200.0,0.0,2100.0
rice,Morogoro,2025-09-01,2000.0,2000.0,2000.0,2000.0,2100.0,0.0,0.0,0.0,9,36,2025,2025.0,49.99999999999991,2200.0
rice,Morogoro,2025-10-27,,2000.0,2100.0,2000.0,2000.0,-100.0,100.0,-4.761904761904762,10,44,2025,2025.0,50.00000000000002,2000.0
rice,Morogoro,2025-12-01,2200.0,2000.0,2000.0,1900.0,2000.0,0.0,100.0,0.0,12,49,2025,1975.0,50.000000000000014,2300.0
rice,Morogoro,2025-12-08,2300.0,2200.0,2000.0,2000.0,1900.0,200.0,0.0,10.0,12,50,2025,2025.0,125.83057392117915,2400.0
rice,Morogoro,2025-12-22,,2400.0,2300.0,2200.0,2000.0,100.0,100.0,4.3478260869565215,12,52,2025,2225.0,170.78251276599337,2700.0
rice,Morogoro,2026-02-16,2800.0,2800.0,2900.0,2700.0,2900.0,-100.0,200.0,-3.4482758620689653,2,8,2026,2825.0,95.74271077563387,2700.0
rice,Morogoro,2026-02-23,2700.0,2800.0,2800.0,2900.0,2700.0,0.0,-100.0,0.0,2,9,2026,2800.0,81.64965809277265,3000.0
rice,Morogoro,2026-03-02,3000.0,2700.0,2800.0,2800.0,2900.0,-100.0,0.0,-3.571428571428571,3,10,2026,2800.0,81.64965809277265,2800.0
rice,Morogoro,2026-03-09,2800.0,3000.0,2700.0,2800.0,2800.0,300.0,-100.0,11.11111111111111,3,11,2026,2825.0,125.83057392117921,3000.0
rice,Morogoro,2026-03-16,3000.0,2800.0,3000.0,2700.0,2800.0,-200.0,300.0,-6.666666666666667,3,12,2026,2825.0,125.83057392117921,3000.0
rice,Morogoro,2026-03-23,3000.0,3000.0,2800.0,3000.0,2700.0,200.0,-200.0,7.142857142857142,3,13,2026,2875.0,150.0,2900.0
rice,Morogoro,2026-04-06,,2900.0,3000.0,3000.0,2800.0,-100.0,0.0,-3.3333333333333335,4,15,2026,2925.0,95.7427107756338,3000.0
rice,Morogoro,2026-06-08,2600.0,2600.0,2600.0,2700.0,2900.0,0.0,-100.0,0.0,6,24,2026,2700.0,141.42135623730948,2000.0
rice,Morogoro,2026-06-15,2000.0,2600.0,2600.0,2600.0,2700.0,0.0,0.0,0.0,6,25,2026,2625.0,50.00000000000008,2000.0
rice,Mtwara,2026-02-16,2900.0,2900.0,2800.0,2800.0,2800.0,100.0,0.0,3.571428571428571,2,8,2026,2825.0,50.0,2900.0
rice,Mtwara,2026-02-23,2900.0,2900.0,2900.0,2800.0,2800.0,0.0,100.0,0.0,2,9,2026,2850.0,57.73502691896255,2900.0
rice,Mtwara,2026-03-02,2900.0,2900.0,2900.0,2900.0,2800.0,0.0,0.0,0.0,3,10,2026,2875.0,50.0,2900.0
rice,Mtwara,2026-05-11,2800.0,2800.0,2800.0,2900.0,2900.0,0.0,-100.0,0.0,5,20,2026,2850.0,57.73502691896252,2800.0
rice,Mtwara,2026-05-18,2800.0,2800.0,2800.0,2800.0,2900.0,0.0,0.0,0.0,5,21,2026,2825.0,49.999999999999964,2200.0
rice,Mtwara,2026-05-25,2200.0,2800.0,2800.0,2800.0,2800.0,0.0,0.0,0.0,5,22,2026,2800.0,0.0,2600.0
rice,Mtwara,2026-06-08,,2600.0,2200.0,2800.0,2800.0,400.0,-600.0,18.181818181818183,6,24,2026,2600.0,282.842712474619,2600.0
rice,Mwanza,2024-12-30,,2200.0,2200.0,2100.0,2100.0,0.0,100.0,0.0,12,1,2024,2150.0,57.73502691896252,2200.0
rice,Mwanza,2025-02-03,,2000.0,1900.0,2000.0,2200.0,100.0,-100.0,5.263157894736842,2,6,2025,2025.0,125.8305739211792,1800.0
rice,Mwanza,2025-04-21,2600.0,2500.0,2400.0,2400.0,2300.0,100.0,0.0,4.166666666666666,4,17,2025,2400.0,81.64965809277261,2500.0
rice,Mwanza,2025-04-28,2500.0,2600.0,2500.0,2400.0,2400.0,100.0,100.0,4.0,4,18,2025,2475.0,95.74271077563375,2600.0
rice,Mwanza,2025-05-05,2600.0,2500.0,2600.0,2500.0,2400.0,-100.0,100.0,-3.8461538461538463,5,19,2025,2500.0,81.64965809277253,2500.0
rice,Mwanza,2025-05-12,2500.0,2600.0,2500.0,2600.0,2500.0,100.0,-100.0,4.0,5,20,2025,2550.0,57.73502691896241,2500.0
rice,Mwanza,2025-05-19,2500.0,2500.0,2600.0,2500.0,2600.0,-100.0,100.0,-3.8461538461538463,5,21,2025,2550.0,57.73502691896241,2500.0
rice,Mwanza,2025-05-26,2500.0,2500.0,2500.0,2600.0,2500.0,0.0,-100.0,0.0,5,22,2025,2525.0,49.999999999999844,2600.0
rice,Mwanza,2025-06-02,2600.0,2500.0,2500.0,2500.0,2600.0,0.0,0.0,0.0,6,23,2025,2525.0,49.999999999999844,2500.0
rice,Mwanza,2025-06-09,2500.0,2600.0,2500.0,2500.0,2500.0,100.0,0.0,4.0,6,24,2025,2525.0,50.0,2200.0
rice,Mwanza,2025-06-16,2200.0,2500.0,2600.0,2500.0,2500.0,-100.0,100.0,-3.8461538461538463,6,25,2025,2525.0,50.0,2200.0
rice,Mwanza,2025-06-30,,2200.0,2200.0,2500.0,2600.0,0.0,-300.0,0.0,6,27,2025,2375.0,206.1552812808831,2200.0
rice,Mwanza,2025-09-08,2600.0,2400.0,2400.0,2400.0,2400.0,0.0,0.0,0.0,9,37,2025,2400.0,0.0,2600.0
rice,Mwanza,2025-09-15,2600.0,2600.0,2400.0,2400.0,2400.0,200.0,0.0,8.333333333333332,9,38,2025,2450.0,100.0,2400.0
rice,Mwanza,2025-09-22,2400.0,2600.0,2600.0,2400.0,2400.0,0.0,200.0,0.0,9,39,2025,2500.0,115.47005383792519,2300.0
rice,Mwanza,2025-09-29,2300.0,2400.0,2600.0,2600.0,2400.0,-200.0,0.0,-7.6923076923076925,9,40,2025,2500.0,115.47005383792519,2400.0
rice,Mwanza,2025-10-13,,2400.0,2300.0,2400.0,2600.0,100.0,-100.0,4.3478260869565215,10,42,2025,2425.0,125.83057392117922,2500.0
rice,Mwanza,2026-02-16,2900.0,2900.0,2900.0,2600.0,3000.0,0.0,300.0,0.0,2,8,2026,2850.0,173.20508075688778,3000.0
rice,Mwanza,2026-02-23,3000.0,2900.0,2900.0,2900.0,2600.0,0.0,0.0,0.0,2,9,2026,2825.0,150.00000000000006,3000.0
rice,Mwanza,2026-03-02,3000.0,3000.0,2900.0,2900.0,2900.0,100.0,0.0,3.4482758620689653,3,10,2026,2925.0,50.0,2900.0
rice,Mwanza,2026-03-09,2900.0,3000.0,3000.0,2900.0,2900.0,0.0,100.0,0.0,3,11,2026,2950.0,57.73502691896255,2900.0
rice,Mwanza,2026-03-16,2900.0,2900.0,3000.0,3000.0,2900.0,-100.0,0.0,-3.3333333333333335,3,12,2026,2950.0,57.73502691896255,3000.0
rice,Mwanza,2026-03-23,3000.0,2900.0,2900.0,3000.0,3000.0,0.0,-100.0,0.0,3,13,2026,2950.0,57.73502691896255,2700.0
rice,Mwanza,2026-03-30,2700.0,3000.0,2900.0,2900.0,3000.0,100.0,0.0,3.4482758620689653,3,14,2026,2950.0,57.73502691896255,2600.0
rice,Mwanza,2026-04-06,2600.0,2700.0,3000.0,2900.0,2900.0,-300.0,100.0,-10.0,4,15,2026,2875.0,125.8305739211792,2500.0
rice,Mwanza,2026-04-13,2500.0,2600.0,2700.0,3000.0,2900.0,-100.0,-300.0,-3.7037037037037033,4,16,2026,2800.0,182.57418583505535,2600.0
rice,Mwanza,2026-04-20,2600.0,2500.0,2600.0,2700.0,3000.0,-100.0,-100.0,-3.8461538461538463,4,17,2026,2700.0,216.02468994692865,2400.0
rice,Mwanza,2026-04-27,2400.0,2600.0,2500.0,2600.0,2700.0,100.0,-100.0,4.0,4,18,2026,2600.0,81.64965809277248,2400.0
rice,Njombe,2024-12-30,2000.0,2200.0,2200.0,2100.0,2000.0,0.0,100.0,0.0,12,1,2024,2125.0,95.74271077563381,2100.0
rice,Njombe,2025-01-06,2100.0,2000.0,2200.0,2200.0,2100.0,-200.0,0.0,-9.090909090909092,1,2,2025,2125.0,95.74271077563381,2100.0
rice,Njombe,2025-01-13,2100.0,2100.0,2000.0,2200.0,2200.0,100.0,-200.0,5.0,1,3,2025,2125.0,95.74271077563381,1600.0
rice,Njombe,2025-01-20,1600.0,2100.0,2100.0,2000.0,2200.0,0.0,100.0,0.0,1,4,2025,2100.0,81.64965809277261,2000.0
rice,Njombe,2025-01-27,2000.0,1600.0,2100.0,2100.0,2000.0,-500.0,0.0,-23.809523809523807,1,5,2025,1950.0,238.04761428476164,2100.0
rice,Njombe,2025-02-03,2100.0,2000.0,1600.0,2100.0,2100.0,400.0,-500.0,25.0,2,6,2025,1950.0,238.04761428476164,2100.0
rice,Njombe,2025-02-10,2100.0,2100.0,2000.0,1600.0,2100.0,100.0,400.0,5.0,2,7,2025,1950.0,238.04761428476164,2100.0
rice,Njombe,2025-02-24,,2100.0,2100.0,2100.0,2000.0,0.0,0.0,0.0,2,9,2025,2075.0,49.99999999999998,2100.0
rice,Njombe,2025-04-28,2300.0,2300.0,2400.0,2400.0,2200.0,-100.0,0.0,-4.166666666666666,4,18,2025,2325.0,95.74271077563378,2300.0
rice,Njombe,2025-05-05,2300.0,2300.0,2300.0,2400.0,2400.0,0.0,-100.0,0.0,5,19,2025,2350.0,57.73502691896257,2200.0
rice,Njombe,2025-05-12,2200.0,2300.0,2300.0,2300.0,2400.0,0.0,0.0,0.0,5,20,2025,2325.0,50.00000000000002,2400.0
rice,Njombe,2025-05-19,2400.0,2200.0,2300.0,2300.0,2300.0,-100.0,0.0,-4.3478260869565215,5,21,2025,2275.0,50.0,2200.0
rice,Njombe,2025-05-26,2200.0,2400.0,2200.0,2300.0,2300.0,200.0,-100.0,9.090909090909092,5,22,2025,2300.0,81.64965809277263,2300.0
rice,Njombe,2025-06-02,2300.0,2200.0,2400.0,2200.0,2300.0,-200.0,200.0,-8.333333333333332,6,23,2025,2275.0,95.74271077563382,2300.0
rice,Njombe,2025-06-09,2300.0,2300.0,2200.0,2400.0,2200.0,100.0,-200.0,4.545454545454546,6,24,2025,2275.0,95.74271077563382,2200.0
rice,Njombe,2025-06-16,2200.0,2300.0,2300.0,2200.0,2400.0,0.0,100.0,0.0,6,25,2025,2300.0,81.64965809277263,2300.0
rice,Njombe,2025-08-18,2200.0,2200.0,2400.0,2300.0,2400.0,-200.0,100.0,-8.333333333333332,8,34,2025,2325.0,95.74271077563378,2000.0
rice,Njombe,2025-08-25,2000.0,2200.0,2200.0,2400.0,2300.0,0.0,-200.0,0.0,8,35,2025,2275.0,95.74271077563378,2300.0
rice,Njombe,2025-09-08,,2300.0,2000.0,2200.0,2200.0,300.0,-200.0,15.0,9,37,2025,2175.0,125.83057392117912,2200.0
rice,Njombe,2025-10-13,,2300.0,2200.0,2600.0,2200.0,100.0,-400.0,4.545454545454546,10,42,2025,2325.0,189.2969448600092,2400.0
rice,Njombe,2025-12-08,2800.0,2700.0,2200.0,2600.0,2500.0,500.0,-400.0,22.727272727272727,12,50,2025,2500.0,216.02468994692867,2600.0
rice,Njombe,2026-02-16,2800.0,2800.0,2700.0,3100.0,2700.0,100.0,-400.0,3.7037037037037033,2,8,2026,2825.0,189.2969448600092,2900.0
rice,Njombe,2026-02-23,2900.0,2800.0,2800.0,2700.0,3100.0,0.0,100.0,0.0,2,9,2026,2850.0,173.20508075688784,2900.0
rice,Njombe,2026-03-02,2900.0,2900.0,2800.0,2800.0,2700.0,100.0,0.0,3.571428571428571,3,10,2026,2800.0,81.6496580927728,2800.0
rice,Njombe,2026-03-09,2800.0,2900.0,2900.0,2800.0,2800.0,0.0,100.0,0.0,3,11,2026,2850.0,57.73502691896279,2700.0
rice,Njombe,2026-03-16,2700.0,2800.0,2900.0,2900.0,2800.0,-100.0,0.0,-3.4482758620689653,3,12,2026,2850.0,57.73502691896279,2900.0
rice,Njombe,2026-03-23,2900.0,2700.0,2800.0,2900.0,2900.0,-100.0,-100.0,-3.571428571428571,3,13,2026,2825.0,95.74271077563392,2900.0
rice,Njombe,2026-03-30,2900.0,2900.0,2700.0,2800.0,2900.0,200.0,-100.0,7.4074074074074066,3,14,2026,2825.0,95.74271077563392,2800.0
rice,Njombe,2026-04-06,2800.0,2900.0,2900.0,2700.0,2800.0,0.0,200.0,0.0,4,15,2026,2825.0,95.74271077563392,2800.0
rice,Njombe,2026-04-13,2800.0,2800.0,2900.0,2900.0,2700.0,-100.0,0.0,-3.4482758620689653,4,16,2026,2825.0,95.74271077563392,2900.0
rice,Njombe,2026-04-20,2900.0,2800.0,2800.0,2900.0,2900.0,0.0,-100.0,0.0,4,17,2026,2850.0,57.73502691896279,2900.0
rice,Njombe,2026-04-27,2900.0,2900.0,2800.0,2800.0,2900.0,100.0,0.0,3.571428571428571,4,18,2026,2850.0,57.73502691896279,2900.0
rice,Njombe,2026-05-11,,2900.0,2900.0,2900.0,2800.0,0.0,0.0,0.0,5,20,2026,2875.0,50.00000000000028,2600.0
rice,Njombe,2026-06-15,2500.0,2500.0,2500.0,2600.0,2600.0,0.0,-100.0,0.0,6,25,2026,2550.0,57.73502691896252,2400.0
rice,Pwani,2025-04-21,,2700.0,2600.0,2600.0,2300.0,100.0,0.0,3.8461538461538463,4,17,2025,2550.0,173.20508075688772,2500.0
rice,Pwani,2025-05-26,2500.0,2300.0,2300.0,2400.0,2500.0,0.0,-100.0,0.0,5,22,2025,2375.0,95.74271077563385,2400.0
rice,Pwani,2025-06-02,2400.0,2500.0,2300.0,2300.0,2400.0,200.0,0.0,8.695652173913043,6,23,2025,2375.0,95.74271077563385,2400.0
rice,Pwani,2025-06-09,2400.0,2400.0,2500.0,2300.0,2300.0,-100.0,200.0,-4.0,6,24,2025,2375.0,95.74271077563385,2600.0
rice,Pwani,2025-06-16,2600.0,2400.0,2400.0,2500.0,2300.0,0.0,-100.0,0.0,6,25,2025,2400.0,81.64965809277265,2600.0
rice,Pwani,2025-08-11,,2400.0,2400.0,2400.0,2400.0,0.0,0.0,0.0,8,33,2025,2400.0,0.0,2400.0
rice,Pwani,2025-09-15,2400.0,2400.0,2400.0,2500.0,2400.0,0.0,-100.0,0.0,9,38,2025,2425.0,49.999999999999964,2400.0
rice,Pwani,2025-09-22,2400.0,2400.0,2400.0,2400.0,2500.0,0.0,0.0,0.0,9,39,2025,2425.0,49.999999999999964,2400.0
rice,Pwani,2025-09-29,2400.0,2400.0,2400.0,2400.0,2400.0,0.0,0.0,0.0,9,40,2025,2400.0,0.0,2500.0
rice,Pwani,2025-10-13,,2500.0,2400.0,2400.0,2400.0,100.0,0.0,4.166666666666666,10,42,2025,2425.0,50.0,2400.0
rice,Pwani,2026-02-23,,2700.0,2800.0,2800.0,2800.0,-100.0,0.0,-3.571428571428571,2,9,2026,2775.0,50.0,2800.0
rice,Rukwa,2024-12-30,2100.0,2100.0,2100.0,2000.0,2000.0,0.0,100.0,0.0,12,1,2024,2050.0,57.73502691896261,2100.0
rice,Rukwa,2025-01-06,2100.0,2100.0,2100.0,2100.0,2000.0,0.0,0.0,0.0,1,2,2025,2075.0,50.00000000000007,2100.0
rice,Rukwa,2025-01-13,2100.0,2100.0,2100.0,2100.0,2100.0,0.0,0.0,0.0,1,3,2025,2100.0,0.0,2100.0
rice,Rukwa,2025-01-27,,2100.0,2100.0,2100.0,2100.0,0.0,0.0,0.0,1,5,2025,2100.0,0.0,2100.0
rice,Rukwa,2025-03-03,2200.0,2200.0,2200.0,2200.0,2100.0,0.0,0.0,0.0,3,10,2025,2175.0,49.999999999999964,2400.0
rice,Rukwa,2025-03-17,,2400.0,2200.0,2200.0,2200.0,200.0,0.0,9.090909090909092,3,12,2025,2250.0,100.0,2300.0
rice,Rukwa,2025-04-21,2100.0,2300.0,2300.0,2400.0,2300.0,0.0,-100.0,0.0,4,17,2025,2325.0,50.00000000000011,2100.0
rice,Rukwa,2025-04-28,2100.0,2100.0,2300.0,2300.0,2400.0,-200.0,0.0,-8.695652173913043,4,18,2025,2275.0,125.83057392117922,2100.0
rice,Rukwa,2025-05-05,2100.0,2100.0,2100.0,2300.0,2300.0,0.0,-200.0,0.0,5,19,2025,2200.0,115.47005383792528,2200.0
rice,Rukwa,2025-05-12,2200.0,2100.0,2100.0,2100.0,2300.0,0.0,0.0,0.0,5,20,2025,2150.0,100.0000000000001,2100.0
rice,Rukwa,2025-05-19,2100.0,2200.0,2100.0,2100.0,2100.0,100.0,0.0,4.761904761904762,5,21,2025,2125.0,50.0,2100.0
rice,Rukwa,2025-05-26,2100.0,2100.0,2200.0,2100.0,2100.0,-100.0,100.0,-4.545454545454546,5,22,2025,2125.0,50.0,2200.0
rice,Rukwa,2025-06-02,2200.0,2100.0,2100.0,2200.0,2100.0,0.0,-100.0,0.0,6,23,2025,2125.0,50.0,2200.0
rice,Rukwa,2025-06-09,2200.0,2200.0,2100.0,2100.0,2200.0,100.0,0.0,4.761904761904762,6,24,2025,2150.0,57.73502691896255,2200.0
rice,Rukwa,2025-06-16,2200.0,2200.0,2200.0,2100.0,2100.0,0.0,100.0,0.0,6,25,2025,2150.0,57.73502691896255,2200.0
rice,Rukwa,2025-06-30,,2200.0,2200.0,2200.0,2200.0,0.0,0.0,0.0,6,27,2025,2200.0,0.0,2200.0
rice,Rukwa,2025-09-15,2200.0,2200.0,2200.0,2200.0,2100.0,0.0,0.0,0.0,9,38,2025,2175.0,49.999999999999964,2300.0
rice,Rukwa,2025-09-22,2300.0,2200.0,2200.0,2200.0,2200.0,0.0,0.0,0.0,9,39,2025,2200.0,0.0,2200.0
rice,Rukwa,2025-09-29,2200.0,2300.0,2200.0,2200.0,2200.0,100.0,0.0,4.545454545454546,9,40,2025,2225.0,50.0,2300.0
rice,Rukwa,2025-10-06,2300.0,2200.0,2300.0,2200.0,2200.0,-100.0,100.0,-4.3478260869565215,10,41,2025,2225.0,50.0,2200.0
rice,Rukwa,2025-10-13,2200.0,2300.0,2200.0,2300.0,2200.0,100.0,-100.0,4.545454545454546,10,42,2025,2250.0,57.73502691896255,2200.0
rice,Rukwa,2025-10-27,,2200.0,2200.0,2300.0,2200.0,0.0,-100.0,0.0,10,44,2025,2225.0,50.0,2400.0
rice,Rukwa,2025-12-01,2300.0,2300.0,2300.0,2300.0,2400.0,0.0,0.0,0.0,12,49,2025,2325.0,50.000000000000185,2300.0
rice,Rukwa,2025-12-08,2300.0,2300.0,2300.0,2300.0,2300.0,0.0,0.0,0.0,12,50,2025,2300.0,0.0,2300.0
rice,Rukwa,2025-12-22,,2300.0,2300.0,2300.0,2300.0,0.0,0.0,0.0,12,52,2025,2300.0,0.0,2500.0
rice,Rukwa,2026-02-16,2600.0,2600.0,2600.0,2600.0,2500.0,0.0,0.0,0.0,2,8,2026,2575.0,49.999999999999964,2600.0
rice,Rukwa,2026-02-23,2600.0,2600.0,2600.0,2600.0,2600.0,0.0,0.0,0.0,2,9,2026,2600.0,0.0,2700.0
rice,Rukwa,2026-03-02,2700.0,2600.0,2600.0,2600.0,2600.0,0.0,0.0,0.0,3,10,2026,2600.0,0.0,2700.0
rice,Rukwa,2026-03-16,,2700.0,2700.0,2600.0,2600.0,0.0,100.0,0.0,3,12,2026,2650.0,57.73502691896255,2600.0
rice,Rukwa,2026-04-20,2600.0,2600.0,2600.0,2600.0,2600.0,0.0,0.0,0.0,4,17,2026,2600.0,0.0,2500.0
rice,Rukwa,2026-04-27,2500.0,2600.0,2600.0,2600.0,2600.0,0.0,0.0,0.0,4,18,2026,2600.0,0.0,2400.0
rice,Rukwa,2026-05-04,2400.0,2500.0,2600.0,2600.0,2600.0,-100.0,0.0,-3.8461538461538463,5,19,2026,2575.0,50.0,2300.0
rice,Rukwa,2026-05-11,2300.0,2400.0,2500.0,2600.0,2600.0,-100.0,-100.0,-4.0,5,20,2026,2525.0,95.74271077563377,2100.0
rice,Rukwa,2026-05-18,2100.0,2300.0,2400.0,2500.0,2600.0,-100.0,-100.0,-4.166666666666666,5,21,2026,2450.0,129.09944487358055,2100.0
rice,Rukwa,2026-05-25,2100.0,2100.0,2300.0,2400.0,2500.0,-200.0,-100.0,-8.695652173913043,5,22,2026,2325.0,170.7825127659933,1800.0
rice,Rukwa,2026-06-01,1800.0,2100.0,2100.0,2300.0,2400.0,0.0,-200.0,0.0,6,23,2026,2225.0,149.99999999999991,1900.0
rice,Rukwa,2026-06-15,,1900.0,1800.0,2100.0,2100.0,100.0,-300.0,5.555555555555555,6,25,2026,1975.0,149.99999999999983,2100.0
rice,Ruvuma,2025-02-03,,2000.0,2000.0,2000.0,2000.0,0.0,0.0,0.0,2,6,2025,2000.0,0.0,2300.0
rice,Ruvuma,2025-05-05,2500.0,2400.0,2400.0,2400.0,2400.0,0.0,0.0,0.0,5,19,2025,2400.0,0.0,2600.0
rice,Ruvuma,2025-05-12,2600.0,2500.0,2400.0,2400.0,2400.0,100.0,0.0,4.166666666666666,5,20,2025,2425.0,50.0,2400.0
rice,Ruvuma,2025-05-19,2400.0,2600.0,2500.0,2400.0,2400.0,100.0,100.0,4.0,5,21,2025,2475.0,95.74271077563377,2300.0
rice,Ruvuma,2025-05-26,2300.0,2400.0,2600.0,2500.0,2400.0,-200.0,100.0,-7.6923076923076925,5,22,2025,2475.0,95.74271077563377,2200.0
rice,Ruvuma,2025-06-02,2200.0,2300.0,2400.0,2600.0,2500.0,-100.0,-200.0,-4.166666666666666,6,23,2025,2450.0,129.09944487358055,2200.0
rice,Ruvuma,2025-06-09,2200.0,2200.0,2300.0,2400.0,2600.0,-100.0,-100.0,-4.3478260869565215,6,24,2025,2375.0,170.78251276599332,2300.0
rice,Ruvuma,2025-06-16,2300.0,2200.0,2200.0,2300.0,2400.0,0.0,-100.0,0.0,6,25,2025,2275.0,95.74271077563381,2200.0
rice,Ruvuma,2025-06-30,,2200.0,2300.0,2200.0,2200.0,-100.0,100.0,-4.3478260869565215,6,27,2025,2225.0,50.00000000000007,2200.0
rice,Ruvuma,2025-09-29,,2200.0,2200.0,2200.0,2200.0,0.0,0.0,0.0,9,40,2025,2200.0,0.0,2200.0
rice,Ruvuma,2025-12-01,2800.0,2300.0,2500.0,2200.0,2300.0,-200.0,300.0,-8.0,12,49,2025,2325.0,125.83057392117908,2900.0
rice,Ruvuma,2025-12-08,2900.0,2800.0,2300.0,2500.0,2200.0,500.0,-200.0,21.73913043478261,12,50,2025,2450.0,264.57513110645897,2500.0
rice,Ruvuma,2025-12-22,,2500.0,2900.0,2800.0,2300.0,-400.0,100.0,-13.793103448275861,12,52,2025,2625.0,275.378527364305,2400.0
rice,Ruvuma,2026-02-23,2700.0,2600.0,3000.0,3200.0,2800.0,-400.0,-200.0,-13.333333333333334,2,9,2026,2900.0,258.19888974716116,2700.0
rice,Ruvuma,2026-03-02,2700.0,2700.0,2600.0,3000.0,3200.0,100.0,-400.0,3.8461538461538463,3,10,2026,2875.0,275.3785273643051,2600.0
rice,Ruvuma,2026-03-09,2600.0,2700.0,2700.0,2600.0,3000.0,0.0,100.0,0.0,3,11,2026,2750.0,173.2050807568877,2600.0
rice,Ruvuma,2026-03-16,2600.0,2600.0,2700.0,2700.0,2600.0,-100.0,0.0,-3.7037037037037033,3,12,2026,2650.0,57.73502691896231,2300.0
rice,Ruvuma,2026-03-23,2300.0,2600.0,2600.0,2700.0,2700.0,0.0,-100.0,0.0,3,13,2026,2650.0,57.73502691896231,2400.0
rice,Ruvuma,2026-03-30,2400.0,2300.0,2600.0,2600.0,2700.0,-300.0,0.0,-11.538461538461538,3,14,2026,2550.0,173.2050807568877,2400.0
rice,Ruvuma,2026-04-06,2400.0,2400.0,2300.0,2600.0,2600.0,100.0,-300.0,4.3478260869565215,4,15,2026,2475.0,149.99999999999994,2400.0
rice,Ruvuma,2026-04-13,2400.0,2400.0,2400.0,2300.0,2600.0,0.0,100.0,0.0,4,16,2026,2425.0,125.83057392117914,2500.0
rice,Ruvuma,2026-04-20,2500.0,2400.0,2400.0,2400.0,2300.0,0.0,0.0,0.0,4,17,2026,2375.0,49.99999999999986,2500.0
rice,Ruvuma,2026-04-27,2500.0,2500.0,2400.0,2400.0,2400.0,100.0,0.0,4.166666666666666,4,18,2026,2425.0,50.0,2500.0
rice,Ruvuma,2026-05-04,2500.0,2500.0,2500.0,2400.0,2400.0,0.0,100.0,0.0,5,19,2026,2450.0,57.73502691896255,2400.0
rice,Ruvuma,2026-05-11,2400.0,2500.0,2500.0,2500.0,2400.0,0.0,0.0,0.0,5,20,2026,2475.0,50.0,2600.0
rice,Shinyanga,2025-02-03,1800.0,1700.0,1600.0,1600.0,1600.0,100.0,0.0,6.25,2,6,2025,1625.0,50.0,1800.0
rice,Shinyanga,2025-02-10,1800.0,1800.0,1700.0,1600.0,1600.0,100.0,100.0,5.88235294117647,2,7,2025,1675.0,95.74271077563382,1800.0
rice,Shinyanga,2025-02-24,,1800.0,1800.0,1800.0,1700.0,0.0,0.0,0.0,2,9,2025,1775.0,49.99999999999999,2000.0
rice,Shinyanga,2025-04-21,2100.0,2000.0,2000.0,2400.0,1600.0,0.0,-400.0,0.0,4,17,2025,2000.0,326.5986323710904,2000.0
rice,Shinyanga,2025-04-28,2000.0,2100.0,2000.0,2000.0,2400.0,100.0,0.0,5.0,4,18,2025,2125.0,189.296944860009,2100.0
rice,Shinyanga,2025-05-05,2100.0,2000.0,2100.0,2000.0,2000.0,-100.0,100.0,-4.761904761904762,5,19,2025,2025.0,49.999999999999524,2000.0
rice,Shinyanga,2025-05-12,2000.0,2100.0,2000.0,2100.0,2000.0,100.0,-100.0,5.0,5,20,2025,2050.0,57.735026918962184,2100.0
rice,Shinyanga,2025-05-19,2100.0,2000.0,2100.0,2000.0,2100.0,-100.0,100.0,-4.761904761904762,5,21,2025,2050.0,57.735026918962184,2000.0
rice,Shinyanga,2025-05-26,2000.0,2100.0,2000.0,2100.0,2000.0,100.0,-100.0,5.0,5,22,2025,2050.0,57.735026918962184,1900.0
rice,Shinyanga,2025-06-02,1900.0,2000.0,2100.0,2000.0,2100.0,-100.0,100.0,-4.761904761904762,6,23,2025,2050.0,57.735026918962184,2000.0
rice,Shinyanga,2025-06-09,2000.0,1900.0,2000.0,2100.0,2000.0,-100.0,-100.0,-5.0,6,24,2025,2000.0,81.6496580927723,2000.0
rice,Shinyanga,2025-06-16,2000.0,2000.0,1900.0,2000.0,2100.0,100.0,-100.0,5.263157894736842,6,25,2025,2000.0,81.6496580927723,2000.0
rice,Shinyanga,2025-06-30,,2000.0,2000.0,2000.0,1900.0,0.0,0.0,0.0,6,27,2025,1975.0,49.999999999999524,2000.0
rice,Shinyanga,2025-08-04,2000.0,2000.0,2000.0,2000.0,2000.0,0.0,0.0,0.0,8,32,2025,2000.0,0.0,1600.0
rice,Shinyanga,2025-08-11,1600.0,2000.0,2000.0,2000.0,2000.0,0.0,0.0,0.0,8,33,2025,2000.0,0.0,2100.0
rice,Shinyanga,2025-08-18,2100.0,1600.0,2000.0,2000.0,2000.0,-400.0,0.0,-20.0,8,34,2025,1900.0,200.0,2200.0
rice,Shinyanga,2025-08-25,2200.0,2100.0,1600.0,2000.0,2000.0,500.0,-400.0,31.25,8,35,2025,1925.0,221.7355782608345,2100.0
rice,Shinyanga,2025-09-01,2100.0,2200.0,2100.0,1600.0,2000.0,100.0,500.0,4.761904761904762,9,36,2025,1975.0,262.99556396765837,2100.0
rice,Shinyanga,2025-09-08,2100.0,2100.0,2200.0,2100.0,1600.0,-100.0,100.0,-4.545454545454546,9,37,2025,2000.0,270.801280154532,2200.0
rice,Shinyanga,2025-09-15,2200.0,2100.0,2100.0,2200.0,2100.0,0.0,-100.0,0.0,9,38,2025,2125.0,49.99999999999969,2100.0
rice,Shinyanga,2025-09-22,2100.0,2200.0,2100.0,2100.0,2200.0,100.0,0.0,4.761904761904762,9,39,2025,2150.0,57.73502691896227,2100.0
rice,Shinyanga,2025-09-29,2100.0,2100.0,2200.0,2100.0,2100.0,-100.0,100.0,-4.545454545454546,9,40,2025,2125.0,49.99999999999969,2200.0
rice,Shinyanga,2025-10-13,,2200.0,2100.0,2100.0,2200.0,100.0,0.0,4.761904761904762,10,42,2025,2150.0,57.73502691896227,2100.0
rice,Shinyanga,2025-12-08,2200.0,2200.0,2400.0,2400.0,2300.0,-200.0,0.0,-8.333333333333332,12,50,2025,2325.0,95.74271077563378,2500.0
rice,Shinyanga,2025-12-22,,2500.0,2200.0,2200.0,2400.0,300.0,0.0,13.636363636363635,12,52,2025,2325.0,150.0,2700.0
rice,Shinyanga,2026-02-16,2500.0,2700.0,2600.0,2500.0,2500.0,100.0,100.0,3.8461538461538463,2,8,2026,2575.0,95.74271077563375,2500.0
rice,Shinyanga,2026-02-23,2500.0,2500.0,2700.0,2600.0,2500.0,-200.0,100.0,-7.4074074074074066,2,9,2026,2575.0,95.74271077563375,2500.0
rice,Shinyanga,2026-03-02,2500.0,2500.0,2500.0,2700.0,2600.0,0.0,-200.0,0.0,3,10,2026,2575.0,95.74271077563375,2500.0
rice,Shinyanga,2026-03-09,2500.0,2500.0,2500.0,2500.0,2700.0,0.0,0.0,0.0,3,11,2026,2550.0,99.99999999999991,2600.0
rice,Shinyanga,2026-03-16,2600.0,2500.0,2500.0,2500.0,2500.0,0.0,0.0,0.0,3,12,2026,2500.0,0.0,2400.0
rice,Shinyanga,2026-03-23,2400.0,2600.0,2500.0,2500.0,2500.0,100.0,0.0,4.0,3,13,2026,2525.0,50.0,2400.0
rice,Shinyanga,2026-03-30,2400.0,2400.0,2600.0,2500.0,2500.0,-200.0,100.0,-7.6923076923076925,3,14,2026,2500.0,81.64965809277263,2300.0
rice,Shinyanga,2026-04-06,2300.0,2400.0,2400.0,2600.0,2500.0,0.0,-200.0,0.0,4,15,2026,2475.0,95.74271077563382,2300.0
rice,Shinyanga,2026-04-13,2300.0,2300.0,2400.0,2400.0,2600.0,-100.0,0.0,-4.166666666666666,4,16,2026,2425.0,125.83057392117914,2300.0
rice,Shinyanga,2026-04-20,2300.0,2300.0,2300.0,2400.0,2400.0,0.0,-100.0,0.0,4,17,2026,2350.0,57.73502691896244,2200.0
rice,Shinyanga,2026-04-27,2200.0,2300.0,2300.0,2300.0,2400.0,0.0,0.0,0.0,4,18,2026,2325.0,49.99999999999988,2300.0
rice,Shinyanga,2026-05-04,2300.0,2200.0,2300.0,2300.0,2300.0,-100.0,0.0,-4.3478260869565215,5,19,2026,2275.0,50.0,2200.0
rice,Shinyanga,2026-05-11,2200.0,2300.0,2200.0,2300.0,2300.0,100.0,-100.0,4.545454545454546,5,20,2026,2275.0,50.0,2200.0
rice,Shinyanga,2026-05-18,2200.0,2200.0,2300.0,2200.0,2300.0,-100.0,100.0,-4.3478260869565215,5,21,2026,2250.0,57.73502691896255,2200.0
rice,Shinyanga,2026-05-25,2200.0,2200.0,2200.0,2300.0,2200.0,0.0,-100.0,0.0,5,22,2026,2225.0,50.0,2200.0
rice,Shinyanga,2026-06-01,2200.0,2200.0,2200.0,2200.0,2300.0,0.0,0.0,0.0,6,23,2026,2225.0,50.0,2400.0
rice,Shinyanga,2026-06-08,2400.0,2200.0,2200.0,2200.0,2200.0,0.0,0.0,0.0,6,24,2026,2200.0,0.0,2200.0
rice,Shinyanga,2026-06-15,2200.0,2400.0,2200.0,2200.0,2200.0,200.0,0.0,9.090909090909092,6,25,2026,2250.0,100.0,1900.0
rice,Simiyu,2024-12-30,,1500.0,1500.0,1500.0,1500.0,0.0,0.0,0.0,12,1,2024,1500.0,0.0,1500.0
rice,Simiyu,2025-02-03,1600.0,1600.0,1600.0,1500.0,1500.0,0.0,100.0,0.0,2,6,2025,1550.0,57.73502691896261,1600.0
rice,Simiyu,2025-02-10,1600.0,1600.0,1600.0,1600.0,1500.0,0.0,0.0,0.0,2,7,2025,1575.0,50.000000000000014,1600.0
rice,Simiyu,2025-02-24,,1600.0,1600.0,1600.0,1600.0,0.0,0.0,0.0,2,9,2025,1600.0,0.0,2000.0
rice,Simiyu,2025-04-21,2400.0,2200.0,2200.0,2200.0,2100.0,0.0,0.0,0.0,4,17,2025,2175.0,49.999999999999964,2000.0
rice,Simiyu,2025-05-05,,2000.0,2400.0,2200.0,2200.0,-400.0,200.0,-16.666666666666664,5,19,2025,2200.0,163.29931618554517,1800.0
rice,Simiyu,2025-06-09,2000.0,1900.0,1900.0,1900.0,1800.0,0.0,0.0,0.0,6,24,2025,1875.0,49.999999999999034,2000.0
rice,Simiyu,2025-06-16,2000.0,2000.0,1900.0,1900.0,1900.0,100.0,0.0,5.263157894736842,6,25,2025,1925.0,50.0,2000.0
rice,Simiyu,2025-06-30,,2000.0,2000.0,2000.0,1900.0,0.0,0.0,0.0,6,27,2025,1975.0,49.99999999999999,2000.0
rice,Simiyu,2025-08-04,2100.0,2100.0,2100.0,2000.0,2000.0,0.0,100.0,0.0,8,32,2025,2050.0,57.73502691896261,2100.0
rice,Simiyu,2025-08-11,2100.0,2100.0,2100.0,2100.0,2000.0,0.0,0.0,0.0,8,33,2025,2075.0,50.00000000000007,2100.0
rice,Simiyu,2025-08-18,2100.0,2100.0,2100.0,2100.0,2100.0,0.0,0.0,0.0,8,34,2025,2100.0,0.0,2100.0
rice,Simiyu,2025-08-25,2100.0,2100.0,2100.0,2100.0,2100.0,0.0,0.0,0.0,8,35,2025,2100.0,0.0,2100.0
rice,Simiyu,2025-09-01,2100.0,2100.0,2100.0,2100.0,2100.0,0.0,0.0,0.0,9,36,2025,2100.0,0.0,2100.0
rice,Simiyu,2025-09-15,,2100.0,2100.0,2100.0,2100.0,0.0,0.0,0.0,9,38,2025,2100.0,0.0,2100.0
rice,Simiyu,2025-12-08,2600.0,2300.0,2100.0,2100.0,2100.0,200.0,0.0,9.523809523809524,12,50,2025,2150.0,100.0,2800.0
rice,Simiyu,2025-12-22,,2800.0,2600.0,2300.0,2100.0,200.0,300.0,7.6923076923076925,12,52,2025,2450.0,310.9126351029605,2800.0
rice,Simiyu,2026-02-16,2400.0,2400.0,2500.0,2700.0,2900.0,-100.0,-200.0,-4.0,2,8,2026,2625.0,221.7355782608345,2400.0
rice,Simiyu,2026-02-23,2400.0,2400.0,2400.0,2500.0,2700.0,0.0,-100.0,0.0,2,9,2026,2500.0,141.42135623730954,2600.0
rice,Simiyu,2026-03-02,2600.0,2400.0,2400.0,2400.0,2500.0,0.0,0.0,0.0,3,10,2026,2425.0,50.00000000000025,2500.0
rice,Simiyu,2026-03-09,2500.0,2600.0,2400.0,2400.0,2400.0,200.0,0.0,8.333333333333332,3,11,2026,2450.0,100.0,2400.0
rice,Simiyu,2026-03-23,,2400.0,2500.0,2600.0,2400.0,-100.0,-100.0,-4.0,3,13,2026,2475.0,95.74271077563382,2400.0
rice,Simiyu,2026-04-27,2300.0,2300.0,2300.0,2300.0,2400.0,0.0,0.0,0.0,4,18,2026,2325.0,49.999999999999964,2400.0
rice,Simiyu,2026-05-04,2400.0,2300.0,2300.0,2300.0,2300.0,0.0,0.0,0.0,5,19,2026,2300.0,0.0,2200.0
rice,Simiyu,2026-05-11,2200.0,2400.0,2300.0,2300.0,2300.0,100.0,0.0,4.3478260869565215,5,20,2026,2325.0,50.0,2200.0
rice,Simiyu,2026-05-18,2200.0,2200.0,2400.0,2300.0,2300.0,-200.0,100.0,-8.333333333333332,5,21,2026,2300.0,81.64965809277263,2100.0
rice,Simiyu,2026-05-25,2100.0,2200.0,2200.0,2400.0,2300.0,0.0,-200.0,0.0,5,22,2026,2275.0,95.74271077563382,1900.0
rice,Simiyu,2026-06-01,1900.0,2100.0,2200.0,2200.0,2400.0,-100.0,0.0,-4.545454545454546,6,23,2026,2225.0,125.83057392117914,1900.0
rice,Simiyu,2026-06-15,,1900.0,1900.0,2100.0,2200.0,0.0,-200.0,0.0,6,25,2026,2025.0,149.99999999999986,2200.0
rice,Singida,2025-04-21,2500.0,2500.0,2600.0,2700.0,2300.0,-100.0,-100.0,-3.8461538461538463,4,17,2025,2525.0,170.78251276599332,2400.0
rice,Singida,2025-04-28,2400.0,2500.0,2500.0,2600.0,2700.0,0.0,-100.0,0.0,4,18,2025,2575.0,95.74271077563381,2400.0
rice,Singida,2025-05-05,2400.0,2400.0,2500.0,2500.0,2600.0,-100.0,0.0,-4.0,5,19,2025,2500.0,81.64965809277268,2400.0
rice,Singida,2025-05-12,2400.0,2400.0,2400.0,2500.0,2500.0,0.0,-100.0,0.0,5,20,2025,2450.0,57.73502691896262,2400.0
rice,Singida,2025-05-19,2400.0,2400.0,2400.0,2400.0,2500.0,0.0,0.0,0.0,5,21,2025,2425.0,50.000000000000085,2400.0
rice,Singida,2025-05-26,2400.0,2400.0,2400.0,2400.0,2400.0,0.0,0.0,0.0,5,22,2025,2400.0,0.0,2500.0
rice,Singida,2025-06-02,2500.0,2400.0,2400.0,2400.0,2400.0,0.0,0.0,0.0,6,23,2025,2400.0,0.0,2500.0
rice,Singida,2025-06-09,2500.0,2500.0,2400.0,2400.0,2400.0,100.0,0.0,4.166666666666666,6,24,2025,2425.0,50.0,2500.0
rice,Singida,2025-06-16,2500.0,2500.0,2500.0,2400.0,2400.0,0.0,100.0,0.0,6,25,2025,2450.0,57.73502691896255,2400.0
rice,Singida,2025-09-15,,2450.0,2600.0,2100.0,2200.0,-150.0,500.0,-5.769230769230769,9,38,2025,2337.5,228.67371223353737,2500.0
rice,Singida,2026-06-08,,2600.0,2100.0,2400.0,2800.0,500.0,-300.0,23.809523809523807,6,24,2026,2475.0,298.607881119482,2300.0
rice,Songwe,2025-02-03,2100.0,2100.0,2300.0,2300.0,1900.0,-200.0,0.0,-8.695652173913043,2,6,2025,2150.0,191.48542155126765,2100.0
rice,Songwe,2025-02-10,2100.0,2100.0,2100.0,2300.0,2300.0,0.0,-200.0,0.0,2,7,2025,2200.0,115.47005383792516,2100.0
rice,Songwe,2025-02-24,,2100.0,2100.0,2100.0,2100.0,0.0,0.0,0.0,2,9,2025,2100.0,0.0,2100.0
rice,Songwe,2025-04-21,,2500.0,2400.0,2300.0,2400.0,100.0,100.0,4.166666666666666,4,17,2025,2400.0,81.64965809277288,2500.0
rice,Songwe,2025-05-26,2500.0,2400.0,2600.0,2500.0,2500.0,-200.0,100.0,-7.6923076923076925,5,22,2025,2500.0,81.64965809277261,2500.0
rice,Songwe,2025-06-02,2500.0,2500.0,2400.0,2600.0,2500.0,100.0,-200.0,4.166666666666666,6,23,2025,2500.0,81.64965809277261,2500.0
rice,Songwe,2025-06-09,2500.0,2500.0,2500.0,2400.0,2600.0,0.0,100.0,0.0,6,24,2025,2500.0,81.64965809277261,2500.0
rice,Songwe,2025-06-16,2500.0,2500.0,2500.0,2500.0,2400.0,0.0,0.0,0.0,6,25,2025,2475.0,49.999999999999964,2500.0
rice,Songwe,2025-06-30,,2500.0,2500.0,2500.0,2500.0,0.0,0.0,0.0,6,27,2025,2500.0,0.0,2500.0
rice,Songwe,2025-09-22,2500.0,2500.0,2500.0,2500.0,2500.0,0.0,0.0,0.0,9,39,2025,2500.0,0.0,2500.0
rice,Songwe,2025-09-29,2500.0,2500.0,2500.0,2500.0,2500.0,0.0,0.0,0.0,9,40,2025,2500.0,0.0,2700.0
rice,Songwe,2025-10-13,,2700.0,2500.0,2500.0,2500.0,200.0,0.0,8.0,10,42,2025,2550.0,100.0,2700.0
rice,Songwe,2025-12-01,2100.0,2600.0,2700.0,2700.0,2700.0,-100.0,0.0,-3.7037037037037033,12,49,2025,2675.0,50.0,2600.0
rice,Tabora,2025-04-21,2100.0,2000.0,2100.0,2000.0,2100.0,-100.0,100.0,-4.761904761904762,4,17,2025,2050.0,57.735026918962575,2100.0
rice,Tabora,2025-04-28,2100.0,2100.0,2000.0,2100.0,2000.0,100.0,-100.0,5.0,4,18,2025,2050.0,57.735026918962575,2100.0
rice,Tabora,2025-05-05,2100.0,2100.0,2100.0,2000.0,2100.0,0.0,100.0,0.0,5,19,2025,2075.0,50.000000000000036,2100.0
rice,Tabora,2025-05-12,2100.0,2100.0,2100.0,2100.0,2000.0,0.0,0.0,0.0,5,20,2025,2075.0,50.000000000000036,2000.0
rice,Tabora,2025-05-19,2000.0,2100.0,2100.0,2100.0,2100.0,0.0,0.0,0.0,5,21,2025,2100.0,0.0,2000.0
rice,Tabora,2025-05-26,2000.0,2000.0,2100.0,2100.0,2100.0,-100.0,0.0,-4.761904761904762,5,22,2025,2075.0,50.0,2000.0
rice,Tabora,2025-06-02,2000.0,2000.0,2000.0,2100.0,2100.0,0.0,-100.0,0.0,6,23,2025,2050.0,57.73502691896255,2000.0
rice,Tabora,2025-06-16,,2000.0,2000.0,2000.0,2000.0,0.0,0.0,0.0,6,25,2025,2000.0,0.0,2100.0
rice,Tabora,2025-09-22,2200.0,2300.0,2300.0,2200.0,2200.0,0.0,100.0,0.0,9,39,2025,2250.0,57.73502691896252,2400.0
rice,Tabora,2025-10-06,,2400.0,2200.0,2300.0,2300.0,200.0,-100.0,9.090909090909092,10,41,2025,2300.0,81.64965809277261,2400.0
rice,Tabora,2025-12-01,2500.0,2500.0,2400.0,2400.0,2400.0,100.0,0.0,4.166666666666666,12,49,2025,2425.0,50.0,2600.0
rice,Tabora,2025-12-08,2600.0,2500.0,2500.0,2400.0,2400.0,0.0,100.0,0.0,12,50,2025,2450.0,57.73502691896255,2600.0
rice,Tabora,2026-02-16,2600.0,2600.0,2600.0,2600.0,2600.0,0.0,0.0,0.0,2,8,2026,2600.0,0.0,2600.0
rice,Tabora,2026-02-23,2600.0,2600.0,2600.0,2600.0,2600.0,0.0,0.0,0.0,2,9,2026,2600.0,0.0,2600.0
rice,Tabora,2026-03-02,2600.0,2600.0,2600.0,2600.0,2600.0,0.0,0.0,0.0,3,10,2026,2600.0,0.0,2500.0
rice,Tabora,2026-03-09,2500.0,2600.0,2600.0,2600.0,2600.0,0.0,0.0,0.0,3,11,2026,2600.0,0.0,2500.0
rice,Tabora,2026-03-16,2500.0,2500.0,2600.0,2600.0,2600.0,-100.0,0.0,-3.8461538461538463,3,12,2026,2575.0,50.0,2600.0
rice,Tabora,2026-03-23,2600.0,2500.0,2500.0,2600.0,2600.0,0.0,-100.0,0.0,3,13,2026,2550.0,57.73502691896255,2300.0
rice,Tabora,2026-03-30,2300.0,2600.0,2500.0,2500.0,2600.0,100.0,0.0,4.0,3,14,2026,2550.0,57.73502691896255,2300.0
rice,Tabora,2026-04-06,2300.0,2300.0,2600.0,2500.0,2500.0,-300.0,100.0,-11.538461538461538,4,15,2026,2475.0,125.8305739211792,2300.0
rice,Tabora,2026-04-13,2300.0,2300.0,2300.0,2600.0,2500.0,0.0,-300.0,0.0,4,16,2026,2425.0,150.0,2300.0
rice,Tabora,2026-04-20,2300.0,2300.0,2300.0,2300.0,2600.0,0.0,0.0,0.0,4,17,2026,2375.0,150.0,2100.0
rice,Tabora,2026-04-27,2100.0,2300.0,2300.0,2300.0,2300.0,0.0,0.0,0.0,4,18,2026,2300.0,0.0,2100.0
rice,Tabora,2026-05-04,2100.0,2100.0,2300.0,2300.0,2300.0,-200.0,0.0,-8.695652173913043,5,19,2026,2250.0,100.0,2100.0
rice,Tabora,2026-05-11,2100.0,2100.0,2100.0,2300.0,2300.0,0.0,-200.0,0.0,5,20,2026,2200.0,115.47005383792519,2100.0
rice,Tabora,2026-05-18,2100.0,2100.0,2100.0,2100.0,2300.0,0.0,0.0,0.0,5,21,2026,2150.0,99.99999999999999,2100.0
rice,Tabora,2026-05-25,2100.0,2100.0,2100.0,2100.0,2100.0,0.0,0.0,0.0,5,22,2026,2100.0,0.0,2000.0
rice,Tabora,2026-06-01,2000.0,2100.0,2100.0,2100.0,2100.0,0.0,0.0,0.0,6,23,2026,2100.0,0.0,2100.0
rice,Tabora,2026-06-15,,2100.0,2000.0,2100.0,2100.0,100.0,-100.0,5.0,6,25,2026,2075.0,50.0,2100.0
rice,Tanga,2026-02-16,,3000.0,3000.0,3000.0,3000.0,0.0,0.0,0.0,2,8,2026,3000.0,0.0,3000.0
rice,Tanga,2026-03-23,2800.0,2800.0,3000.0,3000.0,3000.0,-200.0,0.0,-6.666666666666667,3,13,2026,2950.0,100.0,2800.0
rice,Tanga,2026-03-30,2800.0,2800.0,2800.0,3000.0,3000.0,0.0,-200.0,0.0,3,14,2026,2900.0,115.47005383792519,2800.0
rice,Tanga,2026-04-06,2800.0,2800.0,2800.0,2800.0,3000.0,0.0,0.0,0.0,4,15,2026,2850.0,99.99999999999999,2800.0
rice,Tanga,2026-04-13,2800.0,2800.0,2800.0,2800.0,2800.0,0.0,0.0,0.0,4,16,2026,2800.0,0.0,2600.0
rice,Tanga,2026-04-20,2600.0,2800.0,2800.0,2800.0,2800.0,0.0,0.0,0.0,4,17,2026,2800.0,0.0,2600.0
rice,Tanga,2026-04-27,2600.0,2600.0,2800.0,2800.0,2800.0,-200.0,0.0,-7.142857142857142,4,18,2026,2750.0,100.0,2600.0
rice,Tanga,2026-05-04,2600.0,2600.0,2600.0,2800.0,2800.0,0.0,-200.0,0.0,5,19,2026,2700.0,115.47005383792519,2600.0
rice,Tanga,2026-05-11,2600.0,2600.0,2600.0,2600.0,2800.0,0.0,0.0,0.0,5,20,2026,2650.0,99.99999999999999,2600.0
rice,Tanga,2026-05-18,2600.0,2600.0,2600.0,2600.0,2600.0,0.0,0.0,0.0,5,21,2026,2600.0,0.0,2600.0
rice,Tanga,2026-05-25,2600.0,2600.0,2600.0,2600.0,2600.0,0.0,0.0,0.0,5,22,2026,2600.0,0.0,2400.0
rice,Tanga,2026-06-01,2400.0,2600.0,2600.0,2600.0,2600.0,0.0,0.0,0.0,6,23,2026,2600.0,0.0,2300.0
rice,Tanga,2026-06-08,2300.0,2400.0,2600.0,2600.0,2600.0,-200.0,0.0,-7.6923076923076925,6,24,2026,2550.0,100.0,2400.0
rice,Tanga,2026-06-15,2400.0,2300.0,2400.0,2600.0,2600.0,-100.0,-200.0,-4.166666666666666,6,25,2026,2475.0,150.00000000000003,2400.0
round_potato,Arusha,2025-01-06,900.0,1000.0,1000.0,1100.0,800.0,0.0,-100.0,0.0,1,2,2025,975.0,125.83057392117917,900.0
round_potato,Arusha,2025-01-13,900.0,900.0,1000.0,1000.0,1100.0,-100.0,0.0,-10.0,1,3,2025,1000.0,81.64965809277263,1000.0
round_potato,Arusha,2025-01-20,1000.0,900.0,900.0,1000.0,1000.0,0.0,-100.0,0.0,1,4,2025,950.0,57.73502691896259,800.0
round_potato,Arusha,2025-01-27,800.0,1000.0,900.0,900.0,1000.0,100.0,0.0,11.11111111111111,1,5,2025,950.0,57.73502691896259,900.0
round_potato,Arusha,2025-02-03,900.0,800.0,1000.0,900.0,900.0,-200.0,100.0,-20.0,2,6,2025,900.0,81.64965809277263,900.0
round_potato,Arusha,2025-02-10,900.0,900.0,800.0,1000.0,900.0,100.0,-200.0,12.5,2,7,2025,900.0,81.64965809277263,900.0
round_potato,Arusha,2025-02-17,900.0,900.0,900.0,800.0,1000.0,0.0,100.0,0.0,2,8,2025,900.0,81.64965809277263,900.0
round_potato,Arusha,2025-02-24,900.0,900.0,900.0,900.0,800.0,0.0,0.0,0.0,2,9,2025,875.0,50.00000000000002,800.0
round_potato,Arusha,2025-03-03,800.0,900.0,900.0,900.0,900.0,0.0,0.0,0.0,3,10,2025,900.0,0.0,1000.0
round_potato,Arusha,2025-03-17,,1000.0,800.0,900.0,900.0,200.0,-100.0,25.0,3,12,2025,900.0,81.64965809277261,900.0
round_potato,Arusha,2025-04-21,900.0,900.0,900.0,900.0,900.0,0.0,0.0,0.0,4,17,2025,900.0,0.0,900.0
round_potato,Arusha,2025-04-28,900.0,900.0,900.0,900.0,900.0,0.0,0.0,0.0,4,18,2025,900.0,0.0,900.0
round_potato,Arusha,2025-05-05,900.0,900.0,900.0,900.0,900.0,0.0,0.0,0.0,5,19,2025,900.0,0.0,1000.0
round_potato,Arusha,2025-05-12,1000.0,900.0,900.0,900.0,900.0,0.0,0.0,0.0,5,20,2025,900.0,0.0,900.0
round_potato,Arusha,2025-05-19,900.0,1000.0,900.0,900.0,900.0,100.0,0.0,11.11111111111111,5,21,2025,925.0,50.0,800.0
round_potato,Arusha,2025-05-26,800.0,900.0,1000.0,900.0,900.0,-100.0,100.0,-10.0,5,22,2025,925.0,50.0,900.0
round_potato,Arusha,2025-06-02,900.0,800.0,900.0,1000.0,900.0,-100.0,-100.0,-11.11111111111111,6,23,2025,900.0,81.64965809277261,900.0
round_potato,Arusha,2025-06-09,900.0,900.0,800.0,900.0,1000.0,100.0,-100.0,12.5,6,24,2025,900.0,81.64965809277261,800.0
round_potato,Arusha,2025-06-16,800.0,900.0,900.0,800.0,900.0,0.0,100.0,0.0,6,25,2025,875.0,50.0,900.0
round_potato,Arusha,2025-06-30,,900.0,800.0,900.0,900.0,100.0,-100.0,12.5,6,27,2025,875.0,49.99999999999999,700.0
round_potato,Arusha,2025-08-04,600.0,600.0,700.0,700.0,700.0,-100.0,0.0,-14.285714285714285,8,32,2025,675.0,50.0,700.0
round_potato,Arusha,2025-08-11,700.0,600.0,600.0,700.0,700.0,0.0,-100.0,0.0,8,33,2025,650.0,57.73502691896257,700.0
round_potato,Arusha,2025-08-18,700.0,700.0,600.0,600.0,700.0,100.0,0.0,16.666666666666664,8,34,2025,650.0,57.73502691896257,700.0
round_potato,Arusha,2025-08-25,700.0,700.0,700.0,600.0,600.0,0.0,100.0,0.0,8,35,2025,650.0,57.73502691896257,700.0
round_potato,Arusha,2025-09-01,700.0,700.0,700.0,700.0,600.0,0.0,0.0,0.0,9,36,2025,675.0,49.99999999999999,700.0
round_potato,Arusha,2025-09-08,700.0,700.0,700.0,700.0,700.0,0.0,0.0,0.0,9,37,2025,700.0,0.0,600.0
round_potato,Arusha,2025-09-15,600.0,700.0,700.0,700.0,700.0,0.0,0.0,0.0,9,38,2025,700.0,0.0,600.0
round_potato,Arusha,2025-09-22,600.0,600.0,700.0,700.0,700.0,-100.0,0.0,-14.285714285714285,9,39,2025,675.0,50.0,600.0
round_potato,Arusha,2025-09-29,600.0,600.0,600.0,700.0,700.0,0.0,-100.0,0.0,9,40,2025,650.0,57.73502691896257,700.0
round_potato,Arusha,2025-10-06,700.0,600.0,600.0,600.0,700.0,0.0,0.0,0.0,10,41,2025,625.0,49.99999999999999,800.0
round_potato,Arusha,2025-10-13,800.0,700.0,600.0,600.0,600.0,100.0,0.0,16.666666666666664,10,42,2025,625.0,50.0,700.0
round_potato,Arusha,2025-10-27,,700.0,800.0,700.0,600.0,-100.0,100.0,-12.5,10,44,2025,700.0,81.64965809277258,700.0
round_potato,Arusha,2025-12-01,900.0,900.0,1000.0,800.0,700.0,-100.0,200.0,-10.0,12,49,2025,850.0,129.09944487358055,1000.0
round_potato,Arusha,2025-12-08,1000.0,900.0,900.0,1000.0,800.0,0.0,-100.0,0.0,12,50,2025,900.0,81.64965809277255,1000.0
round_potato,Arusha,2025-12-22,,1000.0,1000.0,900.0,900.0,0.0,100.0,0.0,12,52,2025,950.0,57.73502691896249,1100.0
round_potato,Arusha,2026-02-16,1200.0,1200.0,1200.0,1300.0,1300.0,0.0,-100.0,0.0,2,8,2026,1250.0,57.73502691896261,1200.0
round_potato,Arusha,2026-02-23,1200.0,1200.0,1200.0,1200.0,1300.0,0.0,0.0,0.0,2,9,2026,1225.0,50.000000000000014,1200.0
round_potato,Arusha,2026-03-02,1200.0,1200.0,1200.0,1200.0,1200.0,0.0,0.0,0.0,3,10,2026,1200.0,0.0,1000.0
round_potato,Arusha,2026-03-09,1000.0,1200.0,1200.0,1200.0,1200.0,0.0,0.0,0.0,3,11,2026,1200.0,0.0,700.0
round_potato,Arusha,2026-03-16,700.0,1000.0,1200.0,1200.0,1200.0,-200.0,0.0,-16.666666666666664,3,12,2026,1150.0,100.0,800.0
round_potato,Arusha,2026-03-23,800.0,700.0,1000.0,1200.0,1200.0,-300.0,-200.0,-30.0,3,13,2026,1025.0,236.2907813126304,900.0
round_potato,Arusha,2026-03-30,900.0,800.0,700.0,1000.0,1200.0,100.0,-300.0,14.285714285714285,3,14,2026,925.0,221.73557826083447,900.0
round_potato,Arusha,2026-04-06,900.0,900.0,800.0,700.0,1000.0,100.0,100.0,12.5,4,15,2026,850.0,129.0994448735805,900.0
round_potato,Arusha,2026-04-13,900.0,900.0,900.0,800.0,700.0,0.0,100.0,0.0,4,16,2026,825.0,95.74271077563371,900.0
round_potato,Arusha,2026-04-20,900.0,900.0,900.0,900.0,800.0,0.0,0.0,0.0,4,17,2026,875.0,49.99999999999982,800.0
round_potato,Arusha,2026-04-27,800.0,900.0,900.0,900.0,900.0,0.0,0.0,0.0,4,18,2026,900.0,0.0,1000.0
round_potato,Arusha,2026-05-04,1000.0,800.0,900.0,900.0,900.0,-100.0,0.0,-11.11111111111111,5,19,2026,875.0,50.0,900.0
round_potato,Arusha,2026-05-11,900.0,1000.0,800.0,900.0,900.0,200.0,-100.0,25.0,5,20,2026,900.0,81.64965809277261,900.0
round_potato,Arusha,2026-05-18,900.0,900.0,1000.0,800.0,900.0,-100.0,200.0,-10.0,5,21,2026,900.0,81.64965809277261,700.0
round_potato,Arusha,2026-05-25,700.0,900.0,900.0,1000.0,800.0,0.0,-100.0,0.0,5,22,2026,900.0,81.64965809277261,1000.0
round_potato,Arusha,2026-06-01,1000.0,700.0,900.0,900.0,1000.0,-200.0,0.0,-22.22222222222222,6,23,2026,875.0,125.83057392117917,1000.0
round_potato,Arusha,2026-06-08,1000.0,1000.0,700.0,900.0,900.0,300.0,-200.0,42.857142857142854,6,24,2026,875.0,125.83057392117917,1000.0
round_potato,Arusha,2026-06-15,1000.0,1000.0,1000.0,700.0,900.0,0.0,300.0,0.0,6,25,2026,900.0,141.4213562373095,1000.0
round_potato,Dar es Salaam,2025-04-21,1000.0,1000.0,1000.0,1000.0,800.0,0.0,0.0,0.0,4,17,2025,950.0,100.00000000000001,1100.0
round_potato,Dar es Salaam,2025-04-28,1100.0,1000.0,1000.0,1000.0,1000.0,0.0,0.0,0.0,4,18,2025,1000.0,0.0,1000.0
round_potato,Dar es Salaam,2025-05-05,1000.0,1100.0,1000.0,1000.0,1000.0,100.0,0.0,10.0,5,19,2025,1025.0,50.0,800.0
round_potato,Dar es Salaam,2025-05-12,800.0,1000.0,1100.0,1000.0,1000.0,-100.0,100.0,-9.090909090909092,5,20,2025,1025.0,50.0,700.0
round_potato,Dar es Salaam,2025-05-19,700.0,800.0,1000.0,1100.0,1000.0,-200.0,-100.0,-20.0,5,21,2025,975.0,125.83057392117915,700.0
round_potato,Dar es Salaam,2025-05-26,700.0,700.0,800.0,1000.0,1100.0,-100.0,-200.0,-12.5,5,22,2025,900.0,182.57418583505535,1000.0
round_potato,Dar es Salaam,2025-06-02,1000.0,700.0,700.0,800.0,1000.0,0.0,-100.0,0.0,6,23,2025,800.0,141.42135623730948,1000.0
round_potato,Dar es Salaam,2025-06-09,1000.0,1000.0,700.0,700.0,800.0,300.0,0.0,42.857142857142854,6,24,2025,800.0,141.42135623730948,1000.0
round_potato,Dar es Salaam,2025-06-16,1000.0,1000.0,1000.0,700.0,700.0,0.0,300.0,0.0,6,25,2025,850.0,173.20508075688772,900.0
round_potato,Dar es Salaam,2025-06-30,,900.0,1000.0,1000.0,1000.0,-100.0,0.0,-10.0,6,27,2025,975.0,50.0,1000.0
round_potato,Dar es Salaam,2025-09-08,900.0,900.0,600.0,700.0,600.0,300.0,-100.0,50.0,9,37,2025,700.0,141.4213562373095,800.0
round_potato,Dar es Salaam,2025-09-15,800.0,900.0,900.0,600.0,700.0,0.0,300.0,0.0,9,38,2025,775.0,150.0,700.0
round_potato,Dar es Salaam,2025-09-22,700.0,800.0,900.0,900.0,600.0,-100.0,0.0,-11.11111111111111,9,39,2025,800.0,141.4213562373095,700.0
round_potato,Dar es Salaam,2025-09-29,700.0,700.0,800.0,900.0,900.0,-100.0,-100.0,-12.5,9,40,2025,825.0,95.74271077563381,800.0
round_potato,Dar es Salaam,2025-10-13,,800.0,700.0,700.0,800.0,100.0,0.0,14.285714285714285,10,42,2025,750.0,57.73502691896259,900.0
round_potato,Dar es Salaam,2025-12-01,,1100.0,1300.0,1100.0,1000.0,-200.0,200.0,-15.384615384615385,12,49,2025,1125.0,125.83057392117918,1300.0
round_potato,Dar es Salaam,2026-02-16,1000.0,1000.0,1300.0,1300.0,1500.0,-300.0,0.0,-23.076923076923077,2,8,2026,1275.0,206.15528128088306,1000.0
round_potato,Dar es Salaam,2026-02-23,1000.0,1000.0,1000.0,1300.0,1300.0,0.0,-300.0,0.0,2,9,2026,1150.0,173.20508075688778,800.0
round_potato,Dar es Salaam,2026-03-02,800.0,1000.0,1000.0,1000.0,1300.0,0.0,0.0,0.0,3,10,2026,1075.0,150.00000000000006,700.0
round_potato,Dar es Salaam,2026-03-09,700.0,800.0,1000.0,1000.0,1000.0,-200.0,0.0,-20.0,3,11,2026,950.0,100.0,700.0
round_potato,Dar es Salaam,2026-03-16,700.0,700.0,800.0,1000.0,1000.0,-100.0,-200.0,-12.5,3,12,2026,875.0,150.0,700.0
round_potato,Dar es Salaam,2026-03-23,700.0,700.0,700.0,800.0,1000.0,0.0,-100.0,0.0,3,13,2026,800.0,141.42135623730954,700.0
round_potato,Dar es Salaam,2026-03-30,700.0,700.0,700.0,700.0,800.0,0.0,0.0,0.0,3,14,2026,725.0,50.00000000000009,900.0
round_potato,Dar es Salaam,2026-04-06,900.0,700.0,700.0,700.0,700.0,0.0,0.0,0.0,4,15,2026,700.0,0.0,900.0
round_potato,Dodoma,2025-06-30,,900.0,900.0,1000.0,1000.0,0.0,-100.0,0.0,6,27,2025,950.0,57.735026918962554,900.0
round_potato,Dodoma,2025-09-01,700.0,800.0,700.0,1000.0,700.0,100.0,-300.0,14.285714285714285,9,36,2025,800.0,141.42135623730948,600.0
round_potato,Dodoma,2025-09-08,600.0,700.0,800.0,700.0,1000.0,-100.0,100.0,-12.5,9,37,2025,800.0,141.42135623730948,600.0
round_potato,Dodoma,2025-09-15,600.0,600.0,700.0,800.0,700.0,-100.0,-100.0,-14.285714285714285,9,38,2025,700.0,81.64965809277257,800.0
round_potato,Dodoma,2025-09-22,800.0,600.0,600.0,700.0,800.0,0.0,-100.0,0.0,9,39,2025,675.0,95.74271077563378,900.0
round_potato,Dodoma,2025-09-29,900.0,800.0,600.0,600.0,700.0,200.0,0.0,33.33333333333333,9,40,2025,675.0,95.74271077563378,800.0
round_potato,Dodoma,2025-10-06,800.0,900.0,800.0,600.0,600.0,100.0,200.0,12.5,10,41,2025,725.0,150.0,800.0
round_potato,Dodoma,2025-10-13,800.0,800.0,900.0,800.0,600.0,-100.0,100.0,-11.11111111111111,10,42,2025,775.0,125.83057392117917,800.0
round_potato,Dodoma,2025-10-27,,800.0,800.0,800.0,900.0,0.0,0.0,0.0,10,44,2025,825.0,49.99999999999999,1000.0
round_potato,Dodoma,2025-12-22,,1000.0,700.0,800.0,1000.0,300.0,-100.0,42.857142857142854,12,52,2025,875.0,150.0,1000.0
round_potato,Dodoma,2026-02-16,1100.0,1100.0,1100.0,1400.0,1100.0,0.0,-300.0,0.0,2,8,2026,1175.0,149.99999999999997,1000.0
round_potato,Dodoma,2026-02-23,1000.0,1100.0,1100.0,1100.0,1400.0,0.0,0.0,0.0,2,9,2026,1175.0,149.99999999999997,800.0
round_potato,Dodoma,2026-03-02,800.0,1000.0,1100.0,1100.0,1100.0,-100.0,0.0,-9.090909090909092,3,10,2026,1075.0,50.0,700.0
round_potato,Dodoma,2026-03-09,700.0,800.0,1000.0,1100.0,1100.0,-200.0,-100.0,-20.0,3,11,2026,1000.0,141.42135623730954,700.0
round_potato,Dodoma,2026-03-16,700.0,700.0,800.0,1000.0,1100.0,-100.0,-200.0,-12.5,3,12,2026,900.0,182.57418583505537,700.0
round_potato,Dodoma,2026-03-23,700.0,700.0,700.0,800.0,1000.0,0.0,-100.0,0.0,3,13,2026,800.0,141.42135623730954,700.0
round_potato,Dodoma,2026-03-30,700.0,700.0,700.0,700.0,800.0,0.0,0.0,0.0,3,14,2026,725.0,50.00000000000009,700.0
round_potato,Dodoma,2026-04-06,700.0,700.0,700.0,700.0,700.0,0.0,0.0,0.0,4,15,2026,700.0,0.0,700.0
round_potato,Dodoma,2026-04-13,700.0,700.0,700.0,700.0,700.0,0.0,0.0,0.0,4,16,2026,700.0,0.0,700.0
round_potato,Dodoma,2026-04-20,700.0,700.0,700.0,700.0,700.0,0.0,0.0,0.0,4,17,2026,700.0,0.0,800.0
round_potato,Dodoma,2026-04-27,800.0,700.0,700.0,700.0,700.0,0.0,0.0,0.0,4,18,2026,700.0,0.0,700.0
round_potato,Dodoma,2026-05-04,700.0,800.0,700.0,700.0,700.0,100.0,0.0,14.285714285714285,5,19,2026,725.0,50.0,700.0
round_potato,Dodoma,2026-05-11,700.0,700.0,800.0,700.0,700.0,-100.0,100.0,-12.5,5,20,2026,725.0,50.0,700.0
round_potato,Dodoma,2026-05-18,700.0,700.0,700.0,800.0,700.0,0.0,-100.0,0.0,5,21,2026,725.0,50.0,700.0
round_potato,Dodoma,2026-05-25,700.0,700.0,700.0,700.0,800.0,0.0,0.0,0.0,5,22,2026,725.0,50.0,700.0
round_potato,Dodoma,2026-06-01,700.0,700.0,700.0,700.0,700.0,0.0,0.0,0.0,6,23,2026,700.0,0.0,900.0
round_potato,Dodoma,2026-06-08,900.0,700.0,700.0,700.0,700.0,0.0,0.0,0.0,6,24,2026,700.0,0.0,900.0
round_potato,Dodoma,2026-06-15,900.0,900.0,700.0,700.0,700.0,200.0,0.0,28.57142857142857,6,25,2026,750.0,100.0,1200.0
round_potato,Geita,2025-04-28,1000.0,1100.0,1100.0,1100.0,1000.0,0.0,0.0,0.0,4,18,2025,1075.0,49.99999999999998,1000.0
round_potato,Geita,2025-05-05,1000.0,1000.0,1100.0,1100.0,1100.0,-100.0,0.0,-9.090909090909092,5,19,2025,1075.0,50.0,1200.0
round_potato,Geita,2025-05-12,1200.0,1000.0,1000.0,1100.0,1100.0,0.0,-100.0,0.0,5,20,2025,1050.0,57.735026918962596,1100.0
round_potato,Geita,2025-05-19,1100.0,1200.0,1000.0,1000.0,1100.0,200.0,0.0,20.0,5,21,2025,1075.0,95.74271077563382,1100.0
round_potato,Geita,2025-05-26,1100.0,1100.0,1200.0,1000.0,1000.0,-100.0,200.0,-8.333333333333332,5,22,2025,1075.0,95.74271077563382,1100.0
round_potato,Geita,2025-06-02,1100.0,1100.0,1100.0,1200.0,1000.0,0.0,-100.0,0.0,6,23,2025,1100.0,81.64965809277263,1000.0
round_potato,Geita,2025-06-09,1000.0,1100.0,1100.0,1100.0,1200.0,0.0,0.0,0.0,6,24,2025,1125.0,50.00000000000006,1000.0
round_potato,Geita,2025-06-16,1000.0,1000.0,1100.0,1100.0,1100.0,-100.0,0.0,-9.090909090909092,6,25,2025,1075.0,50.0,1000.0
round_potato,Geita,2025-06-30,,1000.0,1000.0,1000.0,1100.0,0.0,0.0,0.0,6,27,2025,1025.0,49.99999999999999,1000.0
round_potato,Geita,2025-09-15,600.0,800.0,800.0,800.0,1000.0,0.0,0.0,0.0,9,38,2025,850.0,100.00000000000001,1000.0
round_potato,Geita,2025-09-22,1000.0,600.0,800.0,800.0,800.0,-200.0,0.0,-25.0,9,39,2025,750.0,100.0,1000.0
round_potato,Geita,2025-10-06,,1000.0,1000.0,600.0,800.0,0.0,400.0,0.0,10,41,2025,850.0,191.48542155126762,1100.0
round_potato,Geita,2026-03-16,1500.0,1500.0,1500.0,1500.0,1500.0,0.0,0.0,0.0,3,12,2026,1500.0,0.0,1500.0
round_potato,Geita,2026-03-23,1500.0,1500.0,1500.0,1500.0,1500.0,0.0,0.0,0.0,3,13,2026,1500.0,0.0,1500.0
round_potato,Geita,2026-03-30,1500.0,1500.0,1500.0,1500.0,1500.0,0.0,0.0,0.0,3,14,2026,1500.0,0.0,1500.0
round_potato,Geita,2026-04-06,1500.0,1500.0,1500.0,1500.0,1500.0,0.0,0.0,0.0,4,15,2026,1500.0,0.0,1500.0
round_potato,Geita,2026-04-13,1500.0,1500.0,1500.0,1500.0,1500.0,0.0,0.0,0.0,4,16,2026,1500.0,0.0,1500.0
round_potato,Geita,2026-04-20,1500.0,1500.0,1500.0,1500.0,1500.0,0.0,0.0,0.0,4,17,2026,1500.0,0.0,1100.0
round_potato,Geita,2026-04-27,1100.0,1500.0,1500.0,1500.0,1500.0,0.0,0.0,0.0,4,18,2026,1500.0,0.0,1100.0
round_potato,Geita,2026-05-04,1100.0,1100.0,1500.0,1500.0,1500.0,-400.0,0.0,-26.666666666666668,5,19,2026,1400.0,200.0,1100.0
round_potato,Geita,2026-05-11,1100.0,1100.0,1100.0,1500.0,1500.0,0.0,-400.0,0.0,5,20,2026,1300.0,230.94010767585033,1100.0
round_potato,Geita,2026-05-18,1100.0,1100.0,1100.0,1100.0,1500.0,0.0,0.0,0.0,5,21,2026,1200.0,200.00000000000003,1100.0
round_potato,Geita,2026-05-25,1100.0,1100.0,1100.0,1100.0,1100.0,0.0,0.0,0.0,5,22,2026,1100.0,0.0,1100.0
round_potato,Geita,2026-06-01,1100.0,1100.0,1100.0,1100.0,1100.0,0.0,0.0,0.0,6,23,2026,1100.0,0.0,1100.0
round_potato,Geita,2026-06-08,1100.0,1100.0,1100.0,1100.0,1100.0,0.0,0.0,0.0,6,24,2026,1100.0,0.0,1100.0
round_potato,Geita,2026-06-15,1100.0,1100.0,1100.0,1100.0,1100.0,0.0,0.0,0.0,6,25,2026,1100.0,0.0,1100.0
round_potato,Iringa,2024-12-30,700.0,700.0,800.0,800.0,800.0,-100.0,0.0,-12.5,12,1,2024,775.0,50.0,800.0
round_potato,Iringa,2025-01-06,800.0,700.0,700.0,800.0,800.0,0.0,-100.0,0.0,1,2,2025,750.0,57.73502691896257,800.0
round_potato,Iringa,2025-01-13,800.0,800.0,700.0,700.0,800.0,100.0,0.0,14.285714285714285,1,3,2025,750.0,57.73502691896257,800.0
round_potato,Iringa,2025-01-20,800.0,800.0,800.0,700.0,700.0,0.0,100.0,0.0,1,4,2025,750.0,57.73502691896257,800.0
round_potato,Iringa,2025-01-27,800.0,800.0,800.0,800.0,700.0,0.0,0.0,0.0,1,5,2025,775.0,49.99999999999999,700.0
round_potato,Iringa,2025-02-03,700.0,800.0,800.0,800.0,800.0,0.0,0.0,0.0,2,6,2025,800.0,0.0,700.0
round_potato,Iringa,2025-02-10,700.0,700.0,800.0,800.0,800.0,-100.0,0.0,-12.5,2,7,2025,775.0,50.0,800.0
round_potato,Iringa,2025-02-17,800.0,700.0,700.0,800.0,800.0,0.0,-100.0,0.0,2,8,2025,750.0,57.73502691896257,700.0
round_potato,Iringa,2025-02-24,700.0,800.0,700.0,700.0,800.0,100.0,0.0,14.285714285714285,2,9,2025,750.0,57.73502691896257,700.0
round_potato,Iringa,2025-03-03,700.0,700.0,800.0,700.0,700.0,-100.0,100.0,-12.5,3,10,2025,725.0,49.99999999999999,700.0
round_potato,Iringa,2025-03-17,,700.0,700.0,700.0,800.0,0.0,0.0,0.0,3,12,2025,725.0,49.99999999999999,700.0
round_potato,Iringa,2025-05-19,700.0,700.0,700.0,700.0,700.0,0.0,0.0,0.0,5,21,2025,700.0,0.0,700.0
round_potato,Iringa,2025-05-26,700.0,700.0,700.0,700.0,700.0,0.0,0.0,0.0,5,22,2025,700.0,0.0,700.0
round_potato,Iringa,2025-06-02,700.0,700.0,700.0,700.0,700.0,0.0,0.0,0.0,6,23,2025,700.0,0.0,600.0
round_potato,Iringa,2025-06-09,600.0,700.0,700.0,700.0,700.0,0.0,0.0,0.0,6,24,2025,700.0,0.0,600.0
round_potato,Iringa,2025-06-16,600.0,600.0,700.0,700.0,700.0,-100.0,0.0,-14.285714285714285,6,25,2025,675.0,50.0,600.0
round_potato,Iringa,2025-06-30,,600.0,600.0,600.0,700.0,0.0,0.0,0.0,6,27,2025,625.0,49.99999999999999,600.0
round_potato,Iringa,2025-09-01,600.0,600.0,600.0,600.0,600.0,0.0,0.0,0.0,9,36,2025,600.0,0.0,600.0
round_potato,Iringa,2025-09-08,600.0,600.0,600.0,600.0,600.0,0.0,0.0,0.0,9,37,2025,600.0,0.0,600.0
round_potato,Iringa,2025-09-15,600.0,600.0,600.0,600.0,600.0,0.0,0.0,0.0,9,38,2025,600.0,0.0,600.0
round_potato,Iringa,2025-09-22,600.0,600.0,600.0,600.0,600.0,0.0,0.0,0.0,9,39,2025,600.0,0.0,600.0
round_potato,Iringa,2025-09-29,600.0,600.0,600.0,600.0,600.0,0.0,0.0,0.0,9,40,2025,600.0,0.0,600.0
round_potato,Iringa,2025-10-13,,600.0,600.0,600.0,600.0,0.0,0.0,0.0,10,42,2025,600.0,0.0,600.0
round_potato,Iringa,2026-02-16,800.0,1000.0,1300.0,1300.0,1200.0,-300.0,0.0,-23.076923076923077,2,8,2026,1200.0,141.42135623730948,700.0
round_potato,Iringa,2026-02-23,700.0,800.0,1000.0,1300.0,1300.0,-200.0,-300.0,-20.0,2,9,2026,1100.0,244.9489742783178,700.0
round_potato,Iringa,2026-03-02,700.0,700.0,800.0,1000.0,1300.0,-100.0,-200.0,-12.5,3,10,2026,950.0,264.575131106459,700.0
round_potato,Iringa,2026-03-09,700.0,700.0,700.0,800.0,1000.0,0.0,-100.0,0.0,3,11,2026,800.0,141.42135623730945,700.0
round_potato,Iringa,2026-03-16,700.0,700.0,700.0,700.0,800.0,0.0,0.0,0.0,3,12,2026,725.0,49.99999999999989,700.0
round_potato,Iringa,2026-03-23,700.0,700.0,700.0,700.0,700.0,0.0,0.0,0.0,3,13,2026,700.0,0.0,600.0
round_potato,Iringa,2026-03-30,600.0,700.0,700.0,700.0,700.0,0.0,0.0,0.0,3,14,2026,700.0,0.0,600.0
round_potato,Iringa,2026-04-06,600.0,600.0,700.0,700.0,700.0,-100.0,0.0,-14.285714285714285,4,15,2026,675.0,50.0,600.0
round_potato,Iringa,2026-04-13,600.0,600.0,600.0,700.0,700.0,0.0,-100.0,0.0,4,16,2026,650.0,57.73502691896257,600.0
round_potato,Iringa,2026-04-20,600.0,600.0,600.0,600.0,700.0,0.0,0.0,0.0,4,17,2026,625.0,49.99999999999999,600.0
round_potato,Iringa,2026-04-27,600.0,600.0,600.0,600.0,600.0,0.0,0.0,0.0,4,18,2026,600.0,0.0,600.0
round_potato,Iringa,2026-05-04,600.0,600.0,600.0,600.0,600.0,0.0,0.0,0.0,5,19,2026,600.0,0.0,600.0
round_potato,Iringa,2026-05-11,600.0,600.0,600.0,600.0,600.0,0.0,0.0,0.0,5,20,2026,600.0,0.0,700.0
round_potato,Iringa,2026-05-18,700.0,600.0,600.0,600.0,600.0,0.0,0.0,0.0,5,21,2026,600.0,0.0,700.0
round_potato,Iringa,2026-05-25,700.0,700.0,600.0,600.0,600.0,100.0,0.0,16.666666666666664,5,22,2026,625.0,50.0,900.0
round_potato,Iringa,2026-06-01,900.0,700.0,700.0,600.0,600.0,0.0,100.0,0.0,6,23,2026,650.0,57.73502691896257,900.0
round_potato,Iringa,2026-06-08,900.0,900.0,700.0,700.0,600.0,200.0,0.0,28.57142857142857,6,24,2026,725.0,125.83057392117917,900.0
round_potato,Iringa,2026-06-15,900.0,900.0,900.0,700.0,700.0,0.0,200.0,0.0,6,25,2026,800.0,115.47005383792518,1000.0
round_potato,Kagera,2024-12-30,1000.0,900.0,900.0,900.0,1000.0,0.0,0.0,0.0,12,1,2024,925.0,50.00000000000001,1000.0
round_potato,Kagera,2025-01-06,1000.0,1000.0,900.0,900.0,900.0,100.0,0.0,11.11111111111111,1,2,2025,925.0,50.0,1100.0
round_potato,Kagera,2025-01-13,1100.0,1000.0,1000.0,900.0,900.0,0.0,100.0,0.0,1,3,2025,950.0,57.73502691896257,900.0
round_potato,Kagera,2025-01-20,900.0,1100.0,1000.0,1000.0,900.0,100.0,0.0,10.0,1,4,2025,1000.0,81.64965809277261,900.0
round_potato,Kagera,2025-01-27,900.0,900.0,1100.0,1000.0,1000.0,-200.0,100.0,-18.181818181818183,1,5,2025,1000.0,81.64965809277261,900.0
round_potato,Kagera,2025-02-03,900.0,900.0,900.0,1100.0,1000.0,0.0,-200.0,0.0,2,6,2025,975.0,95.74271077563381,900.0
round_potato,Kagera,2025-02-10,900.0,900.0,900.0,900.0,1100.0,0.0,0.0,0.0,2,7,2025,950.0,100.0,1000.0
round_potato,Kagera,2025-02-24,,1000.0,900.0,900.0,900.0,100.0,0.0,11.11111111111111,2,9,2025,925.0,50.0,900.0
round_potato,Kagera,2025-05-05,900.0,900.0,900.0,900.0,900.0,0.0,0.0,0.0,5,19,2025,900.0,0.0,700.0
round_potato,Kagera,2025-05-12,700.0,900.0,900.0,900.0,900.0,0.0,0.0,0.0,5,20,2025,900.0,0.0,900.0
round_potato,Kagera,2025-05-19,900.0,700.0,900.0,900.0,900.0,-200.0,0.0,-22.22222222222222,5,21,2025,850.0,100.0,900.0
round_potato,Kagera,2025-05-26,900.0,900.0,700.0,900.0,900.0,200.0,-200.0,28.57142857142857,5,22,2025,850.0,100.0,900.0
round_potato,Kagera,2025-06-02,900.0,900.0,900.0,700.0,900.0,0.0,200.0,0.0,6,23,2025,850.0,100.0,900.0
round_potato,Kagera,2025-06-09,900.0,900.0,900.0,900.0,700.0,0.0,0.0,0.0,6,24,2025,850.0,100.0,900.0
round_potato,Kagera,2025-06-16,900.0,900.0,900.0,900.0,900.0,0.0,0.0,0.0,6,25,2025,900.0,0.0,900.0
round_potato,Kagera,2025-06-30,,900.0,900.0,900.0,900.0,0.0,0.0,0.0,6,27,2025,900.0,0.0,900.0
round_potato,Kagera,2025-08-04,900.0,800.0,900.0,900.0,900.0,-100.0,0.0,-11.11111111111111,8,32,2025,875.0,50.0,900.0
round_potato,Kagera,2025-08-11,900.0,900.0,800.0,900.0,900.0,100.0,-100.0,12.5,8,33,2025,875.0,50.0,900.0
round_potato,Kagera,2025-08-18,900.0,900.0,900.0,800.0,900.0,0.0,100.0,0.0,8,34,2025,875.0,50.0,1000.0
round_potato,Kagera,2025-08-25,1000.0,900.0,900.0,900.0,800.0,0.0,0.0,0.0,8,35,2025,875.0,50.0,800.0
round_potato,Kagera,2025-09-01,800.0,1000.0,900.0,900.0,900.0,100.0,0.0,11.11111111111111,9,36,2025,925.0,50.0,800.0
round_potato,Kagera,2025-09-08,800.0,800.0,1000.0,900.0,900.0,-200.0,100.0,-20.0,9,37,2025,900.0,81.64965809277261,900.0
round_potato,Kagera,2025-09-15,900.0,800.0,800.0,1000.0,900.0,0.0,-200.0,0.0,9,38,2025,875.0,95.74271077563381,900.0
round_potato,Kagera,2025-09-22,900.0,900.0,800.0,800.0,1000.0,100.0,0.0,12.5,9,39,2025,875.0,95.74271077563381,900.0
round_potato,Kagera,2025-09-29,900.0,900.0,900.0,800.0,800.0,0.0,100.0,0.0,9,40,2025,850.0,57.735026918962596,900.0
round_potato,Kagera,2025-10-06,900.0,900.0,900.0,900.0,800.0,0.0,0.0,0.0,10,41,2025,875.0,50.00000000000003,1200.0
round_potato,Kagera,2025-12-01,900.0,900.0,900.0,900.0,900.0,0.0,0.0,0.0,12,49,2025,900.0,0.0,800.0
round_potato,Kagera,2025-12-08,800.0,900.0,900.0,900.0,900.0,0.0,0.0,0.0,12,50,2025,900.0,0.0,800.0
round_potato,Kagera,2025-12-22,,800.0,800.0,900.0,900.0,0.0,-100.0,0.0,12,52,2025,850.0,57.73502691896257,900.0
round_potato,Kagera,2026-02-16,900.0,800.0,800.0,800.0,800.0,0.0,0.0,0.0,2,8,2026,800.0,0.0,900.0
round_potato,Kagera,2026-02-23,900.0,900.0,800.0,800.0,800.0,100.0,0.0,12.5,2,9,2026,825.0,50.0,900.0
round_potato,Kagera,2026-03-02,900.0,900.0,900.0,800.0,800.0,0.0,100.0,0.0,3,10,2026,850.0,57.73502691896257,900.0
round_potato,Kagera,2026-03-09,900.0,900.0,900.0,900.0,800.0,0.0,0.0,0.0,3,11,2026,875.0,49.99999999999999,900.0
round_potato,Kagera,2026-03-16,900.0,900.0,900.0,900.0,900.0,0.0,0.0,0.0,3,12,2026,900.0,0.0,900.0
round_potato,Kagera,2026-03-23,900.0,900.0,900.0,900.0,900.0,0.0,0.0,0.0,3,13,2026,900.0,0.0,900.0
round_potato,Kagera,2026-03-30,900.0,900.0,900.0,900.0,900.0,0.0,0.0,0.0,3,14,2026,900.0,0.0,900.0
round_potato,Kagera,2026-04-06,900.0,900.0,900.0,900.0,900.0,0.0,0.0,0.0,4,15,2026,900.0,0.0,900.0
round_potato,Kagera,2026-04-13,900.0,900.0,900.0,900.0,900.0,0.0,0.0,0.0,4,16,2026,900.0,0.0,900.0
round_potato,Kagera,2026-04-20,900.0,900.0,900.0,900.0,900.0,0.0,0.0,0.0,4,17,2026,900.0,0.0,900.0
round_potato,Kagera,2026-04-27,900.0,900.0,900.0,900.0,900.0,0.0,0.0,0.0,4,18,2026,900.0,0.0,900.0
round_potato,Kagera,2026-05-04,900.0,900.0,900.0,900.0,900.0,0.0,0.0,0.0,5,19,2026,900.0,0.0,900.0
round_potato,Kagera,2026-05-11,900.0,900.0,900.0,900.0,900.0,0.0,0.0,0.0,5,20,2026,900.0,0.0,900.0
round_potato,Kagera,2026-05-18,900.0,900.0,900.0,900.0,900.0,0.0,0.0,0.0,5,21,2026,900.0,0.0,900.0
round_potato,Kagera,2026-05-25,900.0,900.0,900.0,900.0,900.0,0.0,0.0,0.0,5,22,2026,900.0,0.0,900.0
round_potato,Kagera,2026-06-01,900.0,900.0,900.0,900.0,900.0,0.0,0.0,0.0,6,23,2026,900.0,0.0,900.0
round_potato,Kagera,2026-06-08,900.0,900.0,900.0,900.0,900.0,0.0,0.0,0.0,6,24,2026,900.0,0.0,900.0
round_potato,Kagera,2026-06-15,900.0,900.0,900.0,900.0,900.0,0.0,0.0,0.0,6,25,2026,900.0,0.0,800.0
round_potato,Katavi,2025-04-21,1500.0,1200.0,1300.0,1300.0,1300.0,-100.0,0.0,-7.6923076923076925,4,17,2025,1275.0,50.0,1100.0
round_potato,Katavi,2025-09-15,1200.0,1000.0,1300.0,1400.0,1300.0,-300.0,-100.0,-23.076923076923077,9,38,2025,1250.0,173.2050807568877,1200.0
round_potato,Kigoma,2025-09-22,1000.0,900.0,800.0,800.0,1000.0,100.0,0.0,12.5,9,39,2025,875.0,95.74271077563381,1000.0
round_potato,Kigoma,2025-09-29,1000.0,1000.0,900.0,800.0,800.0,100.0,100.0,11.11111111111111,9,40,2025,875.0,95.74271077563381,1000.0
round_potato,Kigoma,2025-10-06,1000.0,1000.0,1000.0,900.0,800.0,0.0,100.0,0.0,10,41,2025,925.0,95.74271077563381,1000.0
round_potato,Kigoma,2025-10-13,1000.0,1000.0,1000.0,1000.0,900.0,0.0,0.0,0.0,10,42,2025,975.0,50.00000000000002,1000.0
round_potato,Kigoma,2025-12-08,1000.0,1000.0,1000.0,1000.0,1000.0,0.0,0.0,0.0,12,50,2025,1000.0,0.0,1000.0
round_potato,Kigoma,2025-12-22,,1000.0,1000.0,1000.0,1000.0,0.0,0.0,0.0,12,52,2025,1000.0,0.0,1100.0
round_potato,Kigoma,2026-03-02,1400.0,1500.0,1500.0,1400.0,1400.0,0.0,100.0,0.0,3,10,2026,1450.0,57.73502691896261,1500.0
round_potato,Kigoma,2026-03-09,1500.0,1400.0,1500.0,1500.0,1400.0,-100.0,0.0,-6.666666666666667,3,11,2026,1450.0,57.73502691896261,1700.0
round_potato,Kigoma,2026-03-16,1700.0,1500.0,1400.0,1500.0,1500.0,100.0,-100.0,7.142857142857142,3,12,2026,1475.0,50.000000000000014,1300.0
round_potato,Kigoma,2026-03-23,1300.0,1700.0,1500.0,1400.0,1500.0,200.0,100.0,13.333333333333334,3,13,2026,1525.0,125.83057392117915,1600.0
round_potato,Kigoma,2026-03-30,1600.0,1300.0,1700.0,1500.0,1400.0,-400.0,200.0,-23.52941176470588,3,14,2026,1475.0,170.7825127659933,1600.0
round_potato,Kigoma,2026-04-06,1600.0,1600.0,1300.0,1700.0,1500.0,300.0,-400.0,23.076923076923077,4,15,2026,1525.0,170.7825127659933,1400.0
round_potato,Kigoma,2026-04-13,1400.0,1600.0,1600.0,1300.0,1700.0,0.0,300.0,0.0,4,16,2026,1550.0,173.20508075688772,1100.0
round_potato,Kigoma,2026-04-20,1100.0,1400.0,1600.0,1600.0,1300.0,-200.0,0.0,-12.5,4,17,2026,1475.0,150.0,1100.0
round_potato,Kigoma,2026-04-27,1100.0,1100.0,1400.0,1600.0,1600.0,-300.0,-200.0,-21.428571428571427,4,18,2026,1425.0,236.29078131263043,800.0
round_potato,Kigoma,2026-05-04,800.0,1100.0,1100.0,1400.0,1600.0,0.0,-300.0,0.0,5,19,2026,1300.0,244.94897427831782,1000.0
round_potato,Kigoma,2026-05-11,1000.0,800.0,1100.0,1100.0,1400.0,-300.0,0.0,-27.27272727272727,5,20,2026,1100.0,244.94897427831782,800.0
round_potato,Lindi,2025-04-21,900.0,1000.0,1000.0,900.0,900.0,0.0,100.0,0.0,4,17,2025,950.0,57.735026918962554,1000.0
round_potato,Lindi,2025-04-28,1000.0,900.0,1000.0,1000.0,900.0,-100.0,0.0,-10.0,4,18,2025,950.0,57.735026918962554,900.0
round_potato,Lindi,2025-05-05,900.0,1000.0,900.0,1000.0,1000.0,100.0,-100.0,11.11111111111111,5,19,2025,975.0,49.999999999999986,900.0
round_potato,Lindi,2025-05-12,900.0,900.0,1000.0,900.0,1000.0,-100.0,100.0,-10.0,5,20,2025,950.0,57.735026918962554,900.0
round_potato,Lindi,2025-05-19,900.0,900.0,900.0,1000.0,900.0,0.0,-100.0,0.0,5,21,2025,925.0,49.999999999999986,800.0
round_potato,Lindi,2025-05-26,800.0,900.0,900.0,900.0,1000.0,0.0,0.0,0.0,5,22,2025,925.0,49.999999999999986,800.0
round_potato,Lindi,2025-06-02,800.0,800.0,900.0,900.0,900.0,-100.0,0.0,-11.11111111111111,6,23,2025,875.0,50.0,800.0
round_potato,Lindi,2025-06-09,800.0,800.0,800.0,900.0,900.0,0.0,-100.0,0.0,6,24,2025,850.0,57.73502691896257,900.0
round_potato,Lindi,2025-06-16,900.0,800.0,800.0,800.0,900.0,0.0,0.0,0.0,6,25,2025,825.0,49.99999999999999,900.0
round_potato,Lindi,2025-09-01,800.0,800.0,800.0,800.0,800.0,0.0,0.0,0.0,9,36,2025,800.0,0.0,800.0
round_potato,Lindi,2025-09-08,800.0,800.0,800.0,800.0,800.0,0.0,0.0,0.0,9,37,2025,800.0,0.0,800.0
round_potato,Lindi,2025-09-15,800.0,800.0,800.0,800.0,800.0,0.0,0.0,0.0,9,38,2025,800.0,0.0,800.0
round_potato,Lindi,2025-09-29,,800.0,800.0,800.0,800.0,0.0,0.0,0.0,9,40,2025,800.0,0.0,800.0
round_potato,Lindi,2025-12-01,900.0,1000.0,900.0,900.0,800.0,100.0,0.0,11.11111111111111,12,49,2025,900.0,81.64965809277261,900.0
round_potato,Lindi,2026-02-16,1300.0,1300.0,1200.0,1200.0,1200.0,100.0,0.0,8.333333333333332,2,8,2026,1225.0,50.0,1300.0
round_potato,Lindi,2026-02-23,1300.0,1300.0,1300.0,1200.0,1200.0,0.0,100.0,0.0,2,9,2026,1250.0,57.735026918962596,1000.0
round_potato,Lindi,2026-03-02,1000.0,1300.0,1300.0,1300.0,1200.0,0.0,0.0,0.0,3,10,2026,1275.0,49.99999999999999,1000.0
round_potato,Lindi,2026-03-16,,1000.0,1000.0,1300.0,1300.0,0.0,-300.0,0.0,3,12,2026,1150.0,173.20508075688772,1000.0
round_potato,Lindi,2026-05-04,800.0,800.0,800.0,900.0,1200.0,0.0,-100.0,0.0,5,19,2026,925.0,189.2969448600091,800.0
round_potato,Lindi,2026-05-11,800.0,800.0,800.0,800.0,900.0,0.0,0.0,0.0,5,20,2026,825.0,49.99999999999992,800.0
round_potato,Lindi,2026-05-18,800.0,800.0,800.0,800.0,800.0,0.0,0.0,0.0,5,21,2026,800.0,0.0,900.0
round_potato,Lindi,2026-05-25,900.0,800.0,800.0,800.0,800.0,0.0,0.0,0.0,5,22,2026,800.0,0.0,1200.0
round_potato,Lindi,2026-06-01,1200.0,900.0,800.0,800.0,800.0,100.0,0.0,12.5,6,23,2026,825.0,50.0,1300.0
round_potato,Lindi,2026-06-15,,1300.0,1200.0,900.0,800.0,100.0,300.0,8.333333333333332,6,25,2026,1050.0,238.04761428476166,1400.0
round_potato,Manyara,2026-03-30,900.0,1000.0,1000.0,1100.0,1200.0,0.0,-100.0,0.0,3,14,2026,1075.0,95.74271077563381,900.0
round_potato,Manyara,2026-04-06,900.0,900.0,1000.0,1000.0,1100.0,-100.0,0.0,-10.0,4,15,2026,1000.0,81.64965809277257,900.0
round_potato,Manyara,2026-04-13,900.0,900.0,900.0,1000.0,1000.0,0.0,-100.0,0.0,4,16,2026,950.0,57.735026918962504,800.0
round_potato,Manyara,2026-04-20,800.0,900.0,900.0,900.0,1000.0,0.0,0.0,0.0,4,17,2026,925.0,49.99999999999992,800.0
round_potato,Manyara,2026-04-27,800.0,800.0,900.0,900.0,900.0,-100.0,0.0,-11.11111111111111,4,18,2026,875.0,50.0,800.0
round_potato,Manyara,2026-05-04,800.0,800.0,800.0,900.0,900.0,0.0,-100.0,0.0,5,19,2026,850.0,57.73502691896257,800.0
round_potato,Manyara,2026-05-11,800.0,800.0,800.0,800.0,900.0,0.0,0.0,0.0,5,20,2026,825.0,49.99999999999999,800.0
round_potato,Manyara,2026-05-18,800.0,800.0,800.0,800.0,800.0,0.0,0.0,0.0,5,21,2026,800.0,0.0,900.0
round_potato,Manyara,2026-05-25,900.0,800.0,800.0,800.0,800.0,0.0,0.0,0.0,5,22,2026,800.0,0.0,1000.0
round_potato,Mara,2024-12-30,1200.0,1400.0,1400.0,1400.0,1400.0,0.0,0.0,0.0,12,1,2024,1400.0,0.0,1400.0
round_potato,Mara,2025-01-06,1400.0,1200.0,1400.0,1400.0,1400.0,-200.0,0.0,-14.285714285714285,1,2,2025,1350.0,100.0,1500.0
round_potato,Mara,2025-05-26,1400.0,1400.0,1300.0,1400.0,1300.0,100.0,-100.0,7.6923076923076925,5,22,2025,1350.0,57.73502691896261,1300.0
round_potato,Mara,2025-06-02,1300.0,1400.0,1400.0,1300.0,1400.0,0.0,100.0,0.0,6,23,2025,1375.0,50.000000000000014,1300.0
round_potato,Mara,2025-06-09,1300.0,1300.0,1400.0,1400.0,1300.0,-100.0,0.0,-7.142857142857142,6,24,2025,1350.0,57.73502691896261,1300.0
round_potato,Mara,2025-08-11,,1300.0,1300.0,1300.0,1300.0,0.0,0.0,0.0,8,33,2025,1300.0,0.0,1300.0
round_potato,Mara,2025-12-08,,1400.0,1400.0,1400.0,1500.0,0.0,0.0,0.0,12,50,2025,1425.0,50.000000000000014,1300.0
round_potato,Mara,2026-02-16,1400.0,1400.0,1400.0,1400.0,1400.0,0.0,0.0,0.0,2,8,2026,1400.0,0.0,1400.0
round_potato,Mara,2026-03-02,,1400.0,1400.0,1400.0,1400.0,0.0,0.0,0.0,3,10,2026,1400.0,0.0,1400.0
round_potato,Morogoro,2024-12-30,800.0,800.0,800.0,800.0,800.0,0.0,0.0,0.0,12,1,2024,800.0,0.0,900.0
round_potato,Morogoro,2025-01-06,900.0,800.0,800.0,800.0,800.0,0.0,0.0,0.0,1,2,2025,800.0,0.0,800.0
round_potato,Morogoro,2025-01-13,800.0,900.0,800.0,800.0,800.0,100.0,0.0,12.5,1,3,2025,825.0,50.0,800.0
round_potato,Morogoro,2025-01-20,800.0,800.0,900.0,800.0,800.0,-100.0,100.0,-11.11111111111111,1,4,2025,825.0,50.0,800.0
round_potato,Morogoro,2025-01-27,800.0,800.0,800.0,900.0,800.0,0.0,-100.0,0.0,1,5,2025,825.0,50.0,800.0
round_potato,Morogoro,2025-02-03,800.0,800.0,800.0,800.0,900.0,0.0,0.0,0.0,2,6,2025,825.0,50.0,700.0
round_potato,Morogoro,2025-02-10,700.0,800.0,800.0,800.0,800.0,0.0,0.0,0.0,2,7,2025,800.0,0.0,900.0
round_potato,Morogoro,2025-02-17,900.0,700.0,800.0,800.0,800.0,-100.0,0.0,-12.5,2,8,2025,775.0,50.0,600.0
round_potato,Morogoro,2025-02-24,600.0,900.0,700.0,800.0,800.0,200.0,-100.0,28.57142857142857,2,9,2025,800.0,81.64965809277261,600.0
round_potato,Morogoro,2025-03-03,600.0,600.0,900.0,700.0,800.0,-300.0,200.0,-33.33333333333333,3,10,2025,750.0,129.09944487358058,600.0
round_potato,Morogoro,2025-03-17,,600.0,600.0,600.0,900.0,0.0,0.0,0.0,3,12,2025,675.0,150.0,800.0
round_potato,Morogoro,2025-04-21,800.0,800.0,800.0,700.0,800.0,0.0,100.0,0.0,4,17,2025,775.0,50.00000000000006,900.0
round_potato,Morogoro,2025-04-28,900.0,800.0,800.0,800.0,700.0,0.0,0.0,0.0,4,18,2025,775.0,50.00000000000006,700.0
round_potato,Morogoro,2025-05-05,700.0,900.0,800.0,800.0,800.0,100.0,0.0,12.5,5,19,2025,825.0,50.0,700.0
round_potato,Morogoro,2025-05-12,700.0,700.0,900.0,800.0,800.0,-200.0,100.0,-22.22222222222222,5,20,2025,800.0,81.64965809277261,800.0
round_potato,Morogoro,2025-05-19,800.0,700.0,700.0,900.0,800.0,0.0,-200.0,0.0,5,21,2025,775.0,95.74271077563381,700.0
round_potato,Morogoro,2025-05-26,700.0,800.0,700.0,700.0,900.0,100.0,0.0,14.285714285714285,5,22,2025,775.0,95.74271077563381,700.0
round_potato,Morogoro,2025-06-02,700.0,700.0,800.0,700.0,700.0,-100.0,100.0,-12.5,6,23,2025,725.0,50.00000000000003,700.0
round_potato,Morogoro,2025-06-09,700.0,700.0,700.0,800.0,700.0,0.0,-100.0,0.0,6,24,2025,725.0,50.00000000000003,600.0
round_potato,Morogoro,2025-06-16,600.0,700.0,700.0,700.0,800.0,0.0,0.0,0.0,6,25,2025,725.0,50.00000000000003,600.0
round_potato,Morogoro,2025-06-30,,600.0,600.0,700.0,700.0,0.0,-100.0,0.0,6,27,2025,650.0,57.73502691896257,700.0
round_potato,Morogoro,2025-08-25,600.0,600.0,700.0,600.0,600.0,-100.0,100.0,-14.285714285714285,8,35,2025,625.0,49.999999999999986,600.0
round_potato,Morogoro,2025-09-01,600.0,600.0,600.0,700.0,600.0,0.0,-100.0,0.0,9,36,2025,625.0,49.999999999999986,600.0
round_potato,Morogoro,2025-09-15,,600.0,600.0,600.0,600.0,0.0,0.0,0.0,9,38,2025,600.0,0.0,600.0
round_potato,Morogoro,2025-10-27,,800.0,900.0,800.0,600.0,-100.0,100.0,-11.11111111111111,10,44,2025,775.0,125.8305739211792,800.0
round_potato,Morogoro,2025-12-01,900.0,1100.0,1300.0,1100.0,800.0,-200.0,200.0,-15.384615384615385,12,49,2025,1075.0,206.155281280883,1000.0
round_potato,Morogoro,2025-12-08,1000.0,900.0,1100.0,1300.0,1100.0,-200.0,-200.0,-18.181818181818183,12,50,2025,1100.0,163.29931618554517,1000.0
round_potato,Morogoro,2025-12-22,,1000.0,1000.0,900.0,1100.0,0.0,100.0,0.0,12,52,2025,1000.0,81.64965809277254,1300.0
round_potato,Morogoro,2026-02-16,1700.0,1500.0,1400.0,1800.0,1600.0,100.0,-400.0,7.142857142857142,2,8,2026,1575.0,170.78251276599323,1000.0
round_potato,Morogoro,2026-02-23,1000.0,1700.0,1500.0,1400.0,1800.0,200.0,100.0,13.333333333333334,2,9,2026,1600.0,182.57418583505532,800.0
round_potato,Morogoro,2026-03-02,800.0,1000.0,1700.0,1500.0,1400.0,-700.0,200.0,-41.17647058823529,3,10,2026,1400.0,294.39202887759484,900.0
round_potato,Morogoro,2026-03-09,900.0,800.0,1000.0,1700.0,1500.0,-200.0,-700.0,-20.0,3,11,2026,1250.0,420.31734043061635,800.0
round_potato,Morogoro,2026-03-16,800.0,900.0,800.0,1000.0,1700.0,100.0,-200.0,12.5,3,12,2026,1100.0,408.248290463863,800.0
round_potato,Morogoro,2026-03-23,800.0,800.0,900.0,800.0,1000.0,-100.0,100.0,-11.11111111111111,3,13,2026,875.0,95.74271077563371,800.0
round_potato,Morogoro,2026-04-06,,800.0,800.0,800.0,900.0,0.0,0.0,0.0,4,15,2026,825.0,49.99999999999982,900.0
round_potato,Morogoro,2026-06-08,1100.0,1200.0,900.0,700.0,700.0,300.0,200.0,33.33333333333333,6,24,2026,875.0,236.29078131263043,1200.0
round_potato,Morogoro,2026-06-15,1200.0,1100.0,1200.0,900.0,700.0,-100.0,300.0,-8.333333333333332,6,25,2026,975.0,221.7355782608345,1200.0
round_potato,Mtwara,2026-02-16,1300.0,1600.0,2000.0,1600.0,1400.0,-400.0,400.0,-20.0,2,8,2026,1650.0,251.6611478423583,1100.0
round_potato,Mtwara,2026-02-23,1100.0,1300.0,1600.0,2000.0,1600.0,-300.0,-400.0,-18.75,2,9,2026,1625.0,287.2281323269014,900.0
round_potato,Mtwara,2026-03-02,900.0,1100.0,1300.0,1600.0,2000.0,-200.0,-300.0,-15.384615384615385,3,10,2026,1500.0,391.5780041490243,1000.0
round_potato,Mtwara,2026-05-11,900.0,900.0,1000.0,1000.0,1200.0,-100.0,0.0,-10.0,5,20,2026,1025.0,125.83057392117918,900.0
round_potato,Mtwara,2026-05-18,900.0,900.0,900.0,1000.0,1000.0,0.0,-100.0,0.0,5,21,2026,950.0,57.73502691896259,1600.0
round_potato,Mtwara,2026-05-25,1600.0,900.0,900.0,900.0,1000.0,0.0,0.0,0.0,5,22,2026,925.0,50.00000000000002,1300.0
round_potato,Mtwara,2026-06-08,,1300.0,1600.0,900.0,900.0,-300.0,700.0,-18.75,6,24,2026,1175.0,340.34296427770227,1200.0
round_potato,Mwanza,2024-12-30,,1200.0,1000.0,1100.0,1100.0,200.0,-100.0,20.0,12,1,2024,1100.0,81.64965809277261,1200.0
round_potato,Mwanza,2025-02-03,,1000.0,1000.0,1200.0,1200.0,0.0,-200.0,0.0,2,6,2025,1100.0,115.47005383792511,1000.0
round_potato,Mwanza,2025-04-21,1100.0,1100.0,1000.0,1000.0,1000.0,100.0,0.0,10.0,4,17,2025,1025.0,50.0,1000.0
round_potato,Mwanza,2025-04-28,1000.0,1100.0,1100.0,1000.0,1000.0,0.0,100.0,0.0,4,18,2025,1050.0,57.735026918962596,1000.0
round_potato,Mwanza,2025-05-05,1000.0,1000.0,1100.0,1100.0,1000.0,-100.0,0.0,-9.090909090909092,5,19,2025,1050.0,57.735026918962596,1000.0
round_potato,Mwanza,2025-05-12,1000.0,1000.0,1000.0,1100.0,1100.0,0.0,-100.0,0.0,5,20,2025,1050.0,57.735026918962596,1000.0
round_potato,Mwanza,2025-05-19,1000.0,1000.0,1000.0,1000.0,1100.0,0.0,0.0,0.0,5,21,2025,1025.0,49.99999999999999,1000.0
round_potato,Mwanza,2025-05-26,1000.0,1000.0,1000.0,1000.0,1000.0,0.0,0.0,0.0,5,22,2025,1000.0,0.0,1000.0
round_potato,Mwanza,2025-06-02,1000.0,1000.0,1000.0,1000.0,1000.0,0.0,0.0,0.0,6,23,2025,1000.0,0.0,1000.0
round_potato,Mwanza,2025-06-09,1000.0,1000.0,1000.0,1000.0,1000.0,0.0,0.0,0.0,6,24,2025,1000.0,0.0,900.0
round_potato,Mwanza,2025-06-16,900.0,1000.0,1000.0,1000.0,1000.0,0.0,0.0,0.0,6,25,2025,1000.0,0.0,900.0
round_potato,Mwanza,2025-06-30,,900.0,900.0,1000.0,1000.0,0.0,-100.0,0.0,6,27,2025,950.0,57.73502691896257,900.0
round_potato,Mwanza,2025-09-08,875.0,900.0,900.0,1100.0,1700.0,0.0,-200.0,0.0,9,37,2025,1150.0,378.59388972001824,900.0
round_potato,Mwanza,2025-09-15,900.0,875.0,900.0,900.0,1100.0,-25.0,0.0,-2.7777777777777777,9,38,2025,943.75,104.83121354507587,900.0
round_potato,Mwanza,2025-09-22,900.0,900.0,875.0,900.0,900.0,25.0,-25.0,2.857142857142857,9,39,2025,893.75,12.499999999998565,900.0
round_potato,Mwanza,2025-09-29,900.0,900.0,900.0,875.0,900.0,0.0,25.0,0.0,9,40,2025,893.75,12.499999999998565,900.0
round_potato,Mwanza,2025-10-13,,900.0,900.0,900.0,900.0,0.0,0.0,0.0,10,42,2025,900.0,0.0,800.0
round_potato,Mwanza,2026-02-16,1200.0,1200.0,1500.0,1100.0,1000.0,-300.0,400.0,-20.0,2,8,2026,1200.0,216.02468994692865,1400.0
round_potato,Mwanza,2026-02-23,1400.0,1200.0,1200.0,1500.0,1100.0,0.0,-300.0,0.0,2,9,2026,1250.0,173.2050807568877,1300.0
round_potato,Mwanza,2026-03-02,1300.0,1400.0,1200.0,1200.0,1500.0,200.0,0.0,16.666666666666664,3,10,2026,1325.0,149.99999999999997,1300.0
round_potato,Mwanza,2026-03-16,,1300.0,1300.0,1400.0,1200.0,0.0,-100.0,0.0,3,12,2026,1300.0,81.64965809277257,1400.0
round_potato,Mwanza,2026-04-20,1000.0,1100.0,1100.0,1100.0,1400.0,0.0,0.0,0.0,4,17,2026,1175.0,150.00000000000003,1000.0
round_potato,Njombe,2024-12-30,700.0,600.0,700.0,700.0,700.0,-100.0,0.0,-14.285714285714285,12,1,2024,675.0,50.0,700.0
round_potato,Njombe,2025-01-06,700.0,700.0,600.0,700.0,700.0,100.0,-100.0,16.666666666666664,1,2,2025,675.0,50.0,600.0
round_potato,Njombe,2025-01-13,600.0,700.0,700.0,600.0,700.0,0.0,100.0,0.0,1,3,2025,675.0,50.0,600.0
round_potato,Njombe,2025-01-20,600.0,600.0,700.0,700.0,600.0,-100.0,0.0,-14.285714285714285,1,4,2025,650.0,57.73502691896257,900.0
round_potato,Njombe,2025-01-27,900.0,600.0,600.0,700.0,700.0,0.0,-100.0,0.0,1,5,2025,650.0,57.73502691896257,700.0
round_potato,Njombe,2025-02-03,700.0,900.0,600.0,600.0,700.0,300.0,0.0,50.0,2,6,2025,700.0,141.42135623730948,600.0
round_potato,Njombe,2025-02-10,600.0,700.0,900.0,600.0,600.0,-200.0,300.0,-22.22222222222222,2,7,2025,700.0,141.42135623730948,600.0
round_potato,Njombe,2025-02-24,,600.0,600.0,700.0,900.0,0.0,-100.0,0.0,2,9,2025,700.0,141.42135623730948,600.0
round_potato,Njombe,2025-04-21,600.0,600.0,600.0,600.0,600.0,0.0,0.0,0.0,4,17,2025,600.0,0.0,600.0
round_potato,Njombe,2025-04-28,600.0,600.0,600.0,600.0,600.0,0.0,0.0,0.0,4,18,2025,600.0,0.0,600.0
round_potato,Njombe,2025-05-05,600.0,600.0,600.0,600.0,600.0,0.0,0.0,0.0,5,19,2025,600.0,0.0,600.0
round_potato,Njombe,2025-05-12,600.0,600.0,600.0,600.0,600.0,0.0,0.0,0.0,5,20,2025,600.0,0.0,500.0
round_potato,Njombe,2025-05-19,500.0,600.0,600.0,600.0,600.0,0.0,0.0,0.0,5,21,2025,600.0,0.0,500.0
round_potato,Njombe,2025-05-26,500.0,500.0,600.0,600.0,600.0,-100.0,0.0,-16.666666666666664,5,22,2025,575.0,50.0,500.0
round_potato,Njombe,2025-06-02,500.0,500.0,500.0,600.0,600.0,0.0,-100.0,0.0,6,23,2025,550.0,57.73502691896257,500.0
round_potato,Njombe,2025-06-09,500.0,500.0,500.0,500.0,600.0,0.0,0.0,0.0,6,24,2025,525.0,49.99999999999999,450.0
round_potato,Njombe,2025-06-16,450.0,500.0,500.0,500.0,500.0,0.0,0.0,0.0,6,25,2025,500.0,0.0,400.0
round_potato,Njombe,2025-12-08,800.0,600.0,700.0,600.0,600.0,-100.0,100.0,-14.285714285714285,12,50,2025,625.0,49.999999999999986,800.0
round_potato,Njombe,2025-12-22,,800.0,800.0,600.0,700.0,0.0,200.0,0.0,12,52,2025,725.0,95.7427107756338,900.0
round_potato,Njombe,2026-02-16,600.0,800.0,1000.0,1000.0,1000.0,-200.0,0.0,-20.0,2,8,2026,950.0,100.0,600.0
round_potato,Njombe,2026-02-23,600.0,600.0,800.0,1000.0,1000.0,-200.0,-200.0,-25.0,2,9,2026,850.0,191.48542155126762,700.0
round_potato,Njombe,2026-03-02,700.0,600.0,600.0,800.0,1000.0,0.0,-200.0,0.0,3,10,2026,750.0,191.48542155126762,500.0
round_potato,Njombe,2026-03-09,500.0,700.0,600.0,600.0,800.0,100.0,0.0,16.666666666666664,3,11,2026,675.0,95.74271077563382,500.0
round_potato,Njombe,2026-03-16,500.0,500.0,700.0,600.0,600.0,-200.0,100.0,-28.57142857142857,3,12,2026,600.0,81.64965809277264,600.0
round_potato,Njombe,2026-03-23,600.0,500.0,500.0,700.0,600.0,0.0,-200.0,0.0,3,13,2026,575.0,95.74271077563384,600.0
round_potato,Njombe,2026-03-30,600.0,600.0,500.0,500.0,700.0,100.0,0.0,20.0,3,14,2026,575.0,95.74271077563384,600.0
round_potato,Njombe,2026-04-06,600.0,600.0,600.0,500.0,500.0,0.0,100.0,0.0,4,15,2026,550.0,57.73502691896263,600.0
round_potato,Njombe,2026-04-13,600.0,600.0,600.0,600.0,500.0,0.0,0.0,0.0,4,16,2026,575.0,50.00000000000007,600.0
round_potato,Njombe,2026-04-20,600.0,600.0,600.0,600.0,600.0,0.0,0.0,0.0,4,17,2026,600.0,0.0,600.0
round_potato,Njombe,2026-04-27,600.0,600.0,600.0,600.0,600.0,0.0,0.0,0.0,4,18,2026,600.0,0.0,600.0
round_potato,Njombe,2026-05-11,,600.0,600.0,600.0,600.0,0.0,0.0,0.0,5,20,2026,600.0,0.0,700.0
round_potato,Njombe,2026-06-15,800.0,800.0,800.0,900.0,700.0,0.0,-100.0,0.0,6,25,2026,800.0,81.64965809277255,1000.0
round_potato,Pwani,2025-04-21,,1000.0,1000.0,1000.0,1000.0,0.0,0.0,0.0,4,17,2025,1000.0,0.0,1000.0
round_potato,Pwani,2025-05-26,1300.0,1300.0,1300.0,1100.0,1000.0,0.0,200.0,0.0,5,22,2025,1175.0,150.00000000000006,1300.0
round_potato,Pwani,2025-06-02,1300.0,1300.0,1300.0,1300.0,1100.0,0.0,0.0,0.0,6,23,2025,1250.0,100.0000000000001,1300.0
round_potato,Pwani,2025-06-09,1300.0,1300.0,1300.0,1300.0,1300.0,0.0,0.0,0.0,6,24,2025,1300.0,0.0,1300.0
round_potato,Pwani,2025-06-16,1300.0,1300.0,1300.0,1300.0,1300.0,0.0,0.0,0.0,6,25,2025,1300.0,0.0,1300.0
round_potato,Pwani,2025-08-11,,1300.0,1300.0,1300.0,1300.0,0.0,0.0,0.0,8,33,2025,1300.0,0.0,1300.0
round_potato,Pwani,2025-09-15,1500.0,1300.0,1300.0,1300.0,1300.0,0.0,0.0,0.0,9,38,2025,1300.0,0.0,1500.0
round_potato,Pwani,2025-09-22,1500.0,1500.0,1300.0,1300.0,1300.0,200.0,0.0,15.384615384615385,9,39,2025,1350.0,100.0,1300.0
round_potato,Pwani,2025-09-29,1300.0,1500.0,1500.0,1300.0,1300.0,0.0,200.0,0.0,9,40,2025,1400.0,115.47005383792514,1000.0
round_potato,Pwani,2025-10-13,,1000.0,1300.0,1500.0,1500.0,-300.0,-200.0,-23.076923076923077,10,42,2025,1325.0,236.2907813126304,1000.0
round_potato,Pwani,2026-02-23,,1600.0,1700.0,1700.0,1900.0,-100.0,0.0,-5.88235294117647,2,9,2026,1725.0,125.83057392117914,1600.0
round_potato,Rukwa,2024-12-30,900.0,900.0,1000.0,900.0,900.0,-100.0,100.0,-10.0,12,1,2024,925.0,49.999999999999986,900.0
round_potato,Rukwa,2025-01-06,900.0,900.0,900.0,1000.0,900.0,0.0,-100.0,0.0,1,2,2025,925.0,49.999999999999986,900.0
round_potato,Rukwa,2025-01-13,900.0,900.0,900.0,900.0,1000.0,0.0,0.0,0.0,1,3,2025,925.0,49.999999999999986,900.0
round_potato,Rukwa,2025-01-27,,900.0,900.0,900.0,900.0,0.0,0.0,0.0,1,5,2025,900.0,0.0,800.0
round_potato,Rukwa,2025-03-03,700.0,700.0,700.0,800.0,800.0,0.0,-100.0,0.0,3,10,2025,750.0,57.735026918962554,800.0
round_potato,Rukwa,2025-03-17,,800.0,700.0,700.0,700.0,100.0,0.0,14.285714285714285,3,12,2025,725.0,50.0,800.0
round_potato,Rukwa,2025-04-21,,800.0,800.0,800.0,800.0,0.0,0.0,0.0,4,17,2025,800.0,0.0,800.0
round_potato,Rukwa,2025-05-26,800.0,800.0,800.0,800.0,800.0,0.0,0.0,0.0,5,22,2025,800.0,0.0,800.0
round_potato,Rukwa,2025-06-02,800.0,800.0,800.0,800.0,800.0,0.0,0.0,0.0,6,23,2025,800.0,0.0,800.0
round_potato,Rukwa,2025-06-09,800.0,800.0,800.0,800.0,800.0,0.0,0.0,0.0,6,24,2025,800.0,0.0,900.0
round_potato,Rukwa,2025-06-16,900.0,800.0,800.0,800.0,800.0,0.0,0.0,0.0,6,25,2025,800.0,0.0,900.0
round_potato,Rukwa,2025-06-30,,900.0,900.0,800.0,800.0,0.0,100.0,0.0,6,27,2025,850.0,57.73502691896257,700.0
round_potato,Rukwa,2025-10-13,600.0,600.0,600.0,600.0,600.0,0.0,0.0,0.0,10,42,2025,600.0,0.0,600.0
round_potato,Rukwa,2025-10-27,,600.0,600.0,600.0,600.0,0.0,0.0,0.0,10,44,2025,600.0,0.0,800.0
round_potato,Rukwa,2025-12-01,800.0,700.0,800.0,800.0,800.0,-100.0,0.0,-12.5,12,49,2025,775.0,50.0,800.0
round_potato,Rukwa,2025-12-08,800.0,800.0,700.0,800.0,800.0,100.0,-100.0,14.285714285714285,12,50,2025,775.0,50.0,1000.0
round_potato,Rukwa,2025-12-22,,1000.0,800.0,800.0,700.0,200.0,0.0,25.0,12,52,2025,825.0,125.83057392117917,1000.0
round_potato,Rukwa,2026-02-16,800.0,800.0,1000.0,1000.0,1400.0,-200.0,0.0,-20.0,2,8,2026,1050.0,251.66114784235833,800.0
round_potato,Rukwa,2026-02-23,800.0,800.0,800.0,1000.0,1000.0,0.0,-200.0,0.0,2,9,2026,900.0,115.47005383792522,800.0
round_potato,Rukwa,2026-03-02,800.0,800.0,800.0,800.0,1000.0,0.0,0.0,0.0,3,10,2026,850.0,100.00000000000009,800.0
round_potato,Rukwa,2026-03-09,800.0,800.0,800.0,800.0,800.0,0.0,0.0,0.0,3,11,2026,800.0,0.0,800.0
round_potato,Rukwa,2026-03-16,800.0,800.0,800.0,800.0,800.0,0.0,0.0,0.0,3,12,2026,800.0,0.0,800.0
round_potato,Rukwa,2026-03-23,800.0,800.0,800.0,800.0,800.0,0.0,0.0,0.0,3,13,2026,800.0,0.0,800.0
round_potato,Rukwa,2026-03-30,800.0,800.0,800.0,800.0,800.0,0.0,0.0,0.0,3,14,2026,800.0,0.0,800.0
round_potato,Rukwa,2026-04-06,800.0,800.0,800.0,800.0,800.0,0.0,0.0,0.0,4,15,2026,800.0,0.0,800.0
round_potato,Rukwa,2026-04-13,800.0,800.0,800.0,800.0,800.0,0.0,0.0,0.0,4,16,2026,800.0,0.0,800.0
round_potato,Rukwa,2026-04-20,800.0,800.0,800.0,800.0,800.0,0.0,0.0,0.0,4,17,2026,800.0,0.0,800.0
round_potato,Rukwa,2026-04-27,800.0,800.0,800.0,800.0,800.0,0.0,0.0,0.0,4,18,2026,800.0,0.0,800.0
round_potato,Rukwa,2026-05-04,800.0,800.0,800.0,800.0,800.0,0.0,0.0,0.0,5,19,2026,800.0,0.0,800.0
round_potato,Rukwa,2026-05-11,800.0,800.0,800.0,800.0,800.0,0.0,0.0,0.0,5,20,2026,800.0,0.0,800.0
round_potato,Rukwa,2026-05-18,800.0,800.0,800.0,800.0,800.0,0.0,0.0,0.0,5,21,2026,800.0,0.0,900.0
round_potato,Rukwa,2026-05-25,900.0,800.0,800.0,800.0,800.0,0.0,0.0,0.0,5,22,2026,800.0,0.0,1100.0
round_potato,Rukwa,2026-06-01,1100.0,900.0,800.0,800.0,800.0,100.0,0.0,12.5,6,23,2026,825.0,50.0,1100.0
round_potato,Rukwa,2026-06-15,,1100.0,1100.0,900.0,800.0,0.0,200.0,0.0,6,25,2026,975.0,150.0,900.0
round_potato,Ruvuma,2025-02-03,,700.0,700.0,700.0,700.0,0.0,0.0,0.0,2,6,2025,700.0,0.0,700.0
round_potato,Ruvuma,2025-05-05,700.0,700.0,700.0,700.0,700.0,0.0,0.0,0.0,5,19,2025,700.0,0.0,700.0
round_potato,Ruvuma,2025-05-12,700.0,700.0,700.0,700.0,700.0,0.0,0.0,0.0,5,20,2025,700.0,0.0,700.0
round_potato,Ruvuma,2025-05-19,700.0,700.0,700.0,700.0,700.0,0.0,0.0,0.0,5,21,2025,700.0,0.0,700.0
round_potato,Ruvuma,2025-05-26,700.0,700.0,700.0,700.0,700.0,0.0,0.0,0.0,5,22,2025,700.0,0.0,700.0
round_potato,Ruvuma,2025-06-02,700.0,700.0,700.0,700.0,700.0,0.0,0.0,0.0,6,23,2025,700.0,0.0,700.0
round_potato,Ruvuma,2025-06-09,700.0,700.0,700.0,700.0,700.0,0.0,0.0,0.0,6,24,2025,700.0,0.0,700.0
round_potato,Ruvuma,2025-06-16,700.0,700.0,700.0,700.0,700.0,0.0,0.0,0.0,6,25,2025,700.0,0.0,700.0
round_potato,Ruvuma,2025-06-30,,700.0,700.0,700.0,700.0,0.0,0.0,0.0,6,27,2025,700.0,0.0,700.0
round_potato,Ruvuma,2025-09-29,,700.0,700.0,700.0,700.0,0.0,0.0,0.0,9,40,2025,700.0,0.0,700.0
round_potato,Ruvuma,2026-03-23,,800.0,600.0,700.0,700.0,200.0,-100.0,33.33333333333333,3,13,2026,700.0,81.64965809277261,800.0
round_potato,Ruvuma,2026-04-27,800.0,700.0,800.0,800.0,800.0,-100.0,0.0,-12.5,4,18,2026,775.0,50.0,800.0
round_potato,Ruvuma,2026-05-04,800.0,800.0,700.0,800.0,800.0,100.0,-100.0,14.285714285714285,5,19,2026,775.0,50.0,800.0
round_potato,Ruvuma,2026-05-11,800.0,800.0,800.0,700.0,800.0,0.0,100.0,0.0,5,20,2026,775.0,50.0,800.0
round_potato,Shinyanga,2025-02-03,1200.0,1100.0,1100.0,1000.0,1000.0,0.0,100.0,0.0,2,6,2025,1050.0,57.73502691896261,1000.0
round_potato,Shinyanga,2025-02-10,1000.0,1200.0,1100.0,1100.0,1000.0,100.0,0.0,9.090909090909092,2,7,2025,1100.0,81.64965809277261,1000.0
round_potato,Shinyanga,2025-02-24,,1000.0,1000.0,1200.0,1100.0,0.0,-200.0,0.0,2,9,2025,1075.0,95.74271077563381,1000.0
round_potato,Shinyanga,2025-05-26,900.0,900.0,900.0,900.0,1000.0,0.0,0.0,0.0,5,22,2025,925.0,50.00000000000001,900.0
round_potato,Shinyanga,2025-06-02,900.0,900.0,900.0,900.0,900.0,0.0,0.0,0.0,6,23,2025,900.0,0.0,900.0
round_potato,Shinyanga,2025-06-09,900.0,900.0,900.0,900.0,900.0,0.0,0.0,0.0,6,24,2025,900.0,0.0,900.0
round_potato,Shinyanga,2025-06-16,900.0,900.0,900.0,900.0,900.0,0.0,0.0,0.0,6,25,2025,900.0,0.0,900.0
round_potato,Shinyanga,2025-06-30,,900.0,900.0,900.0,900.0,0.0,0.0,0.0,6,27,2025,900.0,0.0,900.0
round_potato,Shinyanga,2025-08-04,1000.0,1000.0,800.0,900.0,900.0,200.0,-100.0,25.0,8,32,2025,900.0,81.64965809277261,900.0
round_potato,Shinyanga,2025-08-11,900.0,1000.0,1000.0,800.0,900.0,0.0,200.0,0.0,8,33,2025,925.0,95.74271077563381,900.0
round_potato,Shinyanga,2025-08-18,900.0,900.0,1000.0,1000.0,800.0,-100.0,0.0,-10.0,8,34,2025,925.0,95.74271077563381,900.0
round_potato,Shinyanga,2025-08-25,900.0,900.0,900.0,1000.0,1000.0,0.0,-100.0,0.0,8,35,2025,950.0,57.73502691896259,900.0
round_potato,Shinyanga,2025-09-01,900.0,900.0,900.0,900.0,1000.0,0.0,0.0,0.0,9,36,2025,925.0,50.00000000000002,900.0
round_potato,Shinyanga,2025-09-08,900.0,900.0,900.0,900.0,900.0,0.0,0.0,0.0,9,37,2025,900.0,0.0,900.0
round_potato,Shinyanga,2025-09-15,900.0,900.0,900.0,900.0,900.0,0.0,0.0,0.0,9,38,2025,900.0,0.0,900.0
round_potato,Shinyanga,2025-09-22,900.0,900.0,900.0,900.0,900.0,0.0,0.0,0.0,9,39,2025,900.0,0.0,900.0
round_potato,Shinyanga,2025-09-29,900.0,900.0,900.0,900.0,900.0,0.0,0.0,0.0,9,40,2025,900.0,0.0,900.0
round_potato,Shinyanga,2025-10-13,,900.0,900.0,900.0,900.0,0.0,0.0,0.0,10,42,2025,900.0,0.0,900.0
round_potato,Shinyanga,2025-12-08,1000.0,1000.0,1000.0,900.0,900.0,0.0,100.0,0.0,12,50,2025,950.0,57.735026918962554,1100.0
round_potato,Shinyanga,2025-12-22,,1100.0,1000.0,1000.0,1000.0,100.0,0.0,10.0,12,52,2025,1025.0,50.0,1100.0
round_potato,Shinyanga,2026-02-16,1400.0,1400.0,1200.0,1100.0,1100.0,200.0,100.0,16.666666666666664,2,8,2026,1200.0,141.42135623730954,1300.0
round_potato,Shinyanga,2026-02-23,1300.0,1400.0,1400.0,1200.0,1100.0,0.0,200.0,0.0,2,9,2026,1275.0,150.00000000000006,1100.0
round_potato,Shinyanga,2026-03-02,1100.0,1300.0,1400.0,1400.0,1200.0,-100.0,0.0,-7.142857142857142,3,10,2026,1325.0,95.74271077563391,1100.0
round_potato,Shinyanga,2026-03-09,1100.0,1100.0,1300.0,1400.0,1400.0,-200.0,-100.0,-15.384615384615385,3,11,2026,1300.0,141.42135623730957,1000.0
round_potato,Shinyanga,2026-03-16,1000.0,1100.0,1100.0,1300.0,1400.0,0.0,-200.0,0.0,3,12,2026,1225.0,150.00000000000009,1000.0
round_potato,Shinyanga,2026-03-23,1000.0,1000.0,1100.0,1100.0,1300.0,-100.0,0.0,-9.090909090909092,3,13,2026,1125.0,125.8305739211793,900.0
round_potato,Shinyanga,2026-03-30,900.0,1000.0,1000.0,1100.0,1100.0,0.0,-100.0,0.0,3,14,2026,1050.0,57.735026918962895,1000.0
round_potato,Shinyanga,2026-04-06,1000.0,900.0,1000.0,1000.0,1100.0,-100.0,0.0,-10.0,4,15,2026,1000.0,81.64965809277281,1000.0
round_potato,Shinyanga,2026-04-13,1000.0,1000.0,900.0,1000.0,1000.0,100.0,-100.0,11.11111111111111,4,16,2026,975.0,50.00000000000031,1000.0
round_potato,Shinyanga,2026-04-20,1000.0,1000.0,1000.0,900.0,1000.0,0.0,100.0,0.0,4,17,2026,975.0,50.00000000000031,900.0
round_potato,Shinyanga,2026-04-27,900.0,1000.0,1000.0,1000.0,900.0,0.0,0.0,0.0,4,18,2026,975.0,50.00000000000031,900.0
round_potato,Shinyanga,2026-05-04,900.0,900.0,1000.0,1000.0,1000.0,-100.0,0.0,-10.0,5,19,2026,975.0,50.0,1000.0
round_potato,Shinyanga,2026-05-11,1000.0,900.0,900.0,1000.0,1000.0,0.0,-100.0,0.0,5,20,2026,950.0,57.73502691896257,1000.0
round_potato,Shinyanga,2026-05-18,1000.0,1000.0,900.0,900.0,1000.0,100.0,0.0,11.11111111111111,5,21,2026,950.0,57.73502691896257,1100.0
round_potato,Shinyanga,2026-05-25,1100.0,1000.0,1000.0,900.0,900.0,0.0,100.0,0.0,5,22,2026,950.0,57.73502691896257,1100.0
round_potato,Shinyanga,2026-06-01,1100.0,1100.0,1000.0,1000.0,900.0,100.0,0.0,10.0,6,23,2026,1000.0,81.64965809277261,1100.0
round_potato,Shinyanga,2026-06-08,1100.0,1100.0,1100.0,1000.0,1000.0,0.0,100.0,0.0,6,24,2026,1050.0,57.735026918962625,1100.0
round_potato,Shinyanga,2026-06-15,1100.0,1100.0,1100.0,1100.0,1000.0,0.0,0.0,0.0,6,25,2026,1075.0,50.00000000000003,1000.0
round_potato,Simiyu,2024-12-30,,1400.0,1400.0,1500.0,1500.0,0.0,-100.0,0.0,12,1,2024,1450.0,57.73502691896261,1500.0
round_potato,Simiyu,2025-02-10,,1400.0,1500.0,1400.0,1500.0,-100.0,100.0,-6.666666666666667,2,7,2025,1450.0,57.73502691896261,1500.0
round_potato,Simiyu,2025-04-21,1400.0,1500.0,1500.0,1500.0,1500.0,0.0,0.0,0.0,4,17,2025,1500.0,0.0,1500.0
round_potato,Simiyu,2025-06-16,1500.0,1500.0,1400.0,1500.0,1500.0,100.0,-100.0,7.142857142857142,6,25,2025,1475.0,50.00000000000002,1500.0
round_potato,Simiyu,2025-06-30,,1500.0,1500.0,1500.0,1400.0,0.0,0.0,0.0,6,27,2025,1475.0,50.00000000000002,1500.0
round_potato,Simiyu,2025-08-04,1500.0,1500.0,1400.0,1400.0,1500.0,100.0,0.0,7.142857142857142,8,32,2025,1450.0,57.73502691896261,1500.0
round_potato,Simiyu,2025-08-11,1500.0,1500.0,1500.0,1400.0,1400.0,0.0,100.0,0.0,8,33,2025,1450.0,57.73502691896261,1500.0
round_potato,Simiyu,2025-08-18,1500.0,1500.0,1500.0,1500.0,1400.0,0.0,0.0,0.0,8,34,2025,1475.0,50.000000000000014,1400.0
round_potato,Simiyu,2025-08-25,1400.0,1500.0,1500.0,1500.0,1500.0,0.0,0.0,0.0,8,35,2025,1500.0,0.0,1400.0
round_potato,Simiyu,2025-09-01,1400.0,1400.0,1500.0,1500.0,1500.0,-100.0,0.0,-6.666666666666667,9,36,2025,1475.0,50.0,1400.0
round_potato,Simiyu,2025-09-15,,1400.0,1400.0,1400.0,1500.0,0.0,0.0,0.0,9,38,2025,1425.0,49.99999999999999,1500.0
round_potato,Simiyu,2025-12-08,1400.0,1400.0,1500.0,1400.0,1400.0,-100.0,100.0,-6.666666666666667,12,50,2025,1425.0,50.00000000000002,1400.0
round_potato,Simiyu,2025-12-22,,1400.0,1400.0,1400.0,1500.0,0.0,0.0,0.0,12,52,2025,1425.0,50.00000000000002,1200.0
round_potato,Simiyu,2026-02-16,1400.0,1400.0,1500.0,1400.0,1400.0,-100.0,100.0,-6.666666666666667,2,8,2026,1425.0,50.00000000000002,1400.0
round_potato,Simiyu,2026-02-23,1400.0,1400.0,1400.0,1500.0,1400.0,0.0,-100.0,0.0,2,9,2026,1425.0,50.00000000000002,1500.0
round_potato,Simiyu,2026-03-02,1500.0,1400.0,1400.0,1400.0,1500.0,0.0,0.0,0.0,3,10,2026,1425.0,50.00000000000002,1500.0
round_potato,Simiyu,2026-03-09,1500.0,1500.0,1400.0,1400.0,1400.0,100.0,0.0,7.142857142857142,3,11,2026,1425.0,50.0,1500.0
round_potato,Simiyu,2026-03-23,,1500.0,1500.0,1500.0,1400.0,0.0,0.0,0.0,3,13,2026,1475.0,49.99999999999999,1500.0
round_potato,Simiyu,2026-04-27,1500.0,1500.0,1500.0,1500.0,1500.0,0.0,0.0,0.0,4,18,2026,1500.0,0.0,1500.0
round_potato,Simiyu,2026-05-04,1500.0,1500.0,1500.0,1500.0,1500.0,0.0,0.0,0.0,5,19,2026,1500.0,0.0,1500.0
round_potato,Simiyu,2026-05-11,1500.0,1500.0,1500.0,1500.0,1500.0,0.0,0.0,0.0,5,20,2026,1500.0,0.0,1500.0
round_potato,Simiyu,2026-05-18,1500.0,1500.0,1500.0,1500.0,1500.0,0.0,0.0,0.0,5,21,2026,1500.0,0.0,1500.0
round_potato,Simiyu,2026-05-25,1500.0,1500.0,1500.0,1500.0,1500.0,0.0,0.0,0.0,5,22,2026,1500.0,0.0,1500.0
round_potato,Simiyu,2026-06-01,1500.0,1500.0,1500.0,1500.0,1500.0,0.0,0.0,0.0,6,23,2026,1500.0,0.0,1500.0
round_potato,Simiyu,2026-06-15,,1500.0,1500.0,1500.0,1500.0,0.0,0.0,0.0,6,25,2026,1500.0,0.0,1500.0
round_potato,Singida,2025-05-12,1100.0,1100.0,1100.0,1100.0,1000.0,0.0,0.0,0.0,5,20,2025,1075.0,49.99999999999998,1100.0
round_potato,Singida,2025-05-19,1100.0,1100.0,1100.0,1100.0,1100.0,0.0,0.0,0.0,5,21,2025,1100.0,0.0,1100.0
round_potato,Singida,2025-05-26,1100.0,1100.0,1100.0,1100.0,1100.0,0.0,0.0,0.0,5,22,2025,1100.0,0.0,1100.0
round_potato,Singida,2025-06-02,1100.0,1100.0,1100.0,1100.0,1100.0,0.0,0.0,0.0,6,23,2025,1100.0,0.0,1100.0
round_potato,Singida,2025-06-09,1100.0,1100.0,1100.0,1100.0,1100.0,0.0,0.0,0.0,6,24,2025,1100.0,0.0,1100.0
round_potato,Singida,2025-06-16,1100.0,1100.0,1100.0,1100.0,1100.0,0.0,0.0,0.0,6,25,2025,1100.0,0.0,1100.0
round_potato,Tabora,2025-04-21,900.0,1000.0,1000.0,1000.0,1000.0,0.0,0.0,0.0,4,17,2025,1000.0,0.0,900.0
round_potato,Tabora,2025-04-28,900.0,900.0,1000.0,1000.0,1000.0,-100.0,0.0,-10.0,4,18,2025,975.0,50.0,800.0
round_potato,Tabora,2025-05-05,800.0,900.0,900.0,1000.0,1000.0,0.0,-100.0,0.0,5,19,2025,950.0,57.73502691896257,800.0
round_potato,Tabora,2025-05-12,800.0,800.0,900.0,900.0,1000.0,-100.0,0.0,-11.11111111111111,5,20,2025,900.0,81.64965809277261,800.0
round_potato,Tabora,2025-05-19,800.0,800.0,800.0,900.0,900.0,0.0,-100.0,0.0,5,21,2025,850.0,57.73502691896257,900.0
round_potato,Tabora,2025-05-26,900.0,800.0,800.0,800.0,900.0,0.0,0.0,0.0,5,22,2025,825.0,49.99999999999999,900.0
round_potato,Tabora,2025-06-02,900.0,900.0,800.0,800.0,800.0,100.0,0.0,12.5,6,23,2025,825.0,50.0,900.0
round_potato,Tabora,2025-06-16,,900.0,900.0,900.0,800.0,0.0,0.0,0.0,6,25,2025,875.0,49.99999999999999,900.0
round_potato,Tabora,2025-09-15,800.0,800.0,800.0,800.0,700.0,0.0,0.0,0.0,9,38,2025,775.0,49.999999999999986,800.0
round_potato,Tabora,2025-09-22,800.0,800.0,800.0,800.0,800.0,0.0,0.0,0.0,9,39,2025,800.0,0.0,800.0
round_potato,Tabora,2025-10-06,,800.0,800.0,800.0,800.0,0.0,0.0,0.0,10,41,2025,800.0,0.0,900.0
round_potato,Tabora,2026-02-16,1300.0,1300.0,1300.0,1300.0,1200.0,0.0,0.0,0.0,2,8,2026,1275.0,49.99999999999998,1300.0
round_potato,Tabora,2026-02-23,1300.0,1300.0,1300.0,1300.0,1300.0,0.0,0.0,0.0,2,9,2026,1300.0,0.0,1000.0
round_potato,Tabora,2026-03-02,1000.0,1300.0,1300.0,1300.0,1300.0,0.0,0.0,0.0,3,10,2026,1300.0,0.0,1000.0
round_potato,Tabora,2026-03-09,1000.0,1000.0,1300.0,1300.0,1300.0,-300.0,0.0,-23.076923076923077,3,11,2026,1225.0,150.0,1000.0
round_potato,Tabora,2026-03-16,1000.0,1000.0,1000.0,1300.0,1300.0,0.0,-300.0,0.0,3,12,2026,1150.0,173.20508075688772,1300.0
round_potato,Tabora,2026-03-23,1300.0,1000.0,1000.0,1000.0,1300.0,0.0,0.0,0.0,3,13,2026,1075.0,150.0,1000.0
round_potato,Tabora,2026-03-30,1000.0,1300.0,1000.0,1000.0,1000.0,300.0,0.0,30.0,3,14,2026,1075.0,150.0,1000.0
round_potato,Tabora,2026-04-06,1000.0,1000.0,1300.0,1000.0,1000.0,-300.0,300.0,-23.076923076923077,4,15,2026,1075.0,150.0,1000.0
round_potato,Tabora,2026-04-13,1000.0,1000.0,1000.0,1300.0,1000.0,0.0,-300.0,0.0,4,16,2026,1075.0,150.0,1000.0
round_potato,Tabora,2026-04-20,1000.0,1000.0,1000.0,1000.0,1300.0,0.0,0.0,0.0,4,17,2026,1075.0,150.0,900.0
round_potato,Tabora,2026-04-27,900.0,1000.0,1000.0,1000.0,1000.0,0.0,0.0,0.0,4,18,2026,1000.0,0.0,900.0
round_potato,Tabora,2026-05-04,900.0,900.0,1000.0,1000.0,1000.0,-100.0,0.0,-10.0,5,19,2026,975.0,50.0,900.0
round_potato,Tabora,2026-05-11,900.0,900.0,900.0,1000.0,1000.0,0.0,-100.0,0.0,5,20,2026,950.0,57.73502691896257,800.0
round_potato,Tabora,2026-05-18,800.0,900.0,900.0,900.0,1000.0,0.0,0.0,0.0,5,21,2026,925.0,49.99999999999999,1000.0
round_potato,Tabora,2026-05-25,1000.0,800.0,900.0,900.0,900.0,-100.0,0.0,-11.11111111111111,5,22,2026,875.0,50.0,1000.0
round_potato,Tabora,2026-06-01,1000.0,1000.0,800.0,900.0,900.0,200.0,-100.0,25.0,6,23,2026,900.0,81.64965809277261,1200.0
round_potato,Tabora,2026-06-15,,1200.0,1000.0,1000.0,800.0,200.0,0.0,20.0,6,25,2026,1000.0,163.29931618554522,1200.0
round_potato,Tanga,2026-02-16,,1400.0,1400.0,1400.0,1400.0,0.0,0.0,0.0,2,8,2026,1400.0,0.0,1400.0
round_potato,Tanga,2026-03-23,1000.0,1000.0,1400.0,1400.0,1400.0,-400.0,0.0,-28.57142857142857,3,13,2026,1300.0,200.0,1000.0
round_potato,Tanga,2026-03-30,1000.0,1000.0,1000.0,1400.0,1400.0,0.0,-400.0,0.0,3,14,2026,1200.0,230.94010767585033,1200.0
round_potato,Tanga,2026-04-06,1200.0,1000.0,1000.0,1000.0,1400.0,0.0,0.0,0.0,4,15,2026,1100.0,200.00000000000003,1400.0
round_potato,Tanga,2026-04-13,1400.0,1200.0,1000.0,1000.0,1000.0,200.0,0.0,20.0,4,16,2026,1050.0,100.0,1400.0
round_potato,Tanga,2026-04-20,1400.0,1400.0,1200.0,1000.0,1000.0,200.0,200.0,16.666666666666664,4,17,2026,1150.0,191.4854215512676,1400.0
round_potato,Tanga,2026-04-27,1400.0,1400.0,1400.0,1200.0,1000.0,0.0,200.0,0.0,4,18,2026,1250.0,191.4854215512676,1400.0
round_potato,Tanga,2026-05-04,1400.0,1400.0,1400.0,1400.0,1200.0,0.0,0.0,0.0,5,19,2026,1350.0,99.99999999999999,900.0
round_potato,Tanga,2026-05-11,900.0,1400.0,1400.0,1400.0,1400.0,0.0,0.0,0.0,5,20,2026,1400.0,0.0,800.0
round_potato,Tanga,2026-05-18,800.0,900.0,1400.0,1400.0,1400.0,-500.0,0.0,-35.714285714285715,5,21,2026,1275.0,250.0,900.0
round_potato,Tanga,2026-05-25,900.0,800.0,900.0,1400.0,1400.0,-100.0,-500.0,-11.11111111111111,5,22,2026,1125.0,320.1562118716424,1100.0
round_potato,Tanga,2026-06-01,1100.0,900.0,800.0,900.0,1400.0,100.0,-100.0,12.5,6,23,2026,1000.0,270.801280154532,1300.0
round_potato,Tanga,2026-06-08,1300.0,1100.0,900.0,800.0,900.0,200.0,100.0,22.22222222222222,6,24,2026,925.0,125.83057392117908,1500.0
round_potato,Tanga,2026-06-15,1500.0,1300.0,1100.0,900.0,800.0,200.0,200.0,18.181818181818183,6,25,2026,1025.0,221.73557826083447,1100.0
sorghum,Arusha,2025-01-06,1000.0,1000.0,1000.0,1000.0,1000.0,0.0,0.0,0.0,1,2,2025,1000.0,0.0,1000.0
sorghum,Arusha,2025-01-13,1000.0,1000.0,1000.0,1000.0,1000.0,0.0,0.0,0.0,1,3,2025,1000.0,0.0,1000.0
sorghum,Arusha,2025-01-20,1000.0,1000.0,1000.0,1000.0,1000.0,0.0,0.0,0.0,1,4,2025,1000.0,0.0,1000.0
sorghum,Arusha,2025-01-27,1000.0,1000.0,1000.0,1000.0,1000.0,0.0,0.0,0.0,1,5,2025,1000.0,0.0,1100.0
sorghum,Arusha,2025-02-10,,1100.0,1000.0,1000.0,1000.0,100.0,0.0,10.0,2,7,2025,1025.0,50.0,1100.0
sorghum,Arusha,2025-03-17,,1100.0,1200.0,1100.0,1100.0,-100.0,100.0,-8.333333333333332,3,12,2025,1125.0,50.00000000000002,1300.0
sorghum,Arusha,2025-04-21,1300.0,1300.0,1300.0,1300.0,1300.0,0.0,0.0,0.0,4,17,2025,1300.0,0.0,1200.0
sorghum,Arusha,2025-04-28,1200.0,1300.0,1300.0,1300.0,1300.0,0.0,0.0,0.0,4,18,2025,1300.0,0.0,1600.0
sorghum,Arusha,2025-05-05,1600.0,1200.0,1300.0,1300.0,1300.0,-100.0,0.0,-7.6923076923076925,5,19,2025,1275.0,50.0,1300.0
sorghum,Arusha,2025-05-12,1300.0,1600.0,1200.0,1300.0,1300.0,400.0,-100.0,33.33333333333333,5,20,2025,1350.0,173.20508075688772,1300.0
sorghum,Arusha,2025-05-19,1300.0,1300.0,1600.0,1200.0,1300.0,-300.0,400.0,-18.75,5,21,2025,1350.0,173.20508075688772,1300.0
sorghum,Arusha,2025-05-26,1300.0,1300.0,1300.0,1600.0,1200.0,0.0,-300.0,0.0,5,22,2025,1350.0,173.20508075688772,1300.0
sorghum,Arusha,2025-06-02,1300.0,1300.0,1300.0,1300.0,1600.0,0.0,0.0,0.0,6,23,2025,1375.0,150.0,1300.0
sorghum,Arusha,2025-06-09,1300.0,1300.0,1300.0,1300.0,1300.0,0.0,0.0,0.0,6,24,2025,1300.0,0.0,1300.0
sorghum,Arusha,2025-06-16,1300.0,1300.0,1300.0,1300.0,1300.0,0.0,0.0,0.0,6,25,2025,1300.0,0.0,1200.0
sorghum,Arusha,2025-06-30,,1200.0,1300.0,1300.0,1300.0,-100.0,0.0,-7.6923076923076925,6,27,2025,1275.0,50.0,1200.0
sorghum,Arusha,2025-08-04,1200.0,1200.0,1200.0,1200.0,1200.0,0.0,0.0,0.0,8,32,2025,1200.0,0.0,1200.0
sorghum,Arusha,2025-08-11,1200.0,1200.0,1200.0,1200.0,1200.0,0.0,0.0,0.0,8,33,2025,1200.0,0.0,1200.0
sorghum,Arusha,2025-08-18,1200.0,1200.0,1200.0,1200.0,1200.0,0.0,0.0,0.0,8,34,2025,1200.0,0.0,1100.0
sorghum,Arusha,2025-08-25,1100.0,1200.0,1200.0,1200.0,1200.0,0.0,0.0,0.0,8,35,2025,1200.0,0.0,1100.0
sorghum,Arusha,2025-09-01,1100.0,1100.0,1200.0,1200.0,1200.0,-100.0,0.0,-8.333333333333332,9,36,2025,1175.0,50.0,1100.0
sorghum,Arusha,2025-09-08,1100.0,1100.0,1100.0,1200.0,1200.0,0.0,-100.0,0.0,9,37,2025,1150.0,57.735026918962596,1100.0
sorghum,Arusha,2025-09-15,1100.0,1100.0,1100.0,1100.0,1200.0,0.0,0.0,0.0,9,38,2025,1125.0,49.99999999999999,1100.0
sorghum,Arusha,2025-09-22,1100.0,1100.0,1100.0,1100.0,1100.0,0.0,0.0,0.0,9,39,2025,1100.0,0.0,1100.0
sorghum,Arusha,2025-09-29,1100.0,1100.0,1100.0,1100.0,1100.0,0.0,0.0,0.0,9,40,2025,1100.0,0.0,1100.0
sorghum,Arusha,2025-10-06,1100.0,1100.0,1100.0,1100.0,1100.0,0.0,0.0,0.0,10,41,2025,1100.0,0.0,1100.0
sorghum,Arusha,2025-10-13,1100.0,1100.0,1100.0,1100.0,1100.0,0.0,0.0,0.0,10,42,2025,1100.0,0.0,1100.0
sorghum,Arusha,2025-10-27,,1100.0,1100.0,1100.0,1100.0,0.0,0.0,0.0,10,44,2025,1100.0,0.0,1100.0
sorghum,Arusha,2025-12-01,1100.0,1100.0,1100.0,1100.0,1100.0,0.0,0.0,0.0,12,49,2025,1100.0,0.0,1100.0
sorghum,Arusha,2025-12-08,1100.0,1100.0,1100.0,1100.0,1100.0,0.0,0.0,0.0,12,50,2025,1100.0,0.0,1100.0
sorghum,Arusha,2025-12-22,,1100.0,1100.0,1100.0,1100.0,0.0,0.0,0.0,12,52,2025,1100.0,0.0,1100.0
sorghum,Arusha,2026-02-16,1300.0,1300.0,1300.0,1300.0,1300.0,0.0,0.0,0.0,2,8,2026,1300.0,0.0,1300.0
sorghum,Arusha,2026-02-23,1300.0,1300.0,1300.0,1300.0,1300.0,0.0,0.0,0.0,2,9,2026,1300.0,0.0,1300.0
sorghum,Arusha,2026-03-02,1300.0,1300.0,1300.0,1300.0,1300.0,0.0,0.0,0.0,3,10,2026,1300.0,0.0,1300.0
sorghum,Arusha,2026-03-09,1300.0,1300.0,1300.0,1300.0,1300.0,0.0,0.0,0.0,3,11,2026,1300.0,0.0,800.0
sorghum,Arusha,2026-03-16,800.0,1300.0,1300.0,1300.0,1300.0,0.0,0.0,0.0,3,12,2026,1300.0,0.0,900.0
sorghum,Arusha,2026-03-23,900.0,800.0,1300.0,1300.0,1300.0,-500.0,0.0,-38.46153846153847,3,13,2026,1175.0,250.0,1300.0
sorghum,Arusha,2026-03-30,1300.0,900.0,800.0,1300.0,1300.0,100.0,-500.0,12.5,3,14,2026,1075.0,262.9955639676583,1300.0
sorghum,Arusha,2026-04-06,1300.0,1300.0,900.0,800.0,1300.0,400.0,100.0,44.44444444444444,4,15,2026,1075.0,262.9955639676583,1300.0
sorghum,Arusha,2026-04-13,1300.0,1300.0,1300.0,900.0,800.0,0.0,400.0,0.0,4,16,2026,1075.0,262.9955639676583,1300.0
sorghum,Arusha,2026-04-20,1300.0,1300.0,1300.0,1300.0,900.0,0.0,0.0,0.0,4,17,2026,1200.0,199.99999999999994,1300.0
sorghum,Arusha,2026-04-27,1300.0,1300.0,1300.0,1300.0,1300.0,0.0,0.0,0.0,4,18,2026,1300.0,0.0,1300.0
sorghum,Arusha,2026-05-04,1300.0,1300.0,1300.0,1300.0,1300.0,0.0,0.0,0.0,5,19,2026,1300.0,0.0,1300.0
sorghum,Arusha,2026-05-11,1300.0,1300.0,1300.0,1300.0,1300.0,0.0,0.0,0.0,5,20,2026,1300.0,0.0,1300.0
sorghum,Arusha,2026-05-25,,1300.0,1300.0,1300.0,1300.0,0.0,0.0,0.0,5,22,2026,1300.0,0.0,1300.0
sorghum,Dar es Salaam,2025-04-21,1400.0,1300.0,1300.0,1300.0,1200.0,0.0,0.0,0.0,4,17,2025,1275.0,50.000000000000014,1400.0
sorghum,Dar es Salaam,2025-04-28,1400.0,1400.0,1300.0,1300.0,1300.0,100.0,0.0,7.6923076923076925,4,18,2025,1325.0,50.0,1300.0
sorghum,Dar es Salaam,2025-05-05,1300.0,1400.0,1400.0,1300.0,1300.0,0.0,100.0,0.0,5,19,2025,1350.0,57.735026918962596,1300.0
sorghum,Dar es Salaam,2025-05-12,1300.0,1300.0,1400.0,1400.0,1300.0,-100.0,0.0,-7.142857142857142,5,20,2025,1350.0,57.735026918962596,1300.0
sorghum,Dar es Salaam,2025-05-26,,1300.0,1300.0,1300.0,1400.0,0.0,0.0,0.0,5,22,2025,1325.0,49.99999999999999,1300.0
sorghum,Dar es Salaam,2025-06-30,,1300.0,1400.0,1300.0,1300.0,-100.0,100.0,-7.142857142857142,6,27,2025,1325.0,50.00000000000002,1600.0
sorghum,Dar es Salaam,2025-12-01,,1200.0,1200.0,1400.0,1200.0,0.0,-200.0,0.0,12,49,2025,1250.0,100.00000000000001,1500.0
sorghum,Dar es Salaam,2026-05-04,,1300.0,1300.0,1300.0,1300.0,0.0,0.0,0.0,5,19,2026,1300.0,0.0,1300.0
sorghum,Dodoma,2025-03-17,,700.0,700.0,700.0,700.0,0.0,0.0,0.0,3,12,2025,700.0,0.0,800.0
sorghum,Dodoma,2025-06-30,,700.0,600.0,600.0,600.0,100.0,0.0,16.666666666666664,6,27,2025,625.0,50.0,700.0
sorghum,Dodoma,2025-09-22,,800.0,800.0,700.0,700.0,0.0,100.0,0.0,9,39,2025,750.0,57.735026918962554,700.0
sorghum,Dodoma,2025-10-27,,700.0,700.0,700.0,700.0,0.0,0.0,0.0,10,44,2025,700.0,0.0,700.0
sorghum,Dodoma,2026-02-16,800.0,800.0,800.0,800.0,800.0,0.0,0.0,0.0,2,8,2026,800.0,0.0,800.0
sorghum,Dodoma,2026-02-23,800.0,800.0,800.0,800.0,800.0,0.0,0.0,0.0,2,9,2026,800.0,0.0,900.0
sorghum,Dodoma,2026-03-02,900.0,800.0,800.0,800.0,800.0,0.0,0.0,0.0,3,10,2026,800.0,0.0,800.0
sorghum,Dodoma,2026-03-09,800.0,900.0,800.0,800.0,800.0,100.0,0.0,12.5,3,11,2026,825.0,50.0,800.0
sorghum,Dodoma,2026-03-16,800.0,800.0,900.0,800.0,800.0,-100.0,100.0,-11.11111111111111,3,12,2026,825.0,50.0,800.0
sorghum,Dodoma,2026-03-23,800.0,800.0,800.0,900.0,800.0,0.0,-100.0,0.0,3,13,2026,825.0,50.0,800.0
sorghum,Dodoma,2026-03-30,800.0,800.0,800.0,800.0,900.0,0.0,0.0,0.0,3,14,2026,825.0,50.0,800.0
sorghum,Dodoma,2026-04-06,800.0,800.0,800.0,800.0,800.0,0.0,0.0,0.0,4,15,2026,800.0,0.0,900.0
sorghum,Dodoma,2026-04-13,900.0,800.0,800.0,800.0,800.0,0.0,0.0,0.0,4,16,2026,800.0,0.0,900.0
sorghum,Dodoma,2026-04-20,900.0,900.0,800.0,800.0,800.0,100.0,0.0,12.5,4,17,2026,825.0,50.0,900.0
sorghum,Geita,2025-04-28,1600.0,1600.0,1600.0,1600.0,1600.0,0.0,0.0,0.0,4,18,2025,1600.0,0.0,1600.0
sorghum,Geita,2025-05-05,1600.0,1600.0,1600.0,1600.0,1600.0,0.0,0.0,0.0,5,19,2025,1600.0,0.0,1600.0
sorghum,Geita,2025-05-12,1600.0,1600.0,1600.0,1600.0,1600.0,0.0,0.0,0.0,5,20,2025,1600.0,0.0,1600.0
sorghum,Geita,2025-05-19,1600.0,1600.0,1600.0,1600.0,1600.0,0.0,0.0,0.0,5,21,2025,1600.0,0.0,1500.0
sorghum,Geita,2025-05-26,1500.0,1600.0,1600.0,1600.0,1600.0,0.0,0.0,0.0,5,22,2025,1600.0,0.0,1700.0
sorghum,Geita,2025-06-02,1700.0,1500.0,1600.0,1600.0,1600.0,-100.0,0.0,-6.25,6,23,2025,1575.0,50.0,1500.0
sorghum,Geita,2025-06-09,1500.0,1700.0,1500.0,1600.0,1600.0,200.0,-100.0,13.333333333333334,6,24,2025,1600.0,81.64965809277258,1500.0
sorghum,Geita,2025-06-16,1500.0,1500.0,1700.0,1500.0,1600.0,-200.0,200.0,-11.76470588235294,6,25,2025,1575.0,95.7427107756338,1400.0
sorghum,Geita,2025-06-30,,1400.0,1500.0,1500.0,1700.0,-100.0,0.0,-6.666666666666667,6,27,2025,1525.0,125.83057392117917,1500.0
sorghum,Geita,2025-09-15,1700.0,1600.0,1600.0,1600.0,1600.0,0.0,0.0,0.0,9,38,2025,1600.0,0.0,1600.0
sorghum,Geita,2025-09-22,1600.0,1700.0,1600.0,1600.0,1600.0,100.0,0.0,6.25,9,39,2025,1625.0,50.0,1700.0
sorghum,Geita,2025-10-06,,1700.0,1600.0,1700.0,1600.0,100.0,-100.0,6.25,10,41,2025,1650.0,57.735026918962596,1700.0
sorghum,Geita,2026-02-16,2100.0,2000.0,2000.0,2000.0,2000.0,0.0,0.0,0.0,2,8,2026,2000.0,0.0,2000.0
sorghum,Geita,2026-02-23,2000.0,2100.0,2000.0,2000.0,2000.0,100.0,0.0,5.0,2,9,2026,2025.0,50.0,2000.0
sorghum,Geita,2026-03-02,2000.0,2000.0,2100.0,2000.0,2000.0,-100.0,100.0,-4.761904761904762,3,10,2026,2025.0,50.0,2000.0
sorghum,Geita,2026-03-09,2000.0,2000.0,2000.0,2100.0,2000.0,0.0,-100.0,0.0,3,11,2026,2025.0,50.0,2000.0
sorghum,Geita,2026-03-16,2000.0,2000.0,2000.0,2000.0,2100.0,0.0,0.0,0.0,3,12,2026,2025.0,50.0,2000.0
sorghum,Geita,2026-03-23,2000.0,2000.0,2000.0,2000.0,2000.0,0.0,0.0,0.0,3,13,2026,2000.0,0.0,2000.0
sorghum,Geita,2026-03-30,2000.0,2000.0,2000.0,2000.0,2000.0,0.0,0.0,0.0,3,14,2026,2000.0,0.0,2000.0
sorghum,Geita,2026-04-06,2000.0,2000.0,2000.0,2000.0,2000.0,0.0,0.0,0.0,4,15,2026,2000.0,0.0,2000.0
sorghum,Geita,2026-04-13,2000.0,2000.0,2000.0,2000.0,2000.0,0.0,0.0,0.0,4,16,2026,2000.0,0.0,2000.0
sorghum,Geita,2026-04-20,2000.0,2000.0,2000.0,2000.0,2000.0,0.0,0.0,0.0,4,17,2026,2000.0,0.0,2000.0
sorghum,Geita,2026-04-27,2000.0,2000.0,2000.0,2000.0,2000.0,0.0,0.0,0.0,4,18,2026,2000.0,0.0,2000.0
sorghum,Geita,2026-05-04,2000.0,2000.0,2000.0,2000.0,2000.0,0.0,0.0,0.0,5,19,2026,2000.0,0.0,2000.0
sorghum,Geita,2026-05-11,2000.0,2000.0,2000.0,2000.0,2000.0,0.0,0.0,0.0,5,20,2026,2000.0,0.0,2000.0
sorghum,Geita,2026-05-18,2000.0,2000.0,2000.0,2000.0,2000.0,0.0,0.0,0.0,5,21,2026,2000.0,0.0,2000.0
sorghum,Geita,2026-05-25,2000.0,2000.0,2000.0,2000.0,2000.0,0.0,0.0,0.0,5,22,2026,2000.0,0.0,2000.0
sorghum,Geita,2026-06-01,2000.0,2000.0,2000.0,2000.0,2000.0,0.0,0.0,0.0,6,23,2026,2000.0,0.0,2000.0
sorghum,Geita,2026-06-08,2000.0,2000.0,2000.0,2000.0,2000.0,0.0,0.0,0.0,6,24,2026,2000.0,0.0,2000.0
sorghum,Geita,2026-06-15,2000.0,2000.0,2000.0,2000.0,2000.0,0.0,0.0,0.0,6,25,2026,2000.0,0.0,1900.0
sorghum,Iringa,2024-12-30,1400.0,1400.0,1400.0,1400.0,1400.0,0.0,0.0,0.0,12,1,2024,1400.0,0.0,1400.0
sorghum,Iringa,2025-01-06,1400.0,1400.0,1400.0,1400.0,1400.0,0.0,0.0,0.0,1,2,2025,1400.0,0.0,1400.0
sorghum,Iringa,2025-01-13,1400.0,1400.0,1400.0,1400.0,1400.0,0.0,0.0,0.0,1,3,2025,1400.0,0.0,1400.0
sorghum,Iringa,2025-01-20,1400.0,1400.0,1400.0,1400.0,1400.0,0.0,0.0,0.0,1,4,2025,1400.0,0.0,1400.0
sorghum,Iringa,2025-01-27,1400.0,1400.0,1400.0,1400.0,1400.0,0.0,0.0,0.0,1,5,2025,1400.0,0.0,1400.0
sorghum,Iringa,2025-02-03,1400.0,1400.0,1400.0,1400.0,1400.0,0.0,0.0,0.0,2,6,2025,1400.0,0.0,1400.0
sorghum,Iringa,2025-02-10,1400.0,1400.0,1400.0,1400.0,1400.0,0.0,0.0,0.0,2,7,2025,1400.0,0.0,1100.0
sorghum,Iringa,2025-02-17,1100.0,1400.0,1400.0,1400.0,1400.0,0.0,0.0,0.0,2,8,2025,1400.0,0.0,1400.0
sorghum,Iringa,2025-02-24,1400.0,1100.0,1400.0,1400.0,1400.0,-300.0,0.0,-21.428571428571427,2,9,2025,1325.0,150.0,1400.0
sorghum,Iringa,2025-03-03,1400.0,1400.0,1100.0,1400.0,1400.0,300.0,-300.0,27.27272727272727,3,10,2025,1325.0,150.0,1400.0
sorghum,Iringa,2025-03-17,,1400.0,1400.0,1400.0,1100.0,0.0,0.0,0.0,3,12,2025,1325.0,150.0,1400.0
sorghum,Iringa,2025-04-21,1400.0,1400.0,1400.0,1500.0,1400.0,0.0,-100.0,0.0,4,17,2025,1425.0,50.000000000000014,1400.0
sorghum,Iringa,2025-04-28,1400.0,1400.0,1400.0,1400.0,1500.0,0.0,0.0,0.0,4,18,2025,1425.0,50.000000000000014,1700.0
sorghum,Iringa,2025-05-05,1700.0,1400.0,1400.0,1400.0,1400.0,0.0,0.0,0.0,5,19,2025,1400.0,0.0,1400.0
sorghum,Iringa,2025-05-12,1400.0,1700.0,1400.0,1400.0,1400.0,300.0,0.0,21.428571428571427,5,20,2025,1475.0,150.0,1400.0
sorghum,Iringa,2025-05-19,1400.0,1400.0,1700.0,1400.0,1400.0,-300.0,300.0,-17.647058823529413,5,21,2025,1475.0,150.0,1400.0
sorghum,Iringa,2025-05-26,1400.0,1400.0,1400.0,1700.0,1400.0,0.0,-300.0,0.0,5,22,2025,1475.0,150.0,1400.0
sorghum,Iringa,2025-06-02,1400.0,1400.0,1400.0,1400.0,1700.0,0.0,0.0,0.0,6,23,2025,1475.0,150.0,1400.0
sorghum,Iringa,2025-06-09,1400.0,1400.0,1400.0,1400.0,1400.0,0.0,0.0,0.0,6,24,2025,1400.0,0.0,1500.0
sorghum,Iringa,2025-06-16,1500.0,1400.0,1400.0,1400.0,1400.0,0.0,0.0,0.0,6,25,2025,1400.0,0.0,1400.0
sorghum,Iringa,2025-06-30,,1400.0,1500.0,1400.0,1400.0,-100.0,100.0,-6.666666666666667,6,27,2025,1425.0,50.0,1400.0
sorghum,Iringa,2025-09-01,1400.0,1400.0,1400.0,1400.0,1400.0,0.0,0.0,0.0,9,36,2025,1400.0,0.0,1400.0
sorghum,Iringa,2025-09-08,1400.0,1400.0,1400.0,1400.0,1400.0,0.0,0.0,0.0,9,37,2025,1400.0,0.0,1400.0
sorghum,Iringa,2025-09-15,1400.0,1400.0,1400.0,1400.0,1400.0,0.0,0.0,0.0,9,38,2025,1400.0,0.0,1400.0
sorghum,Iringa,2025-09-22,1400.0,1400.0,1400.0,1400.0,1400.0,0.0,0.0,0.0,9,39,2025,1400.0,0.0,1400.0
sorghum,Iringa,2025-09-29,1400.0,1400.0,1400.0,1400.0,1400.0,0.0,0.0,0.0,9,40,2025,1400.0,0.0,1400.0
sorghum,Iringa,2025-10-13,,1400.0,1400.0,1400.0,1400.0,0.0,0.0,0.0,10,42,2025,1400.0,0.0,1400.0
sorghum,Iringa,2026-02-16,1800.0,1900.0,1900.0,1900.0,1900.0,0.0,0.0,0.0,2,8,2026,1900.0,0.0,1800.0
sorghum,Iringa,2026-02-23,1800.0,1800.0,1900.0,1900.0,1900.0,-100.0,0.0,-5.263157894736842,2,9,2026,1875.0,50.0,1800.0
sorghum,Iringa,2026-03-02,1800.0,1800.0,1800.0,1900.0,1900.0,0.0,-100.0,0.0,3,10,2026,1850.0,57.735026918962596,1800.0
sorghum,Iringa,2026-03-09,1800.0,1800.0,1800.0,1800.0,1900.0,0.0,0.0,0.0,3,11,2026,1825.0,49.99999999999999,1800.0
sorghum,Iringa,2026-03-16,1800.0,1800.0,1800.0,1800.0,1800.0,0.0,0.0,0.0,3,12,2026,1800.0,0.0,1800.0
sorghum,Iringa,2026-03-23,1800.0,1800.0,1800.0,1800.0,1800.0,0.0,0.0,0.0,3,13,2026,1800.0,0.0,1800.0
sorghum,Iringa,2026-03-30,1800.0,1800.0,1800.0,1800.0,1800.0,0.0,0.0,0.0,3,14,2026,1800.0,0.0,1800.0
sorghum,Iringa,2026-04-06,1800.0,1800.0,1800.0,1800.0,1800.0,0.0,0.0,0.0,4,15,2026,1800.0,0.0,1800.0
sorghum,Iringa,2026-04-13,1800.0,1800.0,1800.0,1800.0,1800.0,0.0,0.0,0.0,4,16,2026,1800.0,0.0,1800.0
sorghum,Iringa,2026-04-20,1800.0,1800.0,1800.0,1800.0,1800.0,0.0,0.0,0.0,4,17,2026,1800.0,0.0,1800.0
sorghum,Iringa,2026-04-27,1800.0,1800.0,1800.0,1800.0,1800.0,0.0,0.0,0.0,4,18,2026,1800.0,0.0,1800.0
sorghum,Iringa,2026-05-04,1800.0,1800.0,1800.0,1800.0,1800.0,0.0,0.0,0.0,5,19,2026,1800.0,0.0,1800.0
sorghum,Iringa,2026-05-11,1800.0,1800.0,1800.0,1800.0,1800.0,0.0,0.0,0.0,5,20,2026,1800.0,0.0,1800.0
sorghum,Iringa,2026-05-18,1800.0,1800.0,1800.0,1800.0,1800.0,0.0,0.0,0.0,5,21,2026,1800.0,0.0,1800.0
sorghum,Iringa,2026-05-25,1800.0,1800.0,1800.0,1800.0,1800.0,0.0,0.0,0.0,5,22,2026,1800.0,0.0,1800.0
sorghum,Iringa,2026-06-01,1800.0,1800.0,1800.0,1800.0,1800.0,0.0,0.0,0.0,6,23,2026,1800.0,0.0,1800.0
sorghum,Iringa,2026-06-08,1800.0,1800.0,1800.0,1800.0,1800.0,0.0,0.0,0.0,6,24,2026,1800.0,0.0,1800.0
sorghum,Iringa,2026-06-15,1800.0,1800.0,1800.0,1800.0,1800.0,0.0,0.0,0.0,6,25,2026,1800.0,0.0,1700.0
sorghum,Kagera,2024-12-30,1500.0,1500.0,1400.0,1400.0,1400.0,100.0,0.0,7.142857142857142,12,1,2024,1425.0,50.0,1400.0
sorghum,Kagera,2025-01-06,1400.0,1500.0,1500.0,1400.0,1400.0,0.0,100.0,0.0,1,2,2025,1450.0,57.735026918962596,1400.0
sorghum,Kagera,2025-01-13,1400.0,1400.0,1500.0,1500.0,1400.0,-100.0,0.0,-6.666666666666667,1,3,2025,1450.0,57.735026918962596,1400.0
sorghum,Kagera,2025-01-20,1400.0,1400.0,1400.0,1500.0,1500.0,0.0,-100.0,0.0,1,4,2025,1450.0,57.735026918962596,1500.0
sorghum,Kagera,2025-01-27,1500.0,1400.0,1400.0,1400.0,1500.0,0.0,0.0,0.0,1,5,2025,1425.0,49.99999999999999,1400.0
sorghum,Kagera,2025-02-03,1400.0,1500.0,1400.0,1400.0,1400.0,100.0,0.0,7.142857142857142,2,6,2025,1425.0,50.0,1400.0
sorghum,Kagera,2025-02-10,1400.0,1400.0,1500.0,1400.0,1400.0,-100.0,100.0,-6.666666666666667,2,7,2025,1425.0,50.0,1500.0
sorghum,Kagera,2025-02-24,,1500.0,1400.0,1400.0,1500.0,100.0,0.0,7.142857142857142,2,9,2025,1450.0,57.735026918962596,1500.0
sorghum,Kagera,2025-04-21,1600.0,1600.0,1600.0,1600.0,1600.0,0.0,0.0,0.0,4,17,2025,1600.0,0.0,1600.0
sorghum,Kagera,2025-04-28,1600.0,1600.0,1600.0,1600.0,1600.0,0.0,0.0,0.0,4,18,2025,1600.0,0.0,1600.0
sorghum,Kagera,2025-05-05,1600.0,1600.0,1600.0,1600.0,1600.0,0.0,0.0,0.0,5,19,2025,1600.0,0.0,1600.0
sorghum,Kagera,2025-05-12,1600.0,1600.0,1600.0,1600.0,1600.0,0.0,0.0,0.0,5,20,2025,1600.0,0.0,1700.0
sorghum,Kagera,2025-05-19,1700.0,1600.0,1600.0,1600.0,1600.0,0.0,0.0,0.0,5,21,2025,1600.0,0.0,1700.0
sorghum,Kagera,2025-05-26,1700.0,1700.0,1600.0,1600.0,1600.0,100.0,0.0,6.25,5,22,2025,1625.0,50.0,1600.0
sorghum,Kagera,2025-06-02,1600.0,1700.0,1700.0,1600.0,1600.0,0.0,100.0,0.0,6,23,2025,1650.0,57.735026918962596,1600.0
sorghum,Kagera,2025-06-09,1600.0,1600.0,1700.0,1700.0,1600.0,-100.0,0.0,-5.88235294117647,6,24,2025,1650.0,57.735026918962596,1600.0
sorghum,Kagera,2025-06-16,1600.0,1600.0,1600.0,1700.0,1700.0,0.0,-100.0,0.0,6,25,2025,1650.0,57.735026918962596,1700.0
sorghum,Kagera,2025-06-30,,1700.0,1600.0,1600.0,1600.0,100.0,0.0,6.25,6,27,2025,1625.0,50.0,1700.0
sorghum,Kagera,2025-09-15,1700.0,1700.0,1600.0,1600.0,1700.0,100.0,0.0,6.25,9,38,2025,1650.0,57.73502691896261,1600.0
sorghum,Kagera,2025-09-22,1600.0,1700.0,1700.0,1600.0,1600.0,0.0,100.0,0.0,9,39,2025,1650.0,57.73502691896261,1700.0
sorghum,Kagera,2025-09-29,1700.0,1600.0,1700.0,1700.0,1600.0,-100.0,0.0,-5.88235294117647,9,40,2025,1650.0,57.73502691896261,1600.0
sorghum,Kagera,2025-10-06,1600.0,1700.0,1600.0,1700.0,1700.0,100.0,-100.0,6.25,10,41,2025,1675.0,50.000000000000014,2300.0
sorghum,Kagera,2025-10-13,2300.0,1600.0,1700.0,1600.0,1700.0,-100.0,100.0,-5.88235294117647,10,42,2025,1650.0,57.73502691896261,2000.0
sorghum,Kagera,2025-10-27,,2000.0,2300.0,1600.0,1700.0,-300.0,700.0,-13.043478260869565,10,44,2025,1900.0,316.22776601683796,1600.0
sorghum,Kagera,2025-12-01,1700.0,1700.0,1700.0,1700.0,1600.0,0.0,0.0,0.0,12,49,2025,1675.0,50.00000000000017,1700.0
sorghum,Kagera,2025-12-08,1700.0,1700.0,1700.0,1700.0,1700.0,0.0,0.0,0.0,12,50,2025,1700.0,0.0,1700.0
sorghum,Kagera,2025-12-22,,1700.0,1700.0,1700.0,1700.0,0.0,0.0,0.0,12,52,2025,1700.0,0.0,1700.0
sorghum,Kagera,2026-02-16,1500.0,1700.0,1700.0,1700.0,1700.0,0.0,0.0,0.0,2,8,2026,1700.0,0.0,1300.0
sorghum,Kagera,2026-02-23,1300.0,1500.0,1700.0,1700.0,1700.0,-200.0,0.0,-11.76470588235294,2,9,2026,1650.0,100.0,1300.0
sorghum,Kagera,2026-03-02,1300.0,1300.0,1500.0,1700.0,1700.0,-200.0,-200.0,-13.333333333333334,3,10,2026,1550.0,191.4854215512676,1300.0
sorghum,Kagera,2026-03-09,1300.0,1300.0,1300.0,1500.0,1700.0,0.0,-200.0,0.0,3,11,2026,1450.0,191.4854215512676,1300.0
sorghum,Kagera,2026-03-16,1300.0,1300.0,1300.0,1300.0,1500.0,0.0,0.0,0.0,3,12,2026,1350.0,99.99999999999999,1300.0
sorghum,Kagera,2026-03-23,1300.0,1300.0,1300.0,1300.0,1300.0,0.0,0.0,0.0,3,13,2026,1300.0,0.0,1300.0
sorghum,Kagera,2026-03-30,1300.0,1300.0,1300.0,1300.0,1300.0,0.0,0.0,0.0,3,14,2026,1300.0,0.0,1300.0
sorghum,Kagera,2026-04-06,1300.0,1300.0,1300.0,1300.0,1300.0,0.0,0.0,0.0,4,15,2026,1300.0,0.0,1400.0
sorghum,Kagera,2026-04-13,1400.0,1300.0,1300.0,1300.0,1300.0,0.0,0.0,0.0,4,16,2026,1300.0,0.0,1400.0
sorghum,Kagera,2026-04-20,1400.0,1400.0,1300.0,1300.0,1300.0,100.0,0.0,7.6923076923076925,4,17,2026,1325.0,50.0,1300.0
sorghum,Kagera,2026-04-27,1300.0,1400.0,1400.0,1300.0,1300.0,0.0,100.0,0.0,4,18,2026,1350.0,57.735026918962596,1300.0
sorghum,Kagera,2026-05-04,1300.0,1300.0,1400.0,1400.0,1300.0,-100.0,0.0,-7.142857142857142,5,19,2026,1350.0,57.735026918962596,1300.0
sorghum,Kagera,2026-05-11,1300.0,1300.0,1300.0,1400.0,1400.0,0.0,-100.0,0.0,5,20,2026,1350.0,57.735026918962596,1400.0
sorghum,Kagera,2026-05-18,1400.0,1300.0,1300.0,1300.0,1400.0,0.0,0.0,0.0,5,21,2026,1325.0,49.99999999999999,1400.0
sorghum,Kagera,2026-05-25,1400.0,1400.0,1300.0,1300.0,1300.0,100.0,0.0,7.6923076923076925,5,22,2026,1325.0,50.0,1400.0
sorghum,Kagera,2026-06-01,1400.0,1400.0,1400.0,1300.0,1300.0,0.0,100.0,0.0,6,23,2026,1350.0,57.735026918962596,1400.0
sorghum,Kagera,2026-06-08,1400.0,1400.0,1400.0,1400.0,1300.0,0.0,0.0,0.0,6,24,2026,1375.0,49.99999999999999,1400.0
sorghum,Kagera,2026-06-15,1400.0,1400.0,1400.0,1400.0,1400.0,0.0,0.0,0.0,6,25,2026,1400.0,0.0,1500.0
sorghum,Katavi,2025-09-15,1900.0,2000.0,2000.0,2200.0,1900.0,0.0,-200.0,0.0,9,38,2025,2025.0,125.83057392117915,2000.0
sorghum,Kigoma,2025-04-21,1500.0,1900.0,1600.0,2000.0,2000.0,300.0,-400.0,18.75,4,17,2025,1875.0,189.29694486000915,1800.0
sorghum,Kigoma,2025-04-28,1800.0,1500.0,1900.0,1600.0,2000.0,-400.0,300.0,-21.052631578947366,4,18,2025,1750.0,238.04761428476166,1500.0
sorghum,Kigoma,2025-05-05,1500.0,1800.0,1500.0,1900.0,1600.0,300.0,-400.0,20.0,5,19,2025,1700.0,182.57418583505537,1500.0
sorghum,Kigoma,2025-09-22,1100.0,1100.0,1100.0,1100.0,1100.0,0.0,0.0,0.0,9,39,2025,1100.0,0.0,1100.0
sorghum,Kigoma,2025-09-29,1100.0,1100.0,1100.0,1100.0,1100.0,0.0,0.0,0.0,9,40,2025,1100.0,0.0,1200.0
sorghum,Kigoma,2025-10-06,1200.0,1100.0,1100.0,1100.0,1100.0,0.0,0.0,0.0,10,41,2025,1100.0,0.0,1100.0
sorghum,Kigoma,2025-10-13,1100.0,1200.0,1100.0,1100.0,1100.0,100.0,0.0,9.090909090909092,10,42,2025,1125.0,50.0,1100.0
sorghum,Kigoma,2025-12-08,1100.0,1100.0,1100.0,1100.0,1100.0,0.0,0.0,0.0,12,50,2025,1100.0,0.0,1100.0
sorghum,Kigoma,2025-12-22,,1100.0,1100.0,1100.0,1100.0,0.0,0.0,0.0,12,52,2025,1100.0,0.0,1100.0
sorghum,Kigoma,2026-03-02,1100.0,1100.0,1100.0,1100.0,1100.0,0.0,0.0,0.0,3,10,2026,1100.0,0.0,1100.0
sorghum,Kigoma,2026-03-09,1100.0,1100.0,1100.0,1100.0,1100.0,0.0,0.0,0.0,3,11,2026,1100.0,0.0,1500.0
sorghum,Kigoma,2026-03-23,,1500.0,1100.0,1100.0,1100.0,400.0,0.0,36.36363636363637,3,13,2026,1200.0,200.0,1300.0
sorghum,Kigoma,2026-04-27,1500.0,1500.0,1500.0,1400.0,1300.0,0.0,100.0,0.0,4,18,2026,1425.0,95.74271077563387,1500.0
sorghum,Kigoma,2026-05-04,1500.0,1500.0,1500.0,1500.0,1400.0,0.0,0.0,0.0,5,19,2026,1475.0,50.00000000000006,1500.0
sorghum,Kigoma,2026-05-11,1500.0,1500.0,1500.0,1500.0,1500.0,0.0,0.0,0.0,5,20,2026,1500.0,0.0,1900.0
sorghum,Lindi,2025-04-21,2800.0,2800.0,2800.0,2500.0,2600.0,0.0,300.0,0.0,4,17,2025,2675.0,149.99999999999994,2800.0
sorghum,Lindi,2025-04-28,2800.0,2800.0,2800.0,2800.0,2500.0,0.0,0.0,0.0,4,18,2025,2725.0,149.99999999999994,2400.0
sorghum,Lindi,2025-05-05,2400.0,2800.0,2800.0,2800.0,2800.0,0.0,0.0,0.0,5,19,2025,2800.0,0.0,2400.0
sorghum,Lindi,2025-05-12,2400.0,2400.0,2800.0,2800.0,2800.0,-400.0,0.0,-14.285714285714285,5,20,2025,2700.0,200.0,2500.0
sorghum,Lindi,2025-05-19,2500.0,2400.0,2400.0,2800.0,2800.0,0.0,-400.0,0.0,5,21,2025,2600.0,230.94010767585027,2500.0
sorghum,Lindi,2025-05-26,2500.0,2500.0,2400.0,2400.0,2800.0,100.0,0.0,4.166666666666666,5,22,2025,2525.0,189.29694486000912,2300.0
sorghum,Lindi,2025-06-02,2300.0,2500.0,2500.0,2400.0,2400.0,0.0,100.0,0.0,6,23,2025,2450.0,57.735026918962646,1800.0
sorghum,Lindi,2025-06-09,1800.0,2300.0,2500.0,2500.0,2400.0,-200.0,0.0,-8.0,6,24,2025,2425.0,95.74271077563384,2000.0
sorghum,Lindi,2025-06-16,2000.0,1800.0,2300.0,2500.0,2500.0,-500.0,-200.0,-21.73913043478261,6,25,2025,2275.0,330.4037933599835,2200.0
sorghum,Lindi,2025-09-01,1800.0,1800.0,1800.0,2300.0,2300.0,0.0,-500.0,0.0,9,36,2025,2050.0,288.67513459481296,1800.0
sorghum,Lindi,2025-09-08,1800.0,1800.0,1800.0,1800.0,2300.0,0.0,0.0,0.0,9,37,2025,1925.0,250.0000000000001,1800.0
sorghum,Lindi,2025-09-15,1800.0,1800.0,1800.0,1800.0,1800.0,0.0,0.0,0.0,9,38,2025,1800.0,0.0,1800.0
sorghum,Lindi,2025-09-29,,1800.0,1800.0,1800.0,1800.0,0.0,0.0,0.0,9,40,2025,1800.0,0.0,1800.0
sorghum,Lindi,2025-12-01,2300.0,2300.0,2300.0,2000.0,1800.0,0.0,300.0,0.0,12,49,2025,2100.0,244.94897427831785,2300.0
sorghum,Lindi,2026-02-16,2300.0,2300.0,2300.0,2300.0,2300.0,0.0,0.0,0.0,2,8,2026,2300.0,0.0,2300.0
sorghum,Lindi,2026-02-23,2300.0,2300.0,2300.0,2300.0,2300.0,0.0,0.0,0.0,2,9,2026,2300.0,0.0,2300.0
sorghum,Lindi,2026-03-02,2300.0,2300.0,2300.0,2300.0,2300.0,0.0,0.0,0.0,3,10,2026,2300.0,0.0,2300.0
sorghum,Lindi,2026-03-16,,2300.0,2300.0,2300.0,2300.0,0.0,0.0,0.0,3,12,2026,2300.0,0.0,2300.0
sorghum,Lindi,2026-05-04,2300.0,2300.0,2300.0,2300.0,2300.0,0.0,0.0,0.0,5,19,2026,2300.0,0.0,2300.0
sorghum,Lindi,2026-05-11,2300.0,2300.0,2300.0,2300.0,2300.0,0.0,0.0,0.0,5,20,2026,2300.0,0.0,2300.0
sorghum,Lindi,2026-05-18,2300.0,2300.0,2300.0,2300.0,2300.0,0.0,0.0,0.0,5,21,2026,2300.0,0.0,2300.0
sorghum,Lindi,2026-05-25,2300.0,2300.0,2300.0,2300.0,2300.0,0.0,0.0,0.0,5,22,2026,2300.0,0.0,2300.0
sorghum,Lindi,2026-06-01,2300.0,2300.0,2300.0,2300.0,2300.0,0.0,0.0,0.0,6,23,2026,2300.0,0.0,2300.0
sorghum,Lindi,2026-06-15,,2300.0,2300.0,2300.0,2300.0,0.0,0.0,0.0,6,25,2026,2300.0,0.0,2300.0
sorghum,Manyara,2026-03-30,1600.0,1500.0,1500.0,1000.0,800.0,0.0,500.0,0.0,3,14,2026,1200.0,355.9026084010437,1600.0
sorghum,Manyara,2026-04-06,1600.0,1600.0,1500.0,1500.0,1000.0,100.0,0.0,6.666666666666667,4,15,2026,1400.0,270.80128015453204,1700.0
sorghum,Manyara,2026-04-13,1700.0,1600.0,1600.0,1500.0,1500.0,0.0,100.0,0.0,4,16,2026,1550.0,57.735026918962724,1700.0
sorghum,Manyara,2026-04-20,1700.0,1700.0,1600.0,1600.0,1500.0,100.0,0.0,6.25,4,17,2026,1600.0,81.64965809277268,1700.0
sorghum,Manyara,2026-04-27,1700.0,1700.0,1700.0,1600.0,1600.0,0.0,100.0,0.0,4,18,2026,1650.0,57.735026918962724,1700.0
sorghum,Manyara,2026-05-04,1700.0,1700.0,1700.0,1700.0,1600.0,0.0,0.0,0.0,5,19,2026,1675.0,50.000000000000156,1700.0
sorghum,Manyara,2026-05-11,1700.0,1700.0,1700.0,1700.0,1700.0,0.0,0.0,0.0,5,20,2026,1700.0,0.0,1600.0
sorghum,Manyara,2026-05-18,1600.0,1700.0,1700.0,1700.0,1700.0,0.0,0.0,0.0,5,21,2026,1700.0,0.0,1300.0
sorghum,Manyara,2026-05-25,1300.0,1600.0,1700.0,1700.0,1700.0,-100.0,0.0,-5.88235294117647,5,22,2026,1675.0,50.0,1400.0
sorghum,Mara,2024-12-30,1800.0,1800.0,1800.0,1800.0,1800.0,0.0,0.0,0.0,12,1,2024,1800.0,0.0,1800.0
sorghum,Mara,2025-01-06,1800.0,1800.0,1800.0,1800.0,1800.0,0.0,0.0,0.0,1,2,2025,1800.0,0.0,2000.0
sorghum,Mara,2025-05-26,1800.0,1800.0,1800.0,1800.0,1900.0,0.0,0.0,0.0,5,22,2025,1825.0,50.000000000000014,1800.0
sorghum,Mara,2025-06-02,1800.0,1800.0,1800.0,1800.0,1800.0,0.0,0.0,0.0,6,23,2025,1800.0,0.0,1700.0
sorghum,Mara,2025-06-09,1700.0,1800.0,1800.0,1800.0,1800.0,0.0,0.0,0.0,6,24,2025,1800.0,0.0,1700.0
sorghum,Mara,2025-08-11,,1700.0,1700.0,1800.0,1800.0,0.0,-100.0,0.0,8,33,2025,1750.0,57.73502691896261,1600.0
sorghum,Mara,2025-12-08,,1700.0,1600.0,1600.0,1500.0,100.0,0.0,6.25,12,50,2025,1600.0,81.64965809277261,1600.0
sorghum,Mara,2026-02-16,1500.0,1500.0,1700.0,1600.0,1600.0,-200.0,100.0,-11.76470588235294,2,8,2026,1600.0,81.64965809277261,1600.0
sorghum,Mara,2026-03-02,,1600.0,1500.0,1500.0,1700.0,100.0,0.0,6.666666666666667,3,10,2026,1575.0,95.74271077563381,1600.0
sorghum,Morogoro,2024-12-30,1500.0,1400.0,1500.0,1300.0,1300.0,-100.0,200.0,-6.666666666666667,12,1,2024,1375.0,95.74271077563378,1600.0
sorghum,Morogoro,2025-01-06,1600.0,1500.0,1400.0,1500.0,1300.0,100.0,-100.0,7.142857142857142,1,2,2025,1425.0,95.74271077563378,1500.0
sorghum,Morogoro,2025-01-13,1500.0,1600.0,1500.0,1400.0,1500.0,100.0,100.0,6.666666666666667,1,3,2025,1500.0,81.64965809277253,1500.0
sorghum,Morogoro,2025-01-20,1500.0,1500.0,1600.0,1500.0,1400.0,-100.0,100.0,-6.25,1,4,2025,1500.0,81.64965809277253,1600.0
sorghum,Morogoro,2025-01-27,1600.0,1500.0,1500.0,1600.0,1500.0,0.0,-100.0,0.0,1,5,2025,1525.0,49.9999999999999,1300.0
sorghum,Morogoro,2025-02-03,1300.0,1600.0,1500.0,1500.0,1600.0,100.0,0.0,6.666666666666667,2,6,2025,1550.0,57.735026918962504,1500.0
sorghum,Morogoro,2025-02-10,1500.0,1300.0,1600.0,1500.0,1500.0,-300.0,100.0,-18.75,2,7,2025,1475.0,125.83057392117911,1600.0
sorghum,Morogoro,2025-02-17,1600.0,1500.0,1300.0,1600.0,1500.0,200.0,-300.0,15.384615384615385,2,8,2025,1475.0,125.83057392117911,1300.0
sorghum,Morogoro,2025-02-24,1300.0,1600.0,1500.0,1300.0,1600.0,100.0,200.0,6.666666666666667,2,9,2025,1500.0,141.42135623730945,1300.0
sorghum,Morogoro,2025-03-03,1300.0,1300.0,1600.0,1500.0,1300.0,-300.0,100.0,-18.75,3,10,2025,1425.0,149.99999999999997,1300.0
sorghum,Morogoro,2025-03-17,,1300.0,1300.0,1300.0,1600.0,0.0,0.0,0.0,3,12,2025,1375.0,149.99999999999997,1600.0
sorghum,Morogoro,2025-04-21,1900.0,2000.0,2000.0,1600.0,1600.0,0.0,400.0,0.0,4,17,2025,1800.0,230.94010767585036,2000.0
sorghum,Morogoro,2025-04-28,2000.0,1900.0,2000.0,2000.0,1600.0,-100.0,0.0,-5.0,4,18,2025,1875.0,189.29694486000918,1400.0
sorghum,Morogoro,2025-05-05,1400.0,2000.0,1900.0,2000.0,2000.0,100.0,-100.0,5.263157894736842,5,19,2025,1975.0,50.00000000000006,1300.0
sorghum,Morogoro,2025-05-12,1300.0,1400.0,2000.0,1900.0,2000.0,-600.0,100.0,-30.0,5,20,2025,1825.0,287.22813232690146,1500.0
sorghum,Morogoro,2025-05-19,1500.0,1300.0,1400.0,2000.0,1900.0,-100.0,-600.0,-7.142857142857142,5,21,2025,1650.0,351.18845842842467,1300.0
sorghum,Morogoro,2025-05-26,1300.0,1500.0,1300.0,1400.0,2000.0,200.0,-100.0,15.384615384615385,5,22,2025,1550.0,310.91263510296056,1300.0
sorghum,Morogoro,2025-06-02,1300.0,1300.0,1500.0,1300.0,1400.0,-200.0,200.0,-13.333333333333334,6,23,2025,1375.0,95.74271077563402,1300.0
sorghum,Morogoro,2025-06-09,1300.0,1300.0,1300.0,1500.0,1300.0,0.0,-200.0,0.0,6,24,2025,1350.0,100.0000000000002,1300.0
sorghum,Morogoro,2025-06-16,1300.0,1300.0,1300.0,1300.0,1500.0,0.0,0.0,0.0,6,25,2025,1350.0,100.0000000000002,1300.0
sorghum,Morogoro,2025-06-30,,1300.0,1300.0,1300.0,1300.0,0.0,0.0,0.0,6,27,2025,1300.0,0.0,2000.0
sorghum,Morogoro,2025-08-04,1300.0,1300.0,1300.0,1400.0,2000.0,0.0,-100.0,0.0,8,32,2025,1500.0,336.6501646120693,1600.0
sorghum,Morogoro,2025-08-11,1600.0,1300.0,1300.0,1300.0,1400.0,0.0,0.0,0.0,8,33,2025,1325.0,50.00000000000045,1400.0
sorghum,Morogoro,2025-08-18,1400.0,1600.0,1300.0,1300.0,1300.0,300.0,0.0,23.076923076923077,8,34,2025,1375.0,150.0,1300.0
sorghum,Morogoro,2025-08-25,1300.0,1400.0,1600.0,1300.0,1300.0,-200.0,300.0,-12.5,8,35,2025,1400.0,141.4213562373095,1400.0
sorghum,Morogoro,2025-09-01,1400.0,1300.0,1400.0,1600.0,1300.0,-100.0,-200.0,-7.142857142857142,9,36,2025,1400.0,141.4213562373095,1300.0
sorghum,Morogoro,2025-09-15,,1300.0,1400.0,1300.0,1400.0,-100.0,100.0,-7.142857142857142,9,38,2025,1350.0,57.735026918962625,1300.0
sorghum,Morogoro,2025-10-27,,1600.0,1700.0,1300.0,1300.0,-100.0,400.0,-5.88235294117647,10,44,2025,1475.0,206.15528128088303,1200.0
sorghum,Morogoro,2025-12-01,2100.0,2300.0,2000.0,1700.0,1200.0,300.0,300.0,15.0,12,49,2025,1800.0,469.041575982343,1500.0
sorghum,Morogoro,2025-12-08,1500.0,2100.0,2300.0,2000.0,1700.0,-200.0,300.0,-8.695652173913043,12,50,2025,2025.0,250.00000000000009,1500.0
sorghum,Morogoro,2025-12-22,,1500.0,1500.0,2100.0,2300.0,0.0,-600.0,0.0,12,52,2025,1850.0,412.3105625617662,1900.0
sorghum,Morogoro,2026-02-16,3000.0,2500.0,2200.0,2100.0,1800.0,300.0,100.0,13.636363636363635,2,8,2026,2150.0,288.6751345948129,2600.0
sorghum,Morogoro,2026-02-23,2600.0,3000.0,2500.0,2200.0,2100.0,500.0,300.0,20.0,2,9,2026,2450.0,404.1451884327381,1500.0
sorghum,Morogoro,2026-03-02,1500.0,2600.0,3000.0,2500.0,2200.0,-400.0,500.0,-13.333333333333334,3,10,2026,2575.0,330.40379335998364,1500.0
sorghum,Morogoro,2026-03-09,1500.0,1500.0,2600.0,3000.0,2500.0,-1100.0,-400.0,-42.30769230769231,3,11,2026,2400.0,637.7042156569664,1500.0
sorghum,Morogoro,2026-03-16,1500.0,1500.0,1500.0,2600.0,3000.0,0.0,-1100.0,0.0,3,12,2026,2150.0,768.1145747868609,1500.0
sorghum,Morogoro,2026-03-23,1500.0,1500.0,1500.0,1500.0,2600.0,0.0,0.0,0.0,3,13,2026,1775.0,550.0000000000001,1800.0
sorghum,Morogoro,2026-04-06,,1800.0,1500.0,1500.0,1500.0,300.0,0.0,20.0,4,15,2026,1575.0,150.0,1500.0
sorghum,Morogoro,2026-06-15,1500.0,1500.0,1500.0,1500.0,1500.0,0.0,0.0,0.0,6,25,2026,1500.0,0.0,1500.0
sorghum,Mtwara,2026-02-16,2000.0,2000.0,2400.0,2000.0,2000.0,-400.0,400.0,-16.666666666666664,2,8,2026,2100.0,199.99999999999994,2000.0
sorghum,Mtwara,2026-02-23,2000.0,2000.0,2000.0,2400.0,2000.0,0.0,-400.0,0.0,2,9,2026,2100.0,199.99999999999994,2000.0
sorghum,Mtwara,2026-03-02,2000.0,2000.0,2000.0,2000.0,2400.0,0.0,0.0,0.0,3,10,2026,2100.0,199.99999999999994,2000.0
sorghum,Mtwara,2026-05-11,2000.0,2000.0,2000.0,2000.0,2000.0,0.0,0.0,0.0,5,20,2026,2000.0,0.0,2000.0
sorghum,Mtwara,2026-05-18,2000.0,2000.0,2000.0,2000.0,2000.0,0.0,0.0,0.0,5,21,2026,2000.0,0.0,2000.0
sorghum,Mtwara,2026-05-25,2000.0,2000.0,2000.0,2000.0,2000.0,0.0,0.0,0.0,5,22,2026,2000.0,0.0,2000.0
sorghum,Mtwara,2026-06-08,,2000.0,2000.0,2000.0,2000.0,0.0,0.0,0.0,6,24,2026,2000.0,0.0,2000.0
sorghum,Mwanza,2024-12-30,,1500.0,1500.0,1500.0,1500.0,0.0,0.0,0.0,12,1,2024,1500.0,0.0,1500.0
sorghum,Mwanza,2025-02-03,,1400.0,1300.0,1500.0,1500.0,100.0,-200.0,7.6923076923076925,2,6,2025,1425.0,95.74271077563378,1400.0
sorghum,Mwanza,2025-04-21,1500.0,1500.0,1500.0,1400.0,1400.0,0.0,100.0,0.0,4,17,2025,1450.0,57.73502691896261,1500.0
sorghum,Mwanza,2025-04-28,1500.0,1500.0,1500.0,1500.0,1400.0,0.0,0.0,0.0,4,18,2025,1475.0,50.000000000000014,1500.0
sorghum,Mwanza,2025-05-05,1500.0,1500.0,1500.0,1500.0,1500.0,0.0,0.0,0.0,5,19,2025,1500.0,0.0,1500.0
sorghum,Mwanza,2025-05-12,1500.0,1500.0,1500.0,1500.0,1500.0,0.0,0.0,0.0,5,20,2025,1500.0,0.0,1500.0
sorghum,Mwanza,2025-05-19,1500.0,1500.0,1500.0,1500.0,1500.0,0.0,0.0,0.0,5,21,2025,1500.0,0.0,1500.0
sorghum,Mwanza,2025-05-26,1500.0,1500.0,1500.0,1500.0,1500.0,0.0,0.0,0.0,5,22,2025,1500.0,0.0,1500.0
sorghum,Mwanza,2025-06-02,1500.0,1500.0,1500.0,1500.0,1500.0,0.0,0.0,0.0,6,23,2025,1500.0,0.0,1500.0
sorghum,Mwanza,2025-06-09,1500.0,1500.0,1500.0,1500.0,1500.0,0.0,0.0,0.0,6,24,2025,1500.0,0.0,1500.0
sorghum,Mwanza,2025-06-16,1500.0,1500.0,1500.0,1500.0,1500.0,0.0,0.0,0.0,6,25,2025,1500.0,0.0,1500.0
sorghum,Mwanza,2025-06-30,,1500.0,1500.0,1500.0,1500.0,0.0,0.0,0.0,6,27,2025,1500.0,0.0,1500.0
sorghum,Mwanza,2025-09-08,1500.0,1500.0,1500.0,1400.0,1400.0,0.0,100.0,0.0,9,37,2025,1450.0,57.73502691896261,1400.0
sorghum,Mwanza,2025-09-15,1400.0,1500.0,1500.0,1500.0,1400.0,0.0,0.0,0.0,9,38,2025,1475.0,50.000000000000014,1400.0
sorghum,Mwanza,2025-09-22,1400.0,1400.0,1500.0,1500.0,1500.0,-100.0,0.0,-6.666666666666667,9,39,2025,1475.0,50.0,1400.0
sorghum,Mwanza,2025-09-29,1400.0,1400.0,1400.0,1500.0,1500.0,0.0,-100.0,0.0,9,40,2025,1450.0,57.735026918962596,1400.0
sorghum,Mwanza,2025-10-13,,1400.0,1400.0,1400.0,1400.0,0.0,0.0,0.0,10,42,2025,1400.0,0.0,1400.0
sorghum,Mwanza,2026-02-16,1800.0,1800.0,1600.0,1600.0,1500.0,200.0,0.0,12.5,2,8,2026,1625.0,125.83057392117915,1800.0
sorghum,Mwanza,2026-02-23,1800.0,1800.0,1800.0,1600.0,1600.0,0.0,200.0,0.0,2,9,2026,1700.0,115.47005383792511,1800.0
sorghum,Mwanza,2026-03-02,1800.0,1800.0,1800.0,1800.0,1600.0,0.0,0.0,0.0,3,10,2026,1750.0,99.99999999999997,1800.0
sorghum,Mwanza,2026-03-09,1800.0,1800.0,1800.0,1800.0,1800.0,0.0,0.0,0.0,3,11,2026,1800.0,0.0,1800.0
sorghum,Mwanza,2026-03-16,1800.0,1800.0,1800.0,1800.0,1800.0,0.0,0.0,0.0,3,12,2026,1800.0,0.0,1800.0
sorghum,Mwanza,2026-03-23,1800.0,1800.0,1800.0,1800.0,1800.0,0.0,0.0,0.0,3,13,2026,1800.0,0.0,1700.0
sorghum,Mwanza,2026-03-30,1700.0,1800.0,1800.0,1800.0,1800.0,0.0,0.0,0.0,3,14,2026,1800.0,0.0,1800.0
sorghum,Mwanza,2026-04-06,1800.0,1700.0,1800.0,1800.0,1800.0,-100.0,0.0,-5.555555555555555,4,15,2026,1775.0,50.0,1800.0
sorghum,Mwanza,2026-04-13,1800.0,1800.0,1700.0,1800.0,1800.0,100.0,-100.0,5.88235294117647,4,16,2026,1775.0,50.0,1800.0
sorghum,Mwanza,2026-04-20,1800.0,1800.0,1800.0,1700.0,1800.0,0.0,100.0,0.0,4,17,2026,1775.0,50.0,1600.0
sorghum,Mwanza,2026-04-27,1600.0,1800.0,1800.0,1800.0,1700.0,0.0,0.0,0.0,4,18,2026,1775.0,50.0,1600.0
sorghum,Njombe,2024-12-30,900.0,900.0,900.0,900.0,800.0,0.0,0.0,0.0,12,1,2024,875.0,50.00000000000001,1000.0
sorghum,Njombe,2025-01-06,1000.0,900.0,900.0,900.0,900.0,0.0,0.0,0.0,1,2,2025,900.0,0.0,900.0
sorghum,Njombe,2025-01-13,900.0,1000.0,900.0,900.0,900.0,100.0,0.0,11.11111111111111,1,3,2025,925.0,50.0,1000.0
sorghum,Njombe,2025-01-20,1000.0,900.0,1000.0,900.0,900.0,-100.0,100.0,-10.0,1,4,2025,925.0,50.0,1000.0
sorghum,Njombe,2025-01-27,1000.0,1000.0,900.0,1000.0,900.0,100.0,-100.0,11.11111111111111,1,5,2025,950.0,57.73502691896257,1000.0
sorghum,Njombe,2025-02-03,1000.0,1000.0,1000.0,900.0,1000.0,0.0,100.0,0.0,2,6,2025,975.0,49.99999999999999,1000.0
sorghum,Njombe,2025-02-10,1000.0,1000.0,1000.0,1000.0,900.0,0.0,0.0,0.0,2,7,2025,975.0,49.99999999999999,1000.0
sorghum,Njombe,2025-02-24,,1000.0,1000.0,1000.0,1000.0,0.0,0.0,0.0,2,9,2025,1000.0,0.0,900.0
sorghum,Njombe,2025-04-21,900.0,900.0,1000.0,1100.0,1100.0,-100.0,-100.0,-10.0,4,17,2025,1025.0,95.74271077563385,900.0
sorghum,Njombe,2025-04-28,900.0,900.0,900.0,1000.0,1100.0,0.0,-100.0,0.0,4,18,2025,975.0,95.74271077563385,900.0
sorghum,Njombe,2025-05-05,900.0,900.0,900.0,900.0,1000.0,0.0,0.0,0.0,5,19,2025,925.0,50.00000000000008,900.0
sorghum,Njombe,2025-05-12,900.0,900.0,900.0,900.0,900.0,0.0,0.0,0.0,5,20,2025,900.0,0.0,1000.0
sorghum,Njombe,2025-05-19,1000.0,900.0,900.0,900.0,900.0,0.0,0.0,0.0,5,21,2025,900.0,0.0,1000.0
sorghum,Njombe,2025-05-26,1000.0,1000.0,900.0,900.0,900.0,100.0,0.0,11.11111111111111,5,22,2025,925.0,50.0,900.0
sorghum,Njombe,2025-06-02,900.0,1000.0,1000.0,900.0,900.0,0.0,100.0,0.0,6,23,2025,950.0,57.73502691896257,900.0
sorghum,Njombe,2025-06-09,900.0,900.0,1000.0,1000.0,900.0,-100.0,0.0,-10.0,6,24,2025,950.0,57.73502691896257,1000.0
sorghum,Njombe,2025-06-16,1000.0,900.0,900.0,1000.0,1000.0,0.0,-100.0,0.0,6,25,2025,950.0,57.73502691896257,1100.0
sorghum,Njombe,2025-08-18,1000.0,1100.0,1100.0,1100.0,1200.0,0.0,0.0,0.0,8,34,2025,1125.0,49.99999999999998,1000.0
sorghum,Njombe,2025-08-25,1000.0,1000.0,1100.0,1100.0,1100.0,-100.0,0.0,-9.090909090909092,8,35,2025,1075.0,50.0,1000.0
sorghum,Njombe,2025-09-08,,1000.0,1000.0,1000.0,1100.0,0.0,0.0,0.0,9,37,2025,1025.0,49.99999999999999,1000.0
sorghum,Njombe,2025-10-13,,1100.0,1100.0,1100.0,1000.0,0.0,0.0,0.0,10,42,2025,1075.0,50.000000000000014,1100.0
sorghum,Njombe,2026-02-16,1200.0,1100.0,1200.0,1100.0,1100.0,-100.0,100.0,-8.333333333333332,2,8,2026,1125.0,50.00000000000002,1200.0
sorghum,Njombe,2026-02-23,1200.0,1200.0,1100.0,1200.0,1100.0,100.0,-100.0,9.090909090909092,2,9,2026,1150.0,57.73502691896261,1200.0
sorghum,Njombe,2026-03-02,1200.0,1200.0,1200.0,1100.0,1200.0,0.0,100.0,0.0,3,10,2026,1175.0,50.000000000000014,1200.0
sorghum,Njombe,2026-03-09,1200.0,1200.0,1200.0,1200.0,1100.0,0.0,0.0,0.0,3,11,2026,1175.0,50.000000000000014,1200.0
sorghum,Njombe,2026-03-16,1200.0,1200.0,1200.0,1200.0,1200.0,0.0,0.0,0.0,3,12,2026,1200.0,0.0,1200.0
sorghum,Njombe,2026-03-23,1200.0,1200.0,1200.0,1200.0,1200.0,0.0,0.0,0.0,3,13,2026,1200.0,0.0,1200.0
sorghum,Njombe,2026-03-30,1200.0,1200.0,1200.0,1200.0,1200.0,0.0,0.0,0.0,3,14,2026,1200.0,0.0,1200.0
sorghum,Njombe,2026-04-06,1200.0,1200.0,1200.0,1200.0,1200.0,0.0,0.0,0.0,4,15,2026,1200.0,0.0,1200.0
sorghum,Njombe,2026-04-13,1200.0,1200.0,1200.0,1200.0,1200.0,0.0,0.0,0.0,4,16,2026,1200.0,0.0,1200.0
sorghum,Njombe,2026-04-20,1200.0,1200.0,1200.0,1200.0,1200.0,0.0,0.0,0.0,4,17,2026,1200.0,0.0,1200.0
sorghum,Njombe,2026-04-27,1200.0,1200.0,1200.0,1200.0,1200.0,0.0,0.0,0.0,4,18,2026,1200.0,0.0,1200.0
sorghum,Njombe,2026-05-11,,1200.0,1200.0,1200.0,1200.0,0.0,0.0,0.0,5,20,2026,1200.0,0.0,1300.0
sorghum,Pwani,2025-04-21,,1600.0,1600.0,1600.0,1600.0,0.0,0.0,0.0,4,17,2025,1600.0,0.0,1600.0
sorghum,Pwani,2025-05-26,1600.0,1600.0,1600.0,1600.0,1600.0,0.0,0.0,0.0,5,22,2025,1600.0,0.0,1600.0
sorghum,Pwani,2025-06-02,1600.0,1600.0,1600.0,1600.0,1600.0,0.0,0.0,0.0,6,23,2025,1600.0,0.0,1600.0
sorghum,Pwani,2025-06-09,1600.0,1600.0,1600.0,1600.0,1600.0,0.0,0.0,0.0,6,24,2025,1600.0,0.0,1600.0
sorghum,Pwani,2025-06-16,1600.0,1600.0,1600.0,1600.0,1600.0,0.0,0.0,0.0,6,25,2025,1600.0,0.0,1600.0
sorghum,Pwani,2025-08-11,,1600.0,1800.0,1900.0,2000.0,-200.0,-100.0,-11.11111111111111,8,33,2025,1825.0,170.78251276599332,2000.0
sorghum,Pwani,2025-09-15,2000.0,2000.0,2000.0,2000.0,2000.0,0.0,0.0,0.0,9,38,2025,2000.0,0.0,2000.0
sorghum,Pwani,2025-09-22,2000.0,2000.0,2000.0,2000.0,2000.0,0.0,0.0,0.0,9,39,2025,2000.0,0.0,2000.0
sorghum,Pwani,2025-09-29,2000.0,2000.0,2000.0,2000.0,2000.0,0.0,0.0,0.0,9,40,2025,2000.0,0.0,2000.0
sorghum,Pwani,2025-10-13,,2000.0,2000.0,2000.0,2000.0,0.0,0.0,0.0,10,42,2025,2000.0,0.0,2000.0
sorghum,Pwani,2026-02-23,,2000.0,2000.0,2000.0,2000.0,0.0,0.0,0.0,2,9,2026,2000.0,0.0,2000.0
sorghum,Shinyanga,2025-02-03,1400.0,1500.0,1500.0,1600.0,1500.0,0.0,-100.0,0.0,2,6,2025,1525.0,49.99999999999998,1500.0
sorghum,Shinyanga,2025-02-10,1500.0,1400.0,1500.0,1500.0,1600.0,-100.0,0.0,-6.666666666666667,2,7,2025,1500.0,81.64965809277257,1400.0
sorghum,Shinyanga,2025-02-24,,1400.0,1500.0,1400.0,1500.0,-100.0,100.0,-6.666666666666667,2,9,2025,1450.0,57.73502691896257,1500.0
sorghum,Shinyanga,2025-04-21,1400.0,1400.0,1400.0,1200.0,1600.0,0.0,200.0,0.0,4,17,2025,1400.0,163.29931618554522,1400.0
sorghum,Shinyanga,2025-04-28,1400.0,1400.0,1400.0,1400.0,1200.0,0.0,0.0,0.0,4,18,2025,1350.0,99.99999999999997,1400.0
sorghum,Shinyanga,2025-05-05,1400.0,1400.0,1400.0,1400.0,1400.0,0.0,0.0,0.0,5,19,2025,1400.0,0.0,1400.0
sorghum,Shinyanga,2025-05-12,1400.0,1400.0,1400.0,1400.0,1400.0,0.0,0.0,0.0,5,20,2025,1400.0,0.0,1500.0
sorghum,Shinyanga,2025-05-19,1500.0,1400.0,1400.0,1400.0,1400.0,0.0,0.0,0.0,5,21,2025,1400.0,0.0,1500.0
sorghum,Shinyanga,2025-05-26,1500.0,1500.0,1400.0,1400.0,1400.0,100.0,0.0,7.142857142857142,5,22,2025,1425.0,50.0,1500.0
sorghum,Shinyanga,2025-06-02,1500.0,1500.0,1500.0,1400.0,1400.0,0.0,100.0,0.0,6,23,2025,1450.0,57.735026918962596,1600.0
sorghum,Shinyanga,2025-06-09,1600.0,1500.0,1500.0,1500.0,1400.0,0.0,0.0,0.0,6,24,2025,1475.0,49.99999999999999,1600.0
sorghum,Shinyanga,2025-06-16,1600.0,1600.0,1500.0,1500.0,1500.0,100.0,0.0,6.666666666666667,6,25,2025,1525.0,50.0,1600.0
sorghum,Shinyanga,2025-06-30,,1600.0,1600.0,1600.0,1500.0,0.0,0.0,0.0,6,27,2025,1575.0,49.99999999999999,1500.0
sorghum,Shinyanga,2025-08-04,1400.0,1400.0,1400.0,1400.0,1500.0,0.0,0.0,0.0,8,32,2025,1425.0,50.000000000000014,1600.0
sorghum,Shinyanga,2025-08-11,1600.0,1400.0,1400.0,1400.0,1400.0,0.0,0.0,0.0,8,33,2025,1400.0,0.0,1600.0
sorghum,Shinyanga,2025-08-18,1600.0,1600.0,1400.0,1400.0,1400.0,200.0,0.0,14.285714285714285,8,34,2025,1450.0,100.0,1600.0
sorghum,Shinyanga,2025-08-25,1600.0,1600.0,1600.0,1400.0,1400.0,0.0,200.0,0.0,8,35,2025,1500.0,115.47005383792514,1600.0
sorghum,Shinyanga,2025-09-01,1600.0,1600.0,1600.0,1600.0,1400.0,0.0,0.0,0.0,9,36,2025,1550.0,99.99999999999999,1600.0
sorghum,Shinyanga,2025-09-08,1600.0,1600.0,1600.0,1600.0,1600.0,0.0,0.0,0.0,9,37,2025,1600.0,0.0,1800.0
sorghum,Shinyanga,2025-09-15,1800.0,1600.0,1600.0,1600.0,1600.0,0.0,0.0,0.0,9,38,2025,1600.0,0.0,1600.0
sorghum,Shinyanga,2025-09-22,1600.0,1800.0,1600.0,1600.0,1600.0,200.0,0.0,12.5,9,39,2025,1650.0,100.0,1600.0
sorghum,Shinyanga,2025-09-29,1600.0,1600.0,1800.0,1600.0,1600.0,-200.0,200.0,-11.11111111111111,9,40,2025,1650.0,100.0,1600.0
sorghum,Shinyanga,2025-10-13,,1600.0,1600.0,1600.0,1800.0,0.0,0.0,0.0,10,42,2025,1650.0,100.0,1800.0
sorghum,Shinyanga,2025-12-08,1500.0,1600.0,1600.0,1500.0,1600.0,0.0,100.0,0.0,12,50,2025,1575.0,49.99999999999998,1600.0
sorghum,Shinyanga,2025-12-22,,1600.0,1500.0,1600.0,1600.0,100.0,-100.0,6.666666666666667,12,52,2025,1575.0,49.99999999999998,1800.0
sorghum,Shinyanga,2026-02-16,1900.0,1800.0,1900.0,1900.0,1900.0,-100.0,0.0,-5.263157894736842,2,8,2026,1875.0,50.0,1900.0
sorghum,Shinyanga,2026-02-23,1900.0,1900.0,1800.0,1900.0,1900.0,100.0,-100.0,5.555555555555555,2,9,2026,1875.0,50.0,1900.0
sorghum,Shinyanga,2026-03-02,1900.0,1900.0,1900.0,1800.0,1900.0,0.0,100.0,0.0,3,10,2026,1875.0,50.0,1600.0
sorghum,Shinyanga,2026-03-09,1600.0,1900.0,1900.0,1900.0,1800.0,0.0,0.0,0.0,3,11,2026,1875.0,50.0,1900.0
sorghum,Shinyanga,2026-03-16,1900.0,1600.0,1900.0,1900.0,1900.0,-300.0,0.0,-15.789473684210526,3,12,2026,1825.0,150.0,1900.0
sorghum,Shinyanga,2026-03-23,1900.0,1900.0,1600.0,1900.0,1900.0,300.0,-300.0,18.75,3,13,2026,1825.0,150.0,1800.0
sorghum,Shinyanga,2026-03-30,1800.0,1900.0,1900.0,1600.0,1900.0,0.0,300.0,0.0,3,14,2026,1825.0,150.0,1800.0
sorghum,Shinyanga,2026-04-06,1800.0,1800.0,1900.0,1900.0,1600.0,-100.0,0.0,-5.263157894736842,4,15,2026,1800.0,141.4213562373095,1700.0
sorghum,Shinyanga,2026-04-13,1700.0,1800.0,1800.0,1900.0,1900.0,0.0,-100.0,0.0,4,16,2026,1850.0,57.73502691896254,1800.0
sorghum,Shinyanga,2026-04-20,1800.0,1700.0,1800.0,1800.0,1900.0,-100.0,0.0,-5.555555555555555,4,17,2026,1800.0,81.64965809277255,1800.0
sorghum,Shinyanga,2026-04-27,1800.0,1800.0,1700.0,1800.0,1800.0,100.0,-100.0,5.88235294117647,4,18,2026,1775.0,49.999999999999936,1500.0
sorghum,Shinyanga,2026-05-04,1500.0,1800.0,1800.0,1700.0,1800.0,0.0,100.0,0.0,5,19,2026,1775.0,49.999999999999936,1600.0
sorghum,Shinyanga,2026-05-11,1600.0,1500.0,1800.0,1800.0,1700.0,-300.0,0.0,-16.666666666666664,5,20,2026,1700.0,141.4213562373095,1500.0
sorghum,Shinyanga,2026-05-18,1500.0,1600.0,1500.0,1800.0,1800.0,100.0,-300.0,6.666666666666667,5,21,2026,1675.0,150.0,1500.0
sorghum,Shinyanga,2026-05-25,1500.0,1500.0,1600.0,1500.0,1800.0,-100.0,100.0,-6.25,5,22,2026,1600.0,141.42135623730948,1500.0
sorghum,Shinyanga,2026-06-01,1500.0,1500.0,1500.0,1600.0,1500.0,0.0,-100.0,0.0,6,23,2026,1525.0,49.999999999999886,1800.0
sorghum,Shinyanga,2026-06-08,1800.0,1500.0,1500.0,1500.0,1600.0,0.0,0.0,0.0,6,24,2026,1525.0,49.999999999999886,1800.0
sorghum,Shinyanga,2026-06-15,1800.0,1800.0,1500.0,1500.0,1500.0,300.0,0.0,20.0,6,25,2026,1575.0,150.0,1500.0
sorghum,Simiyu,2025-02-10,,1900.0,1900.0,1900.0,1900.0,0.0,0.0,0.0,2,7,2025,1900.0,0.0,1900.0
sorghum,Simiyu,2025-04-21,1900.0,1900.0,2000.0,1900.0,1900.0,-100.0,100.0,-5.0,4,17,2025,1925.0,50.00000000000002,1900.0
sorghum,Simiyu,2025-05-05,,1900.0,1900.0,1900.0,2000.0,0.0,0.0,0.0,5,19,2025,1925.0,50.00000000000002,500.0
sorghum,Simiyu,2025-06-09,1900.0,1900.0,700.0,600.0,500.0,1200.0,100.0,171.42857142857142,6,24,2025,925.0,655.1081335677848,1900.0
sorghum,Simiyu,2025-06-16,1900.0,1900.0,1900.0,700.0,600.0,0.0,1200.0,0.0,6,25,2025,1275.0,722.8416147400479,1900.0
sorghum,Simiyu,2025-06-30,,1900.0,1900.0,1900.0,1900.0,0.0,0.0,0.0,6,27,2025,1900.0,0.0,1900.0
sorghum,Simiyu,2025-08-04,1900.0,1900.0,1900.0,1900.0,1900.0,0.0,0.0,0.0,8,32,2025,1900.0,0.0,1900.0
sorghum,Simiyu,2025-08-11,1900.0,1900.0,1900.0,1900.0,1900.0,0.0,0.0,0.0,8,33,2025,1900.0,0.0,1900.0
sorghum,Simiyu,2025-08-18,1900.0,1900.0,1900.0,1900.0,1900.0,0.0,0.0,0.0,8,34,2025,1900.0,0.0,1900.0
sorghum,Simiyu,2025-08-25,1900.0,1900.0,1900.0,1900.0,1900.0,0.0,0.0,0.0,8,35,2025,1900.0,0.0,1900.0
sorghum,Simiyu,2025-09-01,1900.0,1900.0,1900.0,1900.0,1900.0,0.0,0.0,0.0,9,36,2025,1900.0,0.0,1900.0
sorghum,Simiyu,2025-09-15,,1900.0,1900.0,1900.0,1900.0,0.0,0.0,0.0,9,38,2025,1900.0,0.0,1900.0
sorghum,Simiyu,2025-12-08,2300.0,2100.0,1900.0,1900.0,1900.0,200.0,0.0,10.526315789473683,12,50,2025,1950.0,100.0,2300.0
sorghum,Simiyu,2025-12-22,,2300.0,2300.0,2100.0,1900.0,0.0,200.0,0.0,12,52,2025,2150.0,191.4854215512676,2300.0
sorghum,Simiyu,2026-02-16,2300.0,2300.0,2300.0,2300.0,2300.0,0.0,0.0,0.0,2,8,2026,2300.0,0.0,2200.0
sorghum,Simiyu,2026-02-23,2200.0,2300.0,2300.0,2300.0,2300.0,0.0,0.0,0.0,2,9,2026,2300.0,0.0,2300.0
sorghum,Simiyu,2026-03-02,2300.0,2200.0,2300.0,2300.0,2300.0,-100.0,0.0,-4.3478260869565215,3,10,2026,2275.0,50.0,2300.0
sorghum,Simiyu,2026-03-09,2300.0,2300.0,2200.0,2300.0,2300.0,100.0,-100.0,4.545454545454546,3,11,2026,2275.0,50.0,2300.0
sorghum,Simiyu,2026-03-23,,2300.0,2300.0,2300.0,2200.0,0.0,0.0,0.0,3,13,2026,2275.0,50.0,2300.0
sorghum,Simiyu,2026-04-27,2300.0,2300.0,2300.0,2300.0,2300.0,0.0,0.0,0.0,4,18,2026,2300.0,0.0,2300.0
sorghum,Simiyu,2026-05-04,2300.0,2300.0,2300.0,2300.0,2300.0,0.0,0.0,0.0,5,19,2026,2300.0,0.0,2300.0
sorghum,Simiyu,2026-05-11,2300.0,2300.0,2300.0,2300.0,2300.0,0.0,0.0,0.0,5,20,2026,2300.0,0.0,2300.0
sorghum,Simiyu,2026-05-18,2300.0,2300.0,2300.0,2300.0,2300.0,0.0,0.0,0.0,5,21,2026,2300.0,0.0,2300.0
sorghum,Simiyu,2026-05-25,2300.0,2300.0,2300.0,2300.0,2300.0,0.0,0.0,0.0,5,22,2026,2300.0,0.0,2300.0
sorghum,Simiyu,2026-06-01,2300.0,2300.0,2300.0,2300.0,2300.0,0.0,0.0,0.0,6,23,2026,2300.0,0.0,2300.0
sorghum,Simiyu,2026-06-15,,2300.0,2300.0,2300.0,2300.0,0.0,0.0,0.0,6,25,2026,2300.0,0.0,2300.0
sorghum,Singida,2025-04-21,900.0,900.0,1000.0,1000.0,900.0,-100.0,0.0,-10.0,4,17,2025,950.0,57.735026918962575,900.0
sorghum,Singida,2025-04-28,900.0,900.0,900.0,1000.0,1000.0,0.0,-100.0,0.0,4,18,2025,950.0,57.735026918962575,800.0
sorghum,Singida,2025-05-05,800.0,900.0,900.0,900.0,1000.0,0.0,0.0,0.0,5,19,2025,925.0,50.00000000000001,900.0
sorghum,Singida,2025-05-12,900.0,800.0,900.0,900.0,900.0,-100.0,0.0,-11.11111111111111,5,20,2025,875.0,50.0,1000.0
sorghum,Singida,2025-05-19,1000.0,900.0,800.0,900.0,900.0,100.0,-100.0,12.5,5,21,2025,875.0,50.0,1100.0
sorghum,Singida,2025-05-26,1100.0,1000.0,900.0,800.0,900.0,100.0,100.0,11.11111111111111,5,22,2025,900.0,81.64965809277261,1000.0
sorghum,Singida,2025-06-02,1000.0,1100.0,1000.0,900.0,800.0,100.0,100.0,10.0,6,23,2025,950.0,129.09944487358058,1200.0
sorghum,Singida,2025-06-09,1200.0,1000.0,1100.0,1000.0,900.0,-100.0,100.0,-9.090909090909092,6,24,2025,1000.0,81.64965809277261,1200.0
sorghum,Singida,2025-06-16,1200.0,1200.0,1000.0,1100.0,1000.0,200.0,-100.0,20.0,6,25,2025,1075.0,95.74271077563385,1100.0
sorghum,Singida,2025-09-15,,700.0,600.0,500.0,500.0,100.0,100.0,16.666666666666664,9,38,2025,575.0,95.7427107756338,1100.0
sorghum,Singida,2026-06-08,,1500.0,1300.0,1600.0,1100.0,200.0,-300.0,15.384615384615385,6,24,2026,1375.0,221.7355782608345,900.0
sorghum,Tabora,2025-06-16,,1800.0,1900.0,1800.0,1800.0,-100.0,100.0,-5.263157894736842,6,25,2025,1825.0,50.00000000000002,1800.0
sorghum,Tabora,2025-09-22,,1800.0,1800.0,1700.0,1700.0,0.0,100.0,0.0,9,39,2025,1750.0,57.73502691896261,1900.0
sorghum,Tabora,2026-02-16,1900.0,1900.0,1900.0,1900.0,1900.0,0.0,0.0,0.0,2,8,2026,1900.0,0.0,1800.0
sorghum,Tabora,2026-02-23,1800.0,1900.0,1900.0,1900.0,1900.0,0.0,0.0,0.0,2,9,2026,1900.0,0.0,1900.0
sorghum,Tabora,2026-03-02,1900.0,1800.0,1900.0,1900.0,1900.0,-100.0,0.0,-5.263157894736842,3,10,2026,1875.0,50.0,1900.0
sorghum,Tabora,2026-03-09,1900.0,1900.0,1800.0,1900.0,1900.0,100.0,-100.0,5.555555555555555,3,11,2026,1875.0,50.0,1900.0
sorghum,Tabora,2026-03-16,1900.0,1900.0,1900.0,1800.0,1900.0,0.0,100.0,0.0,3,12,2026,1875.0,50.0,1900.0
sorghum,Tabora,2026-03-23,1900.0,1900.0,1900.0,1900.0,1800.0,0.0,0.0,0.0,3,13,2026,1875.0,50.0,1900.0
sorghum,Tabora,2026-03-30,1900.0,1900.0,1900.0,1900.0,1900.0,0.0,0.0,0.0,3,14,2026,1900.0,0.0,1900.0
sorghum,Tabora,2026-04-06,1900.0,1900.0,1900.0,1900.0,1900.0,0.0,0.0,0.0,4,15,2026,1900.0,0.0,1900.0
sorghum,Tabora,2026-04-13,1900.0,1900.0,1900.0,1900.0,1900.0,0.0,0.0,0.0,4,16,2026,1900.0,0.0,1900.0
sorghum,Tabora,2026-04-20,1900.0,1900.0,1900.0,1900.0,1900.0,0.0,0.0,0.0,4,17,2026,1900.0,0.0,1900.0
sorghum,Tabora,2026-04-27,1900.0,1900.0,1900.0,1900.0,1900.0,0.0,0.0,0.0,4,18,2026,1900.0,0.0,1900.0
sorghum,Tabora,2026-05-04,1900.0,1900.0,1900.0,1900.0,1900.0,0.0,0.0,0.0,5,19,2026,1900.0,0.0,1900.0
sorghum,Tabora,2026-05-11,1900.0,1900.0,1900.0,1900.0,1900.0,0.0,0.0,0.0,5,20,2026,1900.0,0.0,1900.0
sorghum,Tabora,2026-05-18,1900.0,1900.0,1900.0,1900.0,1900.0,0.0,0.0,0.0,5,21,2026,1900.0,0.0,1900.0
sorghum,Tabora,2026-05-25,1900.0,1900.0,1900.0,1900.0,1900.0,0.0,0.0,0.0,5,22,2026,1900.0,0.0,1900.0
sorghum,Tabora,2026-06-01,1900.0,1900.0,1900.0,1900.0,1900.0,0.0,0.0,0.0,6,23,2026,1900.0,0.0,1900.0
sorghum,Tabora,2026-06-15,,1900.0,1900.0,1900.0,1900.0,0.0,0.0,0.0,6,25,2026,1900.0,0.0,1900.0
sorghum,Tanga,2026-02-16,,2300.0,2300.0,2300.0,2300.0,0.0,0.0,0.0,2,8,2026,2300.0,0.0,2300.0
sorghum,Tanga,2026-03-23,1400.0,1400.0,2300.0,2300.0,2300.0,-900.0,0.0,-39.130434782608695,3,13,2026,2075.0,450.0,1400.0
sorghum,Tanga,2026-03-30,1400.0,1400.0,1400.0,2300.0,2300.0,0.0,-900.0,0.0,3,14,2026,1850.0,519.6152422706632,1400.0
sorghum,Tanga,2026-04-06,1400.0,1400.0,1400.0,1400.0,2300.0,0.0,0.0,0.0,4,15,2026,1625.0,450.0,1600.0
sorghum,Tanga,2026-04-13,1600.0,1400.0,1400.0,1400.0,1400.0,0.0,0.0,0.0,4,16,2026,1400.0,0.0,1300.0
sorghum,Tanga,2026-04-20,1300.0,1600.0,1400.0,1400.0,1400.0,200.0,0.0,14.285714285714285,4,17,2026,1450.0,100.0,1300.0
sorghum,Tanga,2026-04-27,1300.0,1300.0,1600.0,1400.0,1400.0,-300.0,200.0,-18.75,4,18,2026,1425.0,125.83057392117917,1300.0
sorghum,Tanga,2026-05-04,1300.0,1300.0,1300.0,1600.0,1400.0,0.0,-300.0,0.0,5,19,2026,1400.0,141.4213562373095,1200.0
sorghum,Tanga,2026-05-11,1200.0,1300.0,1300.0,1300.0,1600.0,0.0,0.0,0.0,5,20,2026,1375.0,150.0,1200.0
sorghum,Tanga,2026-05-18,1200.0,1200.0,1300.0,1300.0,1300.0,-100.0,0.0,-7.6923076923076925,5,21,2026,1275.0,50.0,1200.0
sorghum,Tanga,2026-05-25,1200.0,1200.0,1200.0,1300.0,1300.0,0.0,-100.0,0.0,5,22,2026,1250.0,57.735026918962596,1200.0
sorghum,Tanga,2026-06-01,1200.0,1200.0,1200.0,1200.0,1300.0,0.0,0.0,0.0,6,23,2026,1225.0,49.99999999999999,1200.0
sorghum,Tanga,2026-06-08,1200.0,1200.0,1200.0,1200.0,1200.0,0.0,0.0,0.0,6,24,2026,1200.0,0.0,1200.0
sorghum,Tanga,2026-06-15,1200.0,1200.0,1200.0,1200.0,1200.0,0.0,0.0,0.0,6,25,2026,1200.0,0.0,1200.0
